date,price_usd
2015-08-08,1.19999
2015-08-09,1.19999
2015-08-10,1.19999
2015-08-11,0.99
2015-08-12,1.288
2015-08-13,1.8848
2015-08-14,1.79504416247808
2015-08-15,1.78222244301578
2015-08-16,1.53307377556984
2015-08-17,1.29638
2015-08-18,1.08418656925774
2015-08-19,1.24
2015-08-20,1.5218
2015-08-21,1.43588
2015-08-22,1.4
2015-08-23,1.35
2015-08-24,1.23804
2015-08-25,1.27119
2015-08-26,1.18
2015-08-27,1.13646
2015-08-28,1.295
2015-08-29,1.179
2015-08-30,1.32
2015-08-31,1.30651
2015-09-01,1.36
2015-09-02,1.30828087083577
2015-09-03,1.23357
2015-09-04,1.23357
2015-09-05,1.36287107188779
2015-09-06,1.34
2015-09-07,1.27561
2015-09-08,1.26349378725891
2015-09-09,1.21
2015-09-10,1.1857
2015-09-11,0.927715708357686
2015-09-12,1.14639
2015-09-13,0.88557
2015-09-14,0.955
2015-09-15,0.95
2015-09-16,0.93634
2015-09-17,0.875
2015-09-18,0.85226
2015-09-19,0.883689479836353
2015-09-20,0.94116
2015-09-21,0.94116
2015-09-22,0.80588
2015-09-23,0.91
2015-09-24,0.8
2015-09-25,0.68233
2015-09-26,0.77032
2015-09-27,0.700769905318527
2015-09-28,0.604208065458796
2015-09-29,0.68163
2015-09-30,0.713644313851549
2015-10-01,0.654722555230859
2015-10-02,0.66467
2015-10-03,0.6796
2015-10-04,0.60954
2015-10-05,0.60777
2015-10-06,0.65114
2015-10-07,0.6
2015-10-08,0.633798841028638
2015-10-09,0.635190847457627
2015-10-10,0.635190847457627
2015-10-11,0.59931
2015-10-12,0.63
2015-10-13,0.601639343658679
2015-10-14,0.483236302162478
2015-10-15,0.559861985973115
2015-10-16,0.525
2015-10-17,0.52299
2015-10-18,0.505
2015-10-19,0.499479725306838
2015-10-20,0.440034716540035
2015-10-21,0.42
2015-10-22,0.546183513734658
2015-10-23,0.56491
2015-10-24,0.55606
2015-10-25,0.624364857977791
2015-10-26,0.700519544126242
2015-10-27,0.83
2015-10-28,0.99
2015-10-29,1.17940672121566
2015-10-30,1.12067336586791
2015-10-31,0.889342571595558
2015-11-01,0.99
2015-11-02,0.9878
2015-11-03,1.04736265341905
2015-11-04,0.799
2015-11-05,0.87638
2015-11-06,0.959652834599649
2015-11-07,0.911850192869667
2015-11-08,1
2015-11-09,0.998
2015-11-10,0.901914669783752
2015-11-11,0.750047340736411
2015-11-12,0.88
2015-11-13,0.89998421975453
2015-11-14,0.88
2015-11-15,0.91
2015-11-16,0.914427235534775
2015-11-17,0.999284628872005
2015-11-18,0.996753607247224
2015-11-19,0.94
2015-11-20,0.92
2015-11-21,0.96
2015-11-22,0.97
2015-11-23,0.92
2015-11-24,0.910014781998831
2015-11-25,0.87
2015-11-26,0.858832719462303
2015-11-27,0.88
2015-11-28,0.907557786090006
2015-11-29,0.87
2015-11-30,0.88
2015-12-01,0.863293395675044
2015-12-02,0.82
2015-12-03,0.83
2015-12-04,0.84
2015-12-05,0.86993
2015-12-06,0.82499
2015-12-07,0.78994398012858
2015-12-08,0.79461
2015-12-09,0.80511
2015-12-10,0.84374
2015-12-11,0.899800105201637
2015-12-12,0.96
2015-12-13,0.91994
2015-12-14,0.99
2015-12-15,1
2015-12-16,0.8671
2015-12-17,0.94
2015-12-18,0.9
2015-12-19,0.893520944476914
2015-12-20,0.96
2015-12-21,0.91
2015-12-22,0.88
2015-12-23,0.87093
2015-12-24,0.87
2015-12-25,0.865924904734074
2015-12-26,0.853
2015-12-27,0.86893
2015-12-28,0.842445938047925
2015-12-29,0.86
2015-12-30,0.896515517241379
2015-12-31,0.94884
2016-01-01,0.92037
2016-01-02,0.94999
2016-01-03,0.957062928112215
2016-01-04,0.95
2016-01-05,0.9426
2016-01-06,0.95
2016-01-07,0.939947483343074
2016-01-08,0.985
2016-01-09,0.969910045587376
2016-01-10,1
2016-01-11,1.07090673290473
2016-01-12,1.17745
2016-01-13,1.13743
2016-01-14,1.16592069608416
2016-01-15,1.29089104734074
2016-01-16,1.21179
2016-01-17,1.31093687901812
2016-01-18,1.46624418176505
2016-01-19,1.35304659848042
2016-01-20,1.45662153009936
2016-01-21,1.49593
2016-01-22,1.52
2016-01-23,2.01225053594389
2016-01-24,2.1013847849211
2016-01-25,2.53372158971362
2016-01-26,2.38058670368206
2016-01-27,2.40130981823495
2016-01-28,2.54645331911163
2016-01-29,2.48763545119813
2016-01-30,2.44067
2016-01-31,2.24267177966102
2016-02-01,2.16739736703682
2016-02-02,2.44653
2016-02-03,2.53
2016-02-04,2.55007
2016-02-05,2.56451
2016-02-06,2.54902
2016-02-07,2.89807110052601
2016-02-08,3.18377219345412
2016-02-09,3.89347676504968
2016-02-10,4.37768284453536
2016-02-11,5.87194032261835
2016-02-12,5.47040384395091
2016-02-13,5.21879062419638
2016-02-14,5.15584398305085
2016-02-15,5.15268737580363
2016-02-16,4.26236679544126
2016-02-17,3.81098028872005
2016-02-18,4.366827735827
2016-02-19,4.58564058328463
2016-02-20,4.35048920105202
2016-02-21,4.62442860549386
2016-02-22,5.59370853594389
2016-02-23,5.60993619696084
2016-02-24,6.23428100935126
2016-02-25,6.07227434482759
2016-02-26,5.87555043717125
2016-02-27,6.31073388778492
2016-02-28,6.49883606838106
2016-02-29,6.33325343074226
2016-03-01,7.52637569959088
2016-03-02,8.51878790765634
2016-03-03,9.28491024430157
2016-03-04,9.97869814319112
2016-03-05,10.7510062758621
2016-03-06,10.9844067209234
2016-03-07,9.47688401578024
2016-03-08,9.7728496277031
2016-03-09,11.8170986516657
2016-03-10,11.1656511233197
2016-03-11,11.122905396844
2016-03-12,13.283658818235
2016-03-13,14.3400544862653
2016-03-14,12.311385849211
2016-03-15,13.0422990222092
2016-03-16,12.7028209514904
2016-03-17,11.0503306107539
2016-03-18,10.8461398468732
2016-03-19,10.5016330590298
2016-03-20,10.2405717878434
2016-03-21,11.8347655233781
2016-03-22,11.2960089403857
2016-03-23,12.4052275651666
2016-03-24,11.167820943308
2016-03-25,10.6561121274109
2016-03-26,11.0021322945646
2016-03-27,10.3864397071888
2016-03-28,11.6568222752776
2016-03-29,11.6889505213326
2016-03-30,11.8662580976037
2016-03-31,11.3805020005845
2016-04-01,11.634682565751
2016-04-02,11.6253264757452
2016-04-03,11.6097399362946
2016-04-04,11.1254464348334
2016-04-05,10.4364448877849
2016-04-06,10.7240740794857
2016-04-07,10.0923154412624
2016-04-08,9.71449246171829
2016-04-09,9.10883037872589
2016-04-10,8.87182292402104
2016-04-11,8.69525671537113
2016-04-12,7.4949641735827
2016-04-13,8.04542446054939
2016-04-14,8.45583827527761
2016-04-15,8.21057201344243
2016-04-16,8.57401139099942
2016-04-17,9.33850245178258
2016-04-18,8.98708852425482
2016-04-19,8.74754864932788
2016-04-20,8.50508721332554
2016-04-21,8.15181716540035
2016-04-22,7.90673911747516
2016-04-23,8.41247736469901
2016-04-24,8.00785114552893
2016-04-25,7.51964895265927
2016-04-26,7.43243647223846
2016-04-27,7.79292508533022
2016-04-28,7.25401684395091
2016-04-29,7.4498408755114
2016-04-30,8.81711589421391
2016-05-01,8.77974883343074
2016-05-02,10.0712527831677
2016-05-03,9.36254626475746
2016-05-04,9.37736405669199
2016-05-05,9.76751992986558
2016-05-06,9.37613761835184
2016-05-07,9.38955362945646
2016-05-08,9.50255639976622
2016-05-09,9.35556831794272
2016-05-10,9.39206859146698
2016-05-11,9.93194304792519
2016-05-12,10.0866100637054
2016-05-13,10.6019870642899
2016-05-14,10.2316977346581
2016-05-15,9.98070815254237
2016-05-16,11.114176936879
2016-05-17,12.1861296873174
2016-05-18,13.3669491794272
2016-05-19,14.4955469053185
2016-05-20,13.6553194693162
2016-05-21,14.0069761648159
2016-05-22,14.2251007592051
2016-05-23,13.3380535230859
2016-05-24,12.7534579099942
2016-05-25,12.5230016165985
2016-05-26,12.5269520222092
2016-05-27,11.2072346171829
2016-05-28,11.8741358088837
2016-05-29,12.382008962595
2016-05-30,12.6808595523086
2016-05-31,14.0467417369959
2016-06-01,13.9132192115722
2016-06-02,13.8279425201636
2016-06-03,13.8905734938632
2016-06-04,13.7240073641146
2016-06-05,13.932690873758
2016-06-06,13.9915409222677
2016-06-07,14.5364203635301
2016-06-08,14.5036702378726
2016-06-09,14.4792054728229
2016-06-10,13.9494789590883
2016-06-11,14.2295804792519
2016-06-12,15.7741600157802
2016-06-13,17.6730242136178
2016-06-14,18.7374935756867
2016-06-15,18.4093292127411
2016-06-16,20.728866373758
2016-06-17,15.4545176265342
2016-06-18,11.2595861858562
2016-06-19,12.3184533749269
2016-06-20,11.6931481367621
2016-06-21,13.0507380344828
2016-06-22,13.2261549602572
2016-06-23,13.7982121712449
2016-06-24,14.3846063056692
2016-06-25,14.348954899474
2016-06-26,13.8508364576271
2016-06-27,14.0692094097019
2016-06-28,12.1880433097604
2016-06-29,12.7123285505552
2016-06-30,12.4567760923437
2016-07-01,12.2765263693746
2016-07-02,12.1115057475161
2016-07-03,11.808243704851
2016-07-04,11.4185644190532
2016-07-05,10.5196850140269
2016-07-06,10.5590482302747
2016-07-07,10.1132561992987
2016-07-08,11.3497097738165
2016-07-09,10.9529740350672
2016-07-10,10.9615454120397
2016-07-11,10.5665038094681
2016-07-12,10.5533483343074
2016-07-13,10.4472725622443
2016-07-14,11.5363697253068
2016-07-15,11.9935055680888
2016-07-16,11.7186658790181
2016-07-17,11.256689301578
2016-07-18,11.082677006429
2016-07-19,11.6756251139684
2016-07-20,12.5035100672122
2016-07-21,12.7455916423144
2016-07-22,14.824882893045
2016-07-23,14.4444565990649
2016-07-24,12.7206305338983
2016-07-25,13.8402949456458
2016-07-26,11.9632849389246
2016-07-27,13.0615638901227
2016-07-28,12.8882031560491
2016-07-29,12.8780128211572
2016-07-30,12.5187606575102
2016-07-31,11.9461159415546
2016-08-01,11.0070294517826
2016-08-02,8.35610662244301
2016-08-03,10.5420244903565
2016-08-04,11.2604717407949
2016-08-05,11.1665537159556
2016-08-06,10.9901114880187
2016-08-07,11.0233006756283
2016-08-08,11.3098848924605
2016-08-09,12.3070738457043
2016-08-10,12.094597383986
2016-08-11,11.7053606078317
2016-08-12,11.7980366867329
2016-08-13,11.5771173313852
2016-08-14,11.2605888357686
2016-08-15,11.1594932787843
2016-08-16,11.1599375049679
2016-08-17,10.8013383448276
2016-08-18,10.7569965517241
2016-08-19,10.7463138515488
2016-08-20,11.2954566779661
2016-08-21,11.1615502969024
2016-08-22,11.0871430450029
2016-08-23,10.9988015020456
2016-08-24,11.0160879602572
2016-08-25,11.3389093699591
2016-08-26,11.2794702279369
2016-08-27,11.1837917556984
2016-08-28,11.0071141431911
2016-08-29,10.9581454997078
2016-08-30,11.2509861542957
2016-08-31,11.6065258129749
2016-09-01,12.1157511525424
2016-09-02,12.1418857457627
2016-09-03,11.8944626241964
2016-09-04,11.7517066943308
2016-09-05,11.7740570724722
2016-09-06,11.7258868883694
2016-09-07,11.586400940678
2016-09-08,11.4100041174752
2016-09-09,11.6603326066628
2016-09-10,12.1512841496201
2016-09-11,11.6625664564582
2016-09-12,11.9029244231444
2016-09-13,11.9358937463472
2016-09-14,11.9219326843951
2016-09-15,11.9770412472238
2016-09-16,12.6065540923437
2016-09-17,12.8097695207481
2016-09-18,12.4434286271186
2016-09-19,13.0277880993571
2016-09-20,14.7165246510812
2016-09-21,13.7703979170076
2016-09-22,13.1966770894214
2016-09-23,13.3695272238457
2016-09-24,12.9613744593805
2016-09-25,13.085549912332
2016-09-26,12.862145917592
2016-09-27,13.0980911209819
2016-09-28,13.3183411092928
2016-09-29,13.133496025716
2016-09-30,13.2596977603741
2016-10-01,13.2374148895383
2016-10-02,13.2839713617767
2016-10-03,13.5005305698422
2016-10-04,13.3260360841613
2016-10-05,13.0834668217417
2016-10-06,12.8729818819404
2016-10-07,12.6904481753361
2016-10-08,12.2435036364699
2016-10-09,12.0857872589129
2016-10-10,11.7732482127411
2016-10-11,11.7647782507306
2016-10-12,11.8266073921683
2016-10-13,11.9585693606078
2016-10-14,11.9049818819404
2016-10-15,11.957119257744
2016-10-16,11.96180171128
2016-10-17,11.9689210987727
2016-10-18,12.5500731595558
2016-10-19,11.9925057539451
2016-10-20,12.0624716101695
2016-10-21,12.0819085330216
2016-10-22,12.043858585038
2016-10-23,11.9570144576271
2016-10-24,11.9264431618936
2016-10-25,11.3266441046172
2016-10-26,11.4940479836353
2016-10-27,11.4758968591467
2016-10-28,11.1283608649912
2016-10-29,10.4133396382233
2016-10-30,11.2365086464056
2016-10-31,10.976982628872
2016-11-01,10.8072025587376
2016-11-02,10.8340809251899
2016-11-03,10.8688609450614
2016-11-04,11.1541980824079
2016-11-05,11.1425230835769
2016-11-06,10.9939136177674
2016-11-07,10.9156866861485
2016-11-08,10.8588094389246
2016-11-09,10.6574666475745
2016-11-10,10.5204114956166
2016-11-11,10.290054452367
2016-11-12,9.88841032670953
2016-11-13,10.1176767387493
2016-11-14,10.0172283571011
2016-11-15,10.2417277703098
2016-11-16,10.0225825832846
2016-11-17,9.93872796025716
2016-11-18,9.51819493395675
2016-11-19,9.7004858679135
2016-11-20,9.58891222559906
2016-11-21,9.53756317708942
2016-11-22,9.85380703156049
2016-11-23,9.79015008942139
2016-11-24,9.22138124488603
2016-11-25,9.41386307305669
2016-11-26,9.31205627118644
2016-11-27,8.91463851198129
2016-11-28,8.68169444944477
2016-11-29,8.16833660783168
2016-11-30,8.60721732904734
2016-12-01,8.45638715955582
2016-12-02,7.67124288720047
2016-12-03,7.89398178550555
2016-12-04,7.47449172238457
2016-12-05,6.73351910169491
2016-12-06,7.7770034289889
2016-12-07,8.35538933781414
2016-12-08,8.26426946493279
2016-12-09,8.49242592811222
2016-12-10,8.12186280713033
2016-12-11,8.2296987445938
2016-12-12,8.52116493980129
2016-12-13,8.41006104558737
2016-12-14,8.239893685564
2016-12-15,7.81254800701344
2016-12-16,7.8575081987142
2016-12-17,7.79680409760374
2016-12-18,7.90739229719462
2016-12-19,7.60991483635301
2016-12-20,7.62558996580947
2016-12-21,7.88992567153711
2016-12-22,7.58389207481006
2016-12-23,7.16697962127411
2016-12-24,7.24266080187025
2016-12-25,7.20134819403857
2016-12-26,7.24033197545295
2016-12-27,7.15374168614845
2016-12-28,7.62361589012274
2016-12-29,8.30259408708358
2016-12-30,8.21893582700175
2016-12-31,8.12632962185856
2017-01-01,8.17785176797195
2017-01-02,8.3784564868498
2017-01-03,9.69747177030976
2017-01-04,11.0686323909994
2017-01-05,10.2247939114553
2017-01-06,10.1258320169492
2017-01-07,9.92474459380479
2017-01-08,10.4385973290473
2017-01-09,10.3648285651666
2017-01-10,10.6283672121566
2017-01-11,9.97243464874343
2017-01-12,9.77226410344828
2017-01-13,9.81302504967855
2017-01-14,9.77886792986558
2017-01-15,9.87137750146113
2017-01-16,9.61363526943308
2017-01-17,10.2436392735243
2017-01-18,10.2417576405611
2017-01-19,10.4345745926359
2017-01-20,10.6508334517826
2017-01-21,10.9621638223261
2017-01-22,10.7040929427236
2017-01-23,10.7988108357686
2017-01-24,10.545993207481
2017-01-25,10.5133496668615
2017-01-26,10.6258650140269
2017-01-27,10.5341234798364
2017-01-28,10.5638735827002
2017-01-29,10.4949952659264
2017-01-30,10.5793407966102
2017-01-31,10.7060901987142
2017-02-01,10.7228105669199
2017-02-02,10.8279625645821
2017-02-03,10.9571067597896
2017-02-04,11.3959769257744
2017-02-05,11.2444300976037
2017-02-06,11.3366601163063
2017-02-07,11.4869003085915
2017-02-08,11.4007932261835
2017-02-09,10.9898948129749
2017-02-10,11.3733687919345
2017-02-11,11.4835259848042
2017-02-12,11.4637379637639
2017-02-13,11.3888621858562
2017-02-14,13.0940965563998
2017-02-15,13.0142665108124
2017-02-16,12.8854819877265
2017-02-17,12.774232597896
2017-02-18,12.8982752191701
2017-02-19,12.8614133553478
2017-02-20,12.7023435815313
2017-02-21,12.8127439205143
2017-02-22,12.7348605955582
2017-02-23,13.2532427001753
2017-02-24,13.1775699006429
2017-02-25,13.6454301665693
2017-02-26,14.6590073091759
2017-02-27,15.6568423302162
2017-02-28,15.6533547393337
2017-03-01,17.2656843547633
2017-03-02,19.204561207481
2017-03-03,19.6547031858562
2017-03-04,18.6842248883694
2017-03-05,19.3011112244302
2017-03-06,19.7310337568673
2017-03-07,18.8391078433665
2017-03-08,16.6778201776739
2017-03-09,17.798087509059
2017-03-10,19.1809420046756
2017-03-11,21.4462162478083
2017-03-12,23.2196188281707
2017-03-13,28.5448137270602
2017-03-14,28.5762455482174
2017-03-15,34.6731720058445
2017-03-16,44.7765893758036
2017-03-17,44.127845295149
2017-03-18,32.2416653909994
2017-03-19,43.3432976668615
2017-03-20,41.8270432928112
2017-03-21,42.3989190461718
2017-03-22,41.1990631186441
2017-03-23,43.140975748685
2017-03-24,52.9880817066043
2017-03-25,50.1573111630625
2017-03-26,50.380642766803
2017-03-27,48.8407655622443
2017-03-28,50.2165826206897
2017-03-29,52.9549353074226
2017-03-30,51.8379855821157
2017-03-31,50.0319167153711
2017-04-01,50.6856101426067
2017-04-02,48.7942622232613
2017-04-03,44.1242026744594
2017-04-04,44.2334705575687
2017-04-05,45.345952899474
2017-04-06,43.2308226411455
2017-04-07,42.4313812974869
2017-04-08,44.6247199088253
2017-04-09,43.9210733267095
2017-04-10,43.9867391759205
2017-04-11,43.9088074582116
2017-04-12,46.356845351841
2017-04-13,49.9132952574518
2017-04-14,47.1097739795441
2017-04-15,49.1234506072472
2017-04-16,48.1771319462303
2017-04-17,47.8490843132671
2017-04-18,49.8912425108124
2017-04-19,48.0668974666862
2017-04-20,49.3441459731151
2017-04-21,48.5441502594974
2017-04-22,48.6126565376973
2017-04-23,48.8707930379895
2017-04-24,50.1052582127411
2017-04-25,50.2949234336645
2017-04-26,53.5068268007014
2017-04-27,63.3839737416715
2017-04-28,73.2896960841613
2017-04-29,70.4783451390999
2017-04-30,80.5040275862069
2017-05-01,78.3656599269433
2017-05-02,77.6578077147867
2017-05-03,81.155050748685
2017-05-04,95.4461979970777
2017-05-05,91.2619477144945
2017-05-06,95.5202134447691
2017-05-07,76.6355311633548
2017-05-08,89.3967222244301
2017-05-09,86.2167880181181
2017-05-10,88.0493733267096
2017-05-11,88.2398370724722
2017-05-12,85.485073163647
2017-05-13,88.2832749123319
2017-05-14,89.4800016691993
2017-05-15,90.8514018176505
2017-05-16,88.2582728825248
2017-05-17,86.8320563541789
2017-05-18,95.83543393045
2017-05-19,124.608196428989
2017-05-20,124.620777756867
2017-05-21,147.731762711864
2017-05-22,153.63485777557
2017-05-23,169.076412100526
2017-05-24,191.874668920514
2017-05-25,180.691296002338
2017-05-26,164.60314556692
2017-05-27,155.72604947107
2017-05-28,173.216734450029
2017-05-29,193.881140413501
2017-05-30,228.073706624196
2017-05-31,229.102651646406
2017-06-01,220.986285654588
2017-06-02,221.467074215663
2017-06-03,224.307389632379
2017-06-04,245.468700092928
2017-06-05,248.05642671128
2017-06-06,264.404235562244
2017-06-07,256.981876225599
2017-06-08,258.372808144944
2017-06-09,278.428987158387
2017-06-10,344.951987142022
2017-06-11,344.026909994155
2017-06-12,389.19372150789
2017-06-13,387.25153943834
2017-06-14,341.446636869375
2017-06-15,342.119337795441
2017-06-16,352.629732300117
2017-06-17,368.03726914436
2017-06-18,350.534463086499
2017-06-19,357.681361649328
2017-06-20,349.288913500877
2017-06-21,320.277859038574
2017-06-22,320.145963176505
2017-06-23,325.991536277031
2017-06-24,304.768927811221
2017-06-25,276.242345104617
2017-06-26,255.033414298656
2017-06-27,281.08192129398
2017-06-28,317.776258400351
2017-06-29,293.999290413793
2017-06-30,276.846878461718
2017-07-01,261.219362042665
2017-07-02,286.533256667446
2017-07-03,276.381727718293
2017-07-04,269.404834744594
2017-07-05,266.262281550555
2017-07-06,266.656013065459
2017-07-07,240.161421859147
2017-07-08,244.196069263004
2017-07-09,237.960754773232
2017-07-10,203.667605391584
2017-07-11,192.891972717709
2017-07-12,220.375114831385
2017-07-13,205.861691116014
2017-07-14,197.24683492519
2017-07-15,170.574619883109
2017-07-16,155.12095854062
2017-07-17,189.221658703682
2017-07-18,228.78765892519
2017-07-19,191.651705937463
2017-07-20,224.107144172414
2017-07-21,216.214063375804
2017-07-22,231.983774798363
2017-07-23,228.563602995324
2017-07-24,225.714163052016
2017-07-25,204.267246499123
2017-07-26,202.456667746347
2017-07-27,202.88998441204
2017-07-28,191.488124044418
2017-07-29,205.994907945646
2017-07-30,196.771915156049
2017-07-31,200.760819609001
2017-08-01,225.735534699591
2017-08-02,217.584664142607
2017-08-03,224.028898297195
2017-08-04,221.471094210403
2017-08-05,248.939666132671
2017-08-06,266.031145936879
2017-08-07,269.646053845704
2017-08-08,294.522035516072
2017-08-09,296.828835021625
2017-08-10,301.437411189947
2017-08-11,309.864902527177
2017-08-12,309.254121247516
2017-08-13,297.04311033986
2017-08-14,299.899655571596
2017-08-15,286.238491115137
2017-08-16,300.581495599649
2017-08-17,301.525778841613
2017-08-18,292.570930255406
2017-08-19,294.006381612507
2017-08-20,297.946730439509
2017-08-21,320.268020935126
2017-08-22,314.667140353594
2017-08-23,317.911476100818
2017-08-24,324.404678510228
2017-08-25,330.229825942724
2017-08-26,332.432620397428
2017-08-27,345.159394547049
2017-08-28,347.312148939801
2017-08-29,373.270473714202
2017-08-30,385.096362653419
2017-08-31,388.628983109293
2017-09-01,391.600977030976
2017-09-02,349.100817241379
2017-09-03,352.873988895383
2017-09-04,313.259609643483
2017-09-05,321.673799707773
2017-09-06,338.424651081239
2017-09-07,336.414099064874
2017-09-08,310.01521244886
2017-09-09,305.233473699591
2017-09-10,301.328705435418
2017-09-11,298.009521917008
2017-09-12,293.927871127995
2017-09-13,276.957384570427
2017-09-14,225.336907948568
2017-09-15,258.900247808299
2017-09-16,255.184495616599
2017-09-17,259.595284921099
2017-09-18,296.59002980713
2017-09-19,284.68624050263
2017-09-20,284.783950029223
2017-09-21,258.71685534775
2017-09-22,263.592519286967
2017-09-23,285.098802746932
2017-09-24,284.710706604325
2017-09-25,294.606179135009
2017-09-26,288.873323495032
2017-09-27,310.386890707189
2017-09-28,302.473999707773
2017-09-29,291.483834891876
2017-09-30,301.653574810053
2017-10-01,302.921215371128
2017-10-02,296.383131209819
2017-10-03,291.627101987142
2017-10-04,292.153131209819
2017-10-05,295.104265926359
2017-10-06,307.36563383986
2017-10-07,311.539527761543
2017-10-08,308.811207773232
2017-10-09,296.16992226768
2017-10-10,297.805755406195
2017-10-11,302.037225599065
2017-10-12,302.722357977791
2017-10-13,336.118935417884
2017-10-14,339.239905902981
2017-10-15,335.292906779661
2017-10-16,334.387035067212
2017-10-17,315.673910286382
2017-10-18,313.292919637639
2017-10-19,308.361189362946
2017-10-20,304.104843950906
2017-10-21,299.96448918761
2017-10-22,294.862483343074
2017-10-23,285.272274400935
2017-10-24,297.201345119813
2017-10-25,297.963974576271
2017-10-26,296.136726183518
2017-10-27,297.075979836353
2017-10-28,295.060524254822
2017-10-29,304.336856808884
2017-10-30,306.156846873174
2017-10-31,304.758790181181
2017-11-01,290.520131209819
2017-11-02,284.507127410871
2017-11-03,305.85942402104
2017-11-04,300.036860023378
2017-11-05,296.308627410871
2017-11-06,297.987309468147
2017-11-07,292.059068381064
2017-11-08,309.827165692577
2017-11-09,319.44557685564
2017-11-10,299.664234365868
2017-11-11,316.147826125073
2017-11-12,307.17681823495
2017-11-13,315.537040327294
2017-11-14,334.214478959673
2017-11-15,330.784093804793
2017-11-16,329.662060490941
2017-11-17,332.276588836937
2017-11-18,347.42983635301
2017-11-19,355.932445353594
2017-11-20,369.559533606078
2017-11-21,361.197126534191
2017-11-22,380.819107247224
2017-11-23,414.980221215664
2017-11-24,473.450565458796
2017-11-25,466.802904734074
2017-11-26,472.277975452952
2017-11-27,477.648246639392
2017-11-28,467.924269725307
2017-11-29,429.046690531853
2017-11-30,438.558600233781
2017-12-01,461.586232320281
2017-12-02,459.85709585038
2017-12-03,464.386072764465
2017-12-04,466.900428404442
2017-12-05,458.076665400351
2017-12-06,434.233698714202
2017-12-07,431.749817066043
2017-12-08,462.933985680888
2017-12-09,483.060178842782
2017-12-10,444.877736995909
2017-12-11,506.33839333723
2017-12-12,683.905956165985
2017-12-13,701.59801899474
2017-12-14,698.089197545295
2017-12-15,689.464290181181
2017-12-16,697.827856516657
2017-12-17,729.331224722384
2017-12-18,787.728504091175
2017-12-19,823.847225599065
2017-12-20,797.287250730567
2017-12-21,793.748969023963
2017-12-22,682.334545879603
2017-12-23,725.150860023378
2017-12-24,688.890793687902
2017-12-25,737.894633255406
2017-12-26,750.003065166569
2017-12-27,740.721733489188
2017-12-28,716.352512273524
2017-12-29,747.100341320865
2017-12-30,713.782832554062
2017-12-31,742.255464932788
2018-01-01,756.071765634132
2018-01-02,863.918307714787
2018-01-03,943.648126241964
2018-01-04,952.354543541789
2018-01-05,958.55284628872
2018-01-06,1006.15747457627
2018-01-07,1102.88953652835
2018-01-08,1134.69905990649
2018-01-09,1288.40687521917
2018-01-10,1231.76729456458
2018-01-11,1128.56387580362
2018-01-12,1257.23113442431
2018-01-13,1380.14454091175
2018-01-14,1361.91507568673
2018-01-15,1281.72139830508
2018-01-16,1061.18708854471
2018-01-17,1012.62289070719
2018-01-18,1018.76687463472
2018-01-19,1029.93438457043
2018-01-20,1151.94553243717
2018-01-21,1039.42323290473
2018-01-22,992.037435710111
2018-01-23,985.212768264173
2018-01-24,1047.12019959088
2018-01-25,1043.62177206312
2018-01-26,1040.46817066043
2018-01-27,1092.768235827
2018-01-28,1214.83129924021
2018-01-29,1162.00829953244
2018-01-30,1051.93348831093
2018-01-31,1096.25005698422
2018-02-01,1019.17100789012
2018-02-02,912.820928696668
2018-02-03,960.893826125073
2018-02-04,836.672457334892
2018-02-05,692.76282729398
2018-02-06,789.043020748101
2018-02-07,754.536574810053
2018-02-08,808.450633547633
2018-02-09,873.56737434249
2018-02-10,850.714849503214
2018-02-11,814.783270894214
2018-02-12,867.572440385739
2018-02-13,840.090783752192
2018-02-14,920.463681472823
2018-02-15,929.869215663355
2018-02-16,939.339457334892
2018-02-17,975.231806253653
2018-02-18,915.310905610754
2018-02-19,937.840183226184
2018-02-20,885.553141145529
2018-02-21,840.667042957335
2018-02-22,807.076898889538
2018-02-23,855.767194038574
2018-02-24,834.00284628872
2018-02-25,842.311720046756
2018-02-26,865.863039158387
2018-02-27,875.052981881941
2018-02-28,851.323646405611
2018-03-01,869.302266803039
2018-03-02,855.352857685564
2018-03-03,854.387569549971
2018-03-04,861.13072238457
2018-03-05,851.608753068381
2018-03-06,812.346192869667
2018-03-07,751.754232028054
2018-03-08,699.337428988895
2018-03-09,725.310906779661
2018-03-10,684.880582115722
2018-03-11,718.054689655172
2018-03-12,696.739231151374
2018-03-13,689.902102571596
2018-03-14,612.332631502046
2018-03-15,611.166275862069
2018-03-16,604.484301870251
2018-03-17,550.865004091175
2018-03-18,538.26132817066
2018-03-19,550.138212741087
2018-03-20,555.636667153711
2018-03-21,557.397838983051
2018-03-22,539.114045295149
2018-03-23,537.592859731151
2018-03-24,525.082402980713
2018-03-25,522.222801870251
2018-03-26,489.817600526008
2018-03-27,450.549594389246
2018-03-28,445.458083576856
2018-03-29,385.35647019287
2018-03-30,392.467127703098
2018-03-31,394.512378141438
2018-04-01,378.066090298071
2018-04-02,383.397693746347
2018-04-03,415.214929865576
2018-04-04,378.529877264757
2018-04-05,382.700794272355
2018-04-06,369.936752776154
2018-04-07,384.50724956166
2018-04-08,399.415550847458
2018-04-09,396.165397136178
2018-04-10,413.452699298656
2018-04-11,429.797426651081
2018-04-12,493.565206604325
2018-04-13,496.317744301578
2018-04-14,503.221350964348
2018-04-15,531.263950029223
2018-04-16,510.983758328463
2018-04-17,502.126641437756
2018-04-18,524.994593804793
2018-04-19,566.582526300409
2018-04-20,616.317340736412
2018-04-21,605.396331092928
2018-04-22,621.139101402688
2018-04-23,642.581729398013
2018-04-24,705.007020455874
2018-04-25,614.546471654004
2018-04-26,661.796761835184
2018-04-27,648.91000087668
2018-04-28,682.535550555231
2018-04-29,688.306110169492
2018-04-30,667.063407656341
2018-05-01,671.531682349503
2018-05-02,686.611843366452
2018-05-03,778.377544126242
2018-05-04,783.391213617767
2018-05-05,811.356392168323
2018-05-06,784.875179719462
2018-05-07,747.835312098188
2018-05-08,751.6712314436
2018-05-09,748.334789596727
2018-05-10,725.943168907072
2018-05-11,679.532485680888
2018-05-12,685.777640268849
2018-05-13,731.426734365868
2018-05-14,726.421808883694
2018-05-15,706.471170660433
2018-05-16,705.390606954997
2018-05-17,668.044736995909
2018-05-18,693.651683810637
2018-05-19,693.809580654588
2018-05-20,713.591691408533
2018-05-21,697.845526008182
2018-05-22,643.667876680304
2018-05-23,578.229988603156
2018-05-24,600.610572764465
2018-05-25,578.594272939801
2018-05-26,584.287411455289
2018-05-27,570.388842781999
2018-05-28,513.597075102279
2018-05-29,563.903260958504
2018-05-30,556.762384570427
2018-05-31,575.469864699006
2018-06-01,578.827563997662
2018-06-02,591.811959088253
2018-06-03,618.232842781999
2018-06-04,589.882670660433
2018-06-05,607.180310344827
2018-06-06,605.429444769141
2018-06-07,602.159334015196
2018-06-08,600.128180596143
2018-06-09,595.953623319696
2018-06-10,521.276917299825
2018-06-11,529.37152893045
2018-06-12,489.836085330216
2018-06-13,474.450975160725
2018-06-14,517.722229105786
2018-06-15,486.499246347165
2018-06-16,497.322004675628
2018-06-17,495.830741087084
2018-06-18,516.850604032729
2018-06-19,537.07477936879
2018-06-20,535.268937755699
2018-06-21,525.611178258329
2018-06-22,462.967082700175
2018-06-23,475.24524050263
2018-06-24,454.388768264173
2018-06-25,459.194290181181
2018-06-26,432.493081531268
2018-06-27,441.675166861485
2018-06-28,419.791454120397
2018-06-29,436.736421098773
2018-06-30,451.723416715371
2018-07-01,451.798441554646
2018-07-02,475.989448568089
2018-07-03,461.751690239626
2018-07-04,465.729150204559
2018-07-05,467.058666277031
2018-07-06,468.512964640561
2018-07-07,480.533474868498
2018-07-08,486.132053769725
2018-07-09,471.721562536528
2018-07-10,433.128439216832
2018-07-11,446.347075394506
2018-07-12,423.881741963764
2018-07-13,431.35368264173
2018-07-14,433.919185856225
2018-07-15,448.72806779661
2018-07-16,477.365285797779
2018-07-17,499.438759789597
2018-07-18,479.001641145529
2018-07-19,468.405446814728
2018-07-20,447.55797194623
2018-07-21,461.986799532437
2018-07-22,457.135277907656
2018-07-23,448.955673290473
2018-07-24,478.036987726476
2018-07-25,472.696508474576
2018-07-26,463.433338690824
2018-07-27,469.311792811221
2018-07-28,467.32178842782
2018-07-29,466.918763588545
2018-07-30,455.8956735827
2018-07-31,431.798523670368
2018-08-01,419.019926651081
2018-08-02,410.974208357686
2018-08-03,417.253495616598
2018-08-04,406.419219462303
2018-08-05,408.949922852133
2018-08-06,405.378087375804
2018-08-07,378.559632086499
2018-08-08,354.369194330801
2018-08-09,365.001145821157
2018-08-10,330.642003798948
2018-08-11,322.902082700175
2018-08-12,317.954640561075
2018-08-13,284.391617767387
2018-08-14,276.242141729982
2018-08-15,281.149638515488
2018-08-16,285.766308007013
2018-08-17,314.950714786674
2018-08-18,295.433896551724
2018-08-19,300.065017241379
2018-08-20,271.61710578609
2018-08-21,280.940823787259
2018-08-22,270.081112799532
2018-08-23,275.208127703098
2018-08-24,281.684925482174
2018-08-25,278.42391320865
2018-08-26,273.289948860316
2018-08-27,284.203754821742
2018-08-28,296.625988895383
2018-08-29,288.599854763296
2018-08-30,283.884303331385
2018-08-31,282.215765341905
2018-09-01,294.940272063121
2018-09-02,293.788012565751
2018-09-03,288.642138223261
2018-09-04,285.306009643483
2018-09-05,234.201679135009
2018-09-06,229.094761250731
2018-09-07,215.279640853302
2018-09-08,196.648755990649
2018-09-09,195.588831677382
2018-09-10,196.122111922852
2018-09-11,184.303709818819
2018-09-12,182.668748392753
2018-09-13,212.601965517241
2018-09-14,211.697804208065
2018-09-15,222.813010520164
2018-09-16,220.022490356517
2018-09-17,196.811666861485
2018-09-18,209.519992986558
2018-09-19,209.085130625365
2018-09-20,223.652088544711
2018-09-21,246.733348918761
2018-09-22,240.176264465225
2018-09-23,244.650700467563
2018-09-24,227.800091466978
2018-09-25,217.622940093513
2018-09-26,215.031261835184
2018-09-27,228.436735242548
2018-09-28,221.042023962595
2018-09-29,231.326054646406
2018-09-30,232.215880479252
2018-10-01,229.918147282291
2018-10-02,225.34053798948
2018-10-03,218.985656049094
2018-10-04,220.934906487434
2018-10-05,226.533247516073
2018-10-06,223.670021040327
2018-10-07,224.381154003507
2018-10-08,227.629361484512
2018-10-09,226.366257451783
2018-10-10,223.637414962011
2018-10-11,190.503173290473
2018-10-12,194.233684102864
2018-10-13,196.640900350672
2018-10-14,192.082561659848
2018-10-15,204.845595265926
2018-10-16,205.678965517241
2018-10-17,203.589184395091
2018-10-18,199.104167738165
2018-10-19,200.18542226768
2018-10-20,202.620590298071
2018-10-21,202.197792518995
2018-10-22,200.986967855056
2018-10-23,201.106208649912
2018-10-24,200.548608123904
2018-10-25,199.862744593805
2018-10-26,200.622661601403
2018-10-27,201.418418468732
2018-10-28,202.451103156049
2018-10-29,194.321351256575
2018-10-30,195.65895295149
2018-10-31,196.897931911163
2018-11-01,197.8192106955
2018-11-02,199.850372589129
2018-11-03,198.354677381648
2018-11-04,209.989572764465
2018-11-05,208.075581531268
2018-11-06,218.089755698422
2018-11-07,216.783056399766
2018-11-08,210.643103448276
2018-11-09,208.102855932203
2018-11-10,210.56486528346
2018-11-11,209.064253652835
2018-11-12,208.28941233197
2018-11-13,203.619797194623
2018-11-14,176.673708649912
2018-11-15,177.585899766219
2018-11-16,172.027222969024
2018-11-17,172.325834307423
2018-11-18,174.887517533606
2018-11-19,146.837374634717
2018-11-20,126.699694038574
2018-11-21,134.894838690824
2018-11-22,124.98310666277
2018-11-23,121.464526884863
2018-11-24,111.207919345412
2018-11-25,114.328124196376
2018-11-26,105.976193161894
2018-11-27,108.939132963179
2018-11-28,120.843035651666
2018-11-29,116.45006779661
2018-11-30,111.631448568089
2018-12-01,116.974022793688
2018-12-02,114.873848918761
2018-12-03,107.436093804792
2018-12-04,108.393074225599
2018-12-05,101.132688778492
2018-12-06,90.8128144360023
2018-12-07,92.1289161309176
2018-12-08,90.5991420222092
2018-12-09,92.9939959088252
2018-12-10,89.3385888369375
2018-12-11,87.1420371127995
2018-12-12,88.8542311513735
2018-12-13,85.0300748100526
2018-12-14,83.0865353594389
2018-12-15,82.8301902396259
2018-12-16,83.7853918760959
2018-12-17,93.8437010520164
2018-12-18,100.277705143191
2018-12-19,99.9495049678551
2018-12-20,114.083974868498
2018-12-21,107.811862068966
2018-12-22,115.230315897136
2018-12-23,129.693795441262
2018-12-24,140.372449444769
2018-12-25,127.919814436002
2018-12-26,130.30945119813
2018-12-27,114.117396551724
2018-12-28,135.222091759205
2018-12-29,140.09879836353
2018-12-30,138.401716247808
2018-12-31,130.790460549386
2019-01-01,139.154644360023
2019-01-02,154.426368790181
2019-01-03,147.06208679135
2019-01-04,153.442376972531
2019-01-05,154.301756867329
2019-01-06,155.940283167738
2019-01-07,150.346131794272
2019-01-08,149.052762711864
2019-01-09,149.62985622443
2019-01-10,126.929803915839
2019-01-11,124.970574225599
2019-01-12,124.329310637054
2019-01-13,115.339895382817
2019-01-14,128.323583869082
2019-01-15,120.32987609585
2019-01-16,122.420913793103
2019-01-17,122.647751607247
2019-01-18,119.485191408533
2019-01-19,123.487991233197
2019-01-20,117.515231735827
2019-01-21,115.918843074226
2019-01-22,117.97571975453
2019-01-23,116.313436586791
2019-01-24,116.326357977791
2019-01-25,114.967366452367
2019-01-26,115.040040035067
2019-01-27,111.82207685564
2019-01-28,105.667155756867
2019-01-29,104.227875803624
2019-01-30,107.66988603156
2019-01-31,105.739236119229
2019-02-01,106.634947691409
2019-02-02,108.571131794272
2019-02-03,106.021722676797
2019-02-04,106.026675628288
2019-02-05,106.135586499123
2019-02-06,103.394712156634
2019-02-07,103.299053769725
2019-02-08,117.501485096435
2019-02-09,118.103963471654
2019-02-10,123.577868205728
2019-02-11,119.726615429573
2019-02-12,120.828701928697
2019-02-13,120.690225891292
2019-02-14,119.68091320865
2019-02-15,120.360025423729
2019-02-16,121.804881063705
2019-02-17,132.80649006429
2019-02-18,144.415395967271
2019-02-19,143.137295733489
2019-02-20,147.192143483343
2019-02-21,143.601283459965
2019-02-22,147.063304208065
2019-02-23,157.5305
2019-02-24,135.383128872005
2019-02-25,137.924874926943
2019-02-26,135.725916130918
2019-02-27,133.996758912916
2019-02-28,134.754724137931
2019-03-01,134.864564582116
2019-03-02,132.19729748685
2019-03-03,129.645783752192
2019-03-04,125.120439509059
2019-03-05,135.707658971362
2019-03-06,137.182303915839
2019-03-07,136.142440677966
2019-03-08,132.441421098773
2019-03-09,136.296960841613
2019-03-10,135.225663062537
2019-03-11,132.080107539451
2019-03-12,132.696165108124
2019-03-13,131.13371244886
2019-03-14,131.309282583285
2019-03-15,135.602942723553
2019-03-16,140.628877556984
2019-03-17,138.143052308591
2019-03-18,137.063216247808
2019-03-19,137.928077147867
2019-03-20,138.685892460549
2019-03-21,134.586574225599
2019-03-22,135.893367913501
2019-03-23,136.475040619521
2019-03-24,135.419440385739
2019-03-25,133.093157802455
2019-03-26,133.164339859731
2019-03-27,139.21530742256
2019-03-28,137.336611922852
2019-03-29,142.368977498539
2019-03-30,142.107745178258
2019-03-31,141.27678515488
2019-04-01,141.295688778492
2019-04-02,165.466880479252
2019-04-03,160.239572764465
2019-04-04,157.865736879018
2019-04-05,165.938985388662
2019-04-06,165.408794856809
2019-04-07,174.463659555815
2019-04-08,180.779501168907
2019-04-09,175.957886616014
2019-04-10,177.474878959673
2019-04-11,165.550361192285
2019-04-12,164.89181735827
2019-04-13,164.128659263589
2019-04-14,168.013099064874
2019-04-15,160.557473115137
2019-04-16,166.662340151958
2019-04-17,166.364139684395
2019-04-18,173.54595207481
2019-04-19,173.652783459965
2019-04-20,173.215369374635
2019-04-21,169.945601110462
2019-04-22,171.565414669784
2019-04-23,170.937409643483
2019-04-24,165.142114202221
2019-04-25,152.045494447691
2019-04-26,152.960927527762
2019-04-27,155.726733489188
2019-04-28,153.2518471654
2019-04-29,152.545208766803
2019-04-30,159.938501461134
2019-05-01,158.222859731151
2019-05-02,159.191619520748
2019-05-03,164.69545207481
2019-05-04,162.037265751023
2019-05-05,161.485596434833
2019-05-06,172.068616014027
2019-05-07,170.05011484512
2019-05-08,169.558764172998
2019-05-09,170.250314728229
2019-05-10,172.221821975453
2019-05-11,199.606514552893
2019-05-12,187.184103740503
2019-05-13,195.825203097604
2019-05-14,218.214805669199
2019-05-15,249.061431034483
2019-05-16,263.38047019287
2019-05-17,242.263793687902
2019-05-18,234.841279661017
2019-05-19,261.974045295149
2019-05-20,252.417419637639
2019-05-21,256.818162185856
2019-05-22,244.550514319112
2019-05-23,245.840384862654
2019-05-24,248.839252016365
2019-05-25,251.888460958504
2019-05-26,268.294339567504
2019-05-27,272.616331092928
2019-05-28,271.223498538866
2019-05-29,269.327810929281
2019-05-30,254.294201753361
2019-05-31,266.573922559906
2019-06-01,265.140144360023
2019-06-02,269.967041496201
2019-06-03,251.05775862069
2019-06-04,239.457040911748
2019-06-05,246.337600233782
2019-06-06,247.488754237288
2019-06-07,250.225909585038
2019-06-08,244.62647019287
2019-06-09,231.039578024547
2019-06-10,246.746325248393
2019-06-11,245.800910870836
2019-06-12,259.656640093513
2019-06-13,255.336300409117
2019-06-14,264.76342314436
2019-06-15,269.057187405026
2019-06-16,269.848518702513
2019-06-17,273.7140949737
2019-06-18,263.702251899474
2019-06-19,268.93683810637
2019-06-20,272.137500292227
2019-06-21,294.852892752776
2019-06-22,308.009769725307
2019-06-23,306.55350742256
2019-06-24,309.798750263004
2019-06-25,316.171920046756
2019-06-26,334.035053477499
2019-06-27,293.215036236119
2019-06-28,309.446182933957
2019-06-29,318.529788135593
2019-06-30,291.660696317943
2019-07-01,293.862392752776
2019-07-02,290.571834307423
2019-07-03,302.057210403273
2019-07-04,283.489202805377
2019-07-05,287.858582992402
2019-07-06,287.274129982466
2019-07-07,306.198590590298
2019-07-08,313.326290473407
2019-07-09,308.343054061952
2019-07-10,288.731157802455
2019-07-11,267.536604617183
2019-07-12,275.872600233781
2019-07-13,268.688629339568
2019-07-14,230.335976329632
2019-07-15,230.578357977791
2019-07-16,199.001611046172
2019-07-17,210.931314728229
2019-07-18,227.241794272355
2019-07-19,221.03139333723
2019-07-20,230.67205371128
2019-07-21,225.672067124489
2019-07-22,217.013625365284
2019-07-23,212.361456750438
2019-07-24,216.848442548217
2019-07-25,219.638668264173
2019-07-26,219.365355873758
2019-07-27,206.645765049679
2019-07-28,210.927540561075
2019-07-29,210.840748977206
2019-07-30,210.029560841613
2019-07-31,218.08824050263
2019-08-01,217.353194915254
2019-08-02,217.667191992987
2019-08-03,221.83531648159
2019-08-04,222.788521917008
2019-08-05,232.299908825248
2019-08-06,225.729268264173
2019-08-07,226.042916773817
2019-08-08,220.550041320865
2019-08-09,209.817827878434
2019-08-10,206.324379310345
2019-08-11,215.789734658095
2019-08-12,210.972497662186
2019-08-13,208.597628345996
2019-08-14,186.381814143776
2019-08-15,188.016636469901
2019-08-16,185.577936879018
2019-08-17,185.547666510812
2019-08-18,194.706162068966
2019-08-19,202.767035067212
2019-08-20,196.717822033898
2019-08-21,186.497284628872
2019-08-22,191.596093220339
2019-08-23,194.624304792519
2019-08-24,191.114351256575
2019-08-25,186.324488895383
2019-08-26,188.569805376973
2019-08-27,186.883293103448
2019-08-28,173.17579748685
2019-08-29,168.735882349503
2019-08-30,168.372436002338
2019-08-31,172.177609877265
2019-09-01,171.211480479252
2019-09-02,178.580194623027
2019-09-03,179.233673874927
2019-09-04,174.729775277615
2019-09-05,174.54153974284
2019-09-06,169.23070338983
2019-09-07,178.287494389246
2019-09-08,181.604640268849
2019-09-09,181.388241671537
2019-09-10,179.595805669199
2019-09-11,178.058855639977
2019-09-12,180.84650818235
2019-09-13,181.51325949737
2019-09-14,188.595950496786
2019-09-15,189.443608416131
2019-09-16,197.430535651666
2019-09-17,209.287582700175
2019-09-18,210.7212235827
2019-09-19,221.562201052016
2019-09-20,217.195570134424
2019-09-21,215.50002980713
2019-09-22,211.051801870251
2019-09-23,201.226725014611
2019-09-24,168.43832817066
2019-09-25,169.84662478083
2019-09-26,166.334617884278
2019-09-27,174.083654120397
2019-09-28,173.798880362361
2019-09-29,169.853334891876
2019-09-30,179.508727936879
2019-10-01,176.635159555815
2019-10-02,180.731424605494
2019-10-03,175.467113267095
2019-10-04,176.204069316189
2019-10-05,176.184813267095
2019-10-06,169.854954237288
2019-10-07,181.001570426651
2019-10-08,180.668669783752
2019-10-09,194.229131502046
2019-10-10,191.574099707773
2019-10-11,180.902172472238
2019-10-12,180.319804997078
2019-10-13,181.47459760374
2019-10-14,186.520615137347
2019-10-15,180.282949853887
2019-10-16,174.995676329632
2019-10-17,177.070229865576
2019-10-18,173.130578725891
2019-10-19,171.613132729398
2019-10-20,175.187846580947
2019-10-21,174.198366861485
2019-10-22,171.261682057276
2019-10-23,161.323558386908
2019-10-24,161.024464640561
2019-10-25,181.161944476914
2019-10-26,179.720602337814
2019-10-27,184.572484570427
2019-10-28,182.81422063121
2019-10-29,190.830495441262
2019-10-30,183.277003798948
2019-10-31,182.430567212157
2019-11-01,183.362267679719
2019-11-02,182.998768848627
2019-11-03,181.907013734658
2019-11-04,186.034432787843
2019-11-05,189.217251373466
2019-11-06,191.556660666277
2019-11-07,186.770622443016
2019-11-08,184.038223085915
2019-11-09,184.962579777908
2019-11-10,189.045104675628
2019-11-11,184.418845295149
2019-11-12,186.5779264173
2019-11-13,188.033356107539
2019-11-14,184.766463763881
2019-11-15,179.989789070719
2019-11-16,182.287117182934
2019-11-17,183.829805961426
2019-11-18,178.062372004676
2019-11-19,175.435199883109
2019-11-20,174.409720338983
2019-11-21,160.728296902396
2019-11-22,149.776162478083
2019-11-23,152.327056282876
2019-11-24,141.576619520748
2019-11-25,146.562241846873
2019-11-26,147.942878550555
2019-11-27,153.24832226768
2019-11-28,151.010392460549
2019-11-29,154.256289012274
2019-11-30,152.016210111046
2019-12-01,151.380223378141
2019-12-02,149.052715663355
2019-12-03,147.465369140853
2019-12-04,145.69724465225
2019-12-05,148.022399883109
2019-12-06,148.700186732905
2019-12-07,147.515199298656
2019-12-08,150.838420806546
2019-12-09,147.375495149036
2019-12-10,145.696360140269
2019-12-11,143.130404734074
2019-12-12,144.734203682057
2019-12-13,144.599715078901
2019-12-14,141.842442840444
2019-12-15,142.304544126242
2019-12-16,132.379981122151
2019-12-17,121.505916423144
2019-12-18,132.883688018703
2019-12-19,127.844947691409
2019-12-20,128.217562828755
2019-12-21,127.097141145529
2019-12-22,132.060468731736
2019-12-23,127.814310578609
2019-12-24,127.656445938048
2019-12-25,124.881023085915
2019-12-26,125.308429865576
2019-12-27,126.181629456458
2019-12-28,128.037601694915
2019-12-29,134.639243717125
2019-12-30,131.287466744594
2019-12-31,128.511079777908
2020-01-01,129.963875336061
2020-01-02,126.730876972531
2020-01-03,133.800767095266
2020-01-04,134.050349210988
2020-01-05,134.982177089421
2020-01-06,143.988824079486
2020-01-07,143.248955698422
2020-01-08,140.872484044418
2020-01-09,137.473664114553
2020-01-10,143.789400935126
2020-01-11,142.846074284044
2020-01-12,145.447126008182
2020-01-13,143.910222209234
2020-01-14,166.047976914085
2020-01-15,165.85377936879
2020-01-16,164.052933255406
2020-01-17,171.034402337814
2020-01-18,175.074978375219
2020-01-19,166.791822443016
2020-01-20,166.927411046172
2020-01-21,169.171668731736
2020-01-22,167.545226271186
2020-01-23,162.156525599065
2020-01-24,162.247590707189
2020-01-25,160.521455172414
2020-01-26,167.159112974868
2020-01-27,169.934313676213
2020-01-28,175.276188486265
2020-01-29,174.676776680304
2020-01-30,184.256748977206
2020-01-31,180.163670368206
2020-02-01,183.562507656341
2020-02-02,188.398108533022
2020-02-03,189.341644067797
2020-02-04,188.276665984804
2020-02-05,205.125087901812
2020-02-06,212.849642723553
2020-02-07,222.863079719462
2020-02-08,223.973379602572
2020-02-09,228.467053126826
2020-02-10,224.139831618936
2020-02-11,237.649539333723
2020-02-12,266.649455289304
2020-02-13,267.940001870251
2020-02-14,284.830649094097
2020-02-15,265.033846464056
2020-02-16,261.128690531853
2020-02-17,266.608233372297
2020-02-18,283.564988310929
2020-02-19,261.077341028638
2020-02-20,258.631871011105
2020-02-21,265.90940414962
2020-02-22,261.763375803624
2020-02-23,274.979647574518
2020-02-24,264.367167504383
2020-02-25,248.53713220339
2020-02-26,225.706557159556
2020-02-27,226.398922033898
2020-02-28,228.673918468732
2020-02-29,220.10229421391
2020-03-01,218.6236685564
2020-03-02,231.194931618936
2020-03-03,224.283570017534
2020-03-04,224.156026826417
2020-03-05,227.813605844535
2020-03-06,244.330236002338
2020-03-07,238.059852600818
2020-03-08,202.765954997078
2020-03-09,200.151101052016
2020-03-10,200.851090531853
2020-03-11,194.236009351257
2020-03-12,110.32820163647
2020-03-13,134.759985680888
2020-03-14,122.078151256575
2020-03-15,123.754734073641
2020-03-16,110.34905873758
2020-03-17,117.783463763881
2020-03-18,117.683343658679
2020-03-19,137.357502980713
2020-03-20,131.532323261251
2020-03-21,132.511633430742
2020-03-22,122.442055523086
2020-03-23,135.589770601987
2020-03-24,139.414792226768
2020-03-25,136.095511981297
2020-03-26,138.608215488019
2020-03-27,133.681614728229
2020-03-28,131.027766510812
2020-03-29,125.178745470485
2020-03-30,132.902320514319
2020-03-31,133.508133372297
2020-04-01,135.85480654588
2020-04-02,141.151746639392
2020-04-03,141.727211279953
2020-04-04,144.336282700175
2020-04-05,142.972632963179
2020-04-06,169.609724313267
2020-04-07,164.21725949737
2020-04-08,173.294784336645
2020-04-09,170.28360490941
2020-04-10,157.550598188194
2020-04-11,158.431649327878
2020-04-12,160.649303331385
2020-04-13,157.198628579778
2020-04-14,159.006158445354
2020-04-15,152.951140736411
2020-04-16,172.970440327294
2020-04-17,172.23222063121
2020-04-18,188.109414903565
2020-04-19,181.230814377557
2020-04-20,171.013763296318
2020-04-21,171.489232904734
2020-04-22,182.581804178843
2020-04-23,185.6463264173
2020-04-24,187.621841320865
2020-04-25,193.785201928697
2020-04-26,197.062440268849
2020-04-27,196.565708679135
2020-04-28,197.466412565751
2020-04-29,215.38395207481
2020-04-30,206.88486528346
2020-05-01,212.713617767387
2020-05-02,214.133870601987
2020-05-03,210.090575306838
2020-05-04,206.961926592636
2020-05-05,204.885417007598
2020-05-06,202.736075569842
2020-05-07,212.990972822911
2020-05-08,212.413128872005
2020-05-09,210.774871127995
2020-05-10,187.542486849795
2020-05-11,185.715372296902
2020-05-12,189.818459438925
2020-05-13,199.938022559907
2020-05-14,203.532877030976
2020-05-15,195.121980303916
2020-05-16,200.819766218586
2020-05-17,207.07257685564
2020-05-18,214.748162478083
2020-05-19,213.820466744594
2020-05-20,209.804793103448
2020-05-21,198.91755698422
2020-05-22,207.063677673875
2020-05-23,206.906197253068
2020-05-24,202.376306370544
2020-05-25,204.292245002922
2020-05-26,200.86048918761
2020-05-27,207.498003798948
2020-05-28,219.378571011105
2020-05-29,220.784826300409
2020-05-30,243.572401285798
2020-05-31,231.444047457627
2020-06-01,249.07495295149
2020-06-02,237.179632554062
2020-06-03,243.934139450614
2020-06-04,243.647765984804
2020-06-05,240.312976037405
2020-06-06,242.019700292227
2020-06-07,244.384643483343
2020-06-08,245.968303565167
2020-06-09,244.326140970193
2020-06-10,247.704879544126
2020-06-11,230.904400935126
2020-06-12,237.162442723554
2020-06-13,238.090407890123
2020-06-14,232.137277089421
2020-06-15,231.19783974284
2020-06-16,235.136621215663
2020-06-17,233.687851022794
2020-06-18,231.331098889538
2020-06-19,228.77822402104
2020-06-20,228.919830800701
2020-06-21,227.579033606078
2020-06-22,243.220758153127
2020-06-23,242.92121899474
2020-06-24,234.823753360608
2020-06-25,232.421420689655
2020-06-26,229.694167387493
2020-06-27,220.699442022209
2020-06-28,224.443460666277
2020-06-29,228.02034137931
2020-06-30,225.722754821742
2020-07-01,231.145918468732
2020-07-02,226.701505376973
2020-07-03,225.098854763296
2020-07-04,228.866272063121
2020-07-05,227.667268264173
2020-07-06,241.179081239042
2020-07-07,239.013429573349
2020-07-08,246.8441157218
2020-07-09,241.651818585622
2020-07-10,241.033700116891
2020-07-11,239.307040619521
2020-07-12,241.309591174752
2020-07-13,239.326373816482
2020-07-14,240.638817942724
2020-07-15,238.38143962595
2020-07-16,233.549674108708
2020-07-17,232.845427235535
2020-07-18,235.909914962011
2020-07-19,239.358145821157
2020-07-20,236.361256282876
2020-07-21,245.250595441262
2020-07-22,264.199169491525
2020-07-23,275.223812536528
2020-07-24,279.907534424313
2020-07-25,305.402152542373
2020-07-26,311.039973524255
2020-07-27,323.233886908241
2020-07-28,318.015537200468
2020-07-29,318.025945938048
2020-07-30,335.964082875511
2020-07-31,346.179992285213
2020-08-01,387.185885447107
2020-08-02,372.180671654004
2020-08-03,385.487812390415
2020-08-04,390.662864699006
2020-08-05,400.601196084161
2020-08-06,393.995932495617
2020-08-07,380.330053886616
2020-08-08,392.360176504968
2020-08-09,389.183157393337
2020-08-10,395.407852425482
2020-08-11,379.111338983051
2020-08-12,387.208174751607
2020-08-13,424.799460081823
2020-08-14,438.076865575687
2020-08-15,432.609198421976
2020-08-16,432.939172822911
2020-08-17,432.841464172998
2020-08-18,423.346332086499
2020-08-19,406.879427819988
2020-08-20,416.25978755114
2020-08-21,387.2406050263
2020-08-22,395.912521332554
2020-08-23,391.947607364115
2020-08-24,408.792199473992
2020-08-25,383.604969725307
2020-08-26,386.34381735827
2020-08-27,382.349150496785
2020-08-28,395.03972980713
2020-08-29,400.368165575687
2020-08-30,428.196437931035
2020-08-31,436.09076943308
2020-09-01,480.749175862069
2020-09-02,441.214134132087
2020-09-03,383.542584979544
2020-09-04,386.66907597896
2020-09-05,331.420088544711
2020-09-06,353.227129573349
2020-09-07,352.806469023963
2020-09-08,336.716558094682
2020-09-09,352.053948568089
2020-09-10,367.380867621274
2020-09-11,373.966615780245
2020-09-12,386.216055055523
2020-09-13,365.641607831677
2020-09-14,375.801003682057
2020-09-15,363.936595733489
2020-09-16,365.322076212741
2020-09-17,389.446111046172
2020-09-18,382.261676271186
2020-09-19,385.246569666861
2020-09-20,371.207025715956
2020-09-21,342.456390473407
2020-09-22,343.503662536528
2020-09-23,320.588590882525
2020-09-24,349.144016014027
2020-09-25,351.713962361192
2020-09-26,354.601045762712
2020-09-27,356.121992752776
2020-09-28,355.45993395675
2020-09-29,359.701439801286
2020-09-30,359.976752483928
2020-10-01,352.360856049094
2020-10-02,345.801279485681
2020-10-03,346.652968907072
2020-10-04,352.339400233781
2020-10-05,353.191780187025
2020-10-06,340.10351987142
2020-10-07,341.159963997662
2020-10-08,350.527496376388
2020-10-09,366.247890999416
2020-10-10,371.282805143191
2020-10-11,374.145406195207
2020-10-12,387.670968731736
2020-10-13,381.544274576271
2020-10-14,378.828993045003
2020-10-15,377.502910286382
2020-10-16,366.299949853887
2020-10-17,368.318269374635
2020-10-18,377.921652425482
2020-10-19,379.463028462887
2020-10-20,368.843862653419
2020-10-21,392.473164231444
2020-10-22,414.43640578609
2020-10-23,409.339998597312
2020-10-24,412.26885710111
2020-10-25,406.742800642899
2020-10-26,394.010756575102
2020-10-27,404.045446814728
2020-10-28,388.90336364699
2020-10-29,386.788421098773
2020-10-30,383.596369959088
2020-10-31,386.585236119229
2020-11-01,395.57778264173
2020-11-02,383.848317066043
2020-11-03,388.54819970777316
2020-11-04,401.79561385154875
2020-11-05,416.99735464640565
2020-11-06,456.4478808883693
2020-11-07,436.77211285797785
2020-11-08,455.37572986557575
2020-11-09,444.5479997077731
2020-11-10,451.5016406195208
2020-11-11,464.2159424897722
2020-11-12,462.86649982466395
2020-11-13,476.57134097019286
2020-11-14,462.5514587960258
2020-11-15,449.3456436002338
2020-11-16,462.2547316189363
2020-11-17,482.69500502630035
2020-11-18,479.4918066627703
2020-11-19,471.1500233781415
2020-11-20,509.56297720631215
2020-11-21,547.3534804208066
2020-11-22,565.1310609000584
2020-11-23,607.2141186440678
2020-11-24,604.573530742256
2020-11-25,568.2473562828757
2020-11-26,518.3973562244302
2020-11-27,517.041817182934
2020-11-28,540.829210052601
2020-11-29,574.8735552308593
2020-11-30,613.469492402104
2020-12-01,588.2515552308593
2020-12-02,598.9264098188193
2020-12-03,617.5542700175337
2020-12-04,572.1771762711863
2020-12-05,594.9156954997078
2020-12-06,602.2467767387493
2020-12-07,591.8200952659263
2020-12-08,554.318545295149
2020-12-09,574.2140723553478
2020-12-10,560.4503168907073
2020-12-11,545.483657510228
2020-12-12,568.545423261251
2020-12-13,590.522730625365
2020-12-14,586.470181297487
2020-12-15,589.000816832262
2020-12-16,636.205011104617
2020-12-17,642.788150204559
2020-12-18,652.01013056692
2020-12-19,659.714045002922
2020-12-20,638.561923436587
2020-12-21,612.546497369959
2020-12-22,634.17585622443
2020-12-23,588.508848042081
2020-12-24,611.893571595558
2020-12-25,625.840292518995
2020-12-26,635.806854120397
2020-12-27,688.480685447107
2020-12-28,730.518296902396
2020-12-29,731.936295733489
2020-12-30,751.208063705435
2020-12-31,739.025849853887
2021-01-01,730.91432063121
2021-01-02,775.296622443016
2021-01-03,990.365324956166
2021-01-04,1030.31844886032
2021-01-05,1101.55981414378
2021-01-06,1199.35239976622
2021-01-07,1220.21421332554
2021-01-08,1219.88072121566
2021-01-09,1286.97022314436
2021-01-10,1265.43626750438
2021-01-11,1082.905685564
2021-01-12,1038.8394176505
2021-01-13,1127.92676271186
2021-01-14,1212.61922150789
2021-01-15,1167.64685096435
2021-01-16,1231.50994839275
2021-01-17,1242.04924137931
2021-01-18,1252.15644476914
2021-01-19,1386.08540385739
2021-01-20,1367.82303974284
2021-01-21,1132.69443191116
2021-01-22,1235.37204792519
2021-01-23,1232.76174810053
2021-01-24,1387.23029631794
2021-01-25,1325.60759380479
2021-01-26,1361.84900292227
2021-01-27,1245.93815055523
2021-01-28,1341.7747030976
2021-01-29,1383.40889538282
2021-01-30,1379.86854237288
2021-01-31,1317.346364173
2021-02-01,1369.95499357101
2021-02-02,1524.16825189947
2021-02-03,1659.52005435418
2021-02-04,1608.39752355348
2021-02-05,1720.47846616014
2021-02-06,1683.70779380479
2021-02-07,1616.04266183518
2021-02-08,1743.54479135009
2021-02-09,1770.83282057276
2021-02-10,1748.21180596143
2021-02-11,1785.58308942139
2021-02-12,1846.45420058445
2021-02-13,1819.41280268849
2021-02-14,1811.5666792519
2021-02-15,1787.53062191701
2021-02-16,1780.61989596727
2021-02-17,1845.23994155465
2021-02-18,1932.41152659264
2021-02-19,1961.02429018118
2021-02-20,1912.80253489188
2021-02-21,1933.88384745763
2021-02-22,1771.20859848042
2021-02-23,1563.04562419638
2021-02-24,1616.56383693746
2021-02-25,1491.46385715956
2021-02-26,1442.30312273524
2021-02-27,1454.03216890707
2021-02-28,1425.38586674459
2021-03-01,1563.23598036236
2021-03-02,1489.87889421391
2021-03-03,1584.06700526008
2021-03-04,1538.02277644652
2021-03-05,1530.84029181765
2021-03-06,1659.83834599649
2021-03-07,1719.16063705435
2021-03-08,1826.12504734074
2021-03-09,1862.02863687902
2021-03-10,1803.4244905903
2021-03-11,1827.71346113384
2021-03-12,1768.50364453536
2021-03-13,1927.20756627703
2021-03-14,1874.14906195208
2021-03-15,1796.90510976037
2021-03-16,1796.95172822911
2021-03-17,1818.86739976622
2021-03-18,1781.64520666277
2021-03-19,1810.37383459965
2021-03-20,1812.74496884863
2021-03-21,1784.72563880771
2021-03-22,1689.11376779661
2021-03-23,1671.75213500877
2021-03-24,1586.88241320865
2021-03-25,1588.93212396259
2021-03-26,1695.66907773232
2021-03-27,1718.1190917592
2021-03-28,1685.16250900058
2021-03-29,1811.1432226768
2021-03-30,1840.87399678551
2021-03-31,1916.88001928697
2021-04-01,1971.24078258329
2021-04-02,2134.06883985973
2021-04-03,2025.14887843366
2021-04-04,2077.39558153127
2021-04-05,2099.52728872005
2021-04-06,2116.90126201052
2021-04-07,1985.39789129164
2021-04-08,2078.55003594389
2021-04-09,2066.05360420807
2021-04-10,2130.18779029807
2021-04-11,2144.37211630625
2021-04-12,2142.82890011689
2021-04-13,2297.89169135009
2021-04-14,2430.29892869667
2021-04-15,2519.58225540619
2021-04-16,2428.35284687317
2021-04-17,2342.16061426067
2021-04-18,2243.48254529515
2021-04-19,2168.6250818235
2021-04-20,2328.50510870836
2021-04-21,2363.99523424898
2021-04-22,2419.70522676797
2021-04-23,2357.12506639392
2021-04-24,2236.58652717709
2021-04-25,2300.55654880187
2021-04-26,2526.05887901812
2021-04-27,2646.34933898305
2021-04-28,2740.23064289889
2021-04-29,2760.50726008182
2021-04-30,2770.29005821157
2021-05-01,2949.31864056107
2021-05-02,2952.47679661017
2021-05-03,3430.64827410871
2021-05-04,3274.89152846289
2021-05-05,3525.92409964933
2021-05-06,3500.54310403273
2021-05-07,3482.63239333723
2021-05-08,3886.76699649328
2021-05-09,3916.08141320865
2021-05-10,3954.28315780245
2021-05-11,4155.77199766219
2021-05-12,3975.50227118644
2021-05-13,3687.15909000585
2021-05-14,4086.70976446523
2021-05-15,3672.60174400935
2021-05-16,3565.84300116891
2021-05-17,3280.03027819988
2021-05-18,3368.23962887201
2021-05-19,2535.73623553478
2021-05-20,2777.92518293396
2021-05-21,2413.98438398597
2021-05-22,2320.84220163647
2021-05-23,2105.59847983635
2021-05-24,2626.16846405611
2021-05-25,2696.5863798948
2021-05-26,2868.71953185272
2021-05-27,2743.10334950321
2021-05-28,2415.30300233781
2021-05-29,2288.85813150205
2021-05-30,2391.71209117475
2021-05-31,2699.21445762712
2021-06-01,2626.20154821742
2021-06-02,2713.1598679135
2021-06-03,2858.60099824664
2021-06-04,2689.27742548217
2021-06-05,2604.97053763881
2021-06-06,2706.09854120397
2021-06-07,2600.15911221508
2021-06-08,2519.05763530099
2021-06-09,2605.63110461718
2021-06-10,2481.38075686733
2021-06-11,2345.03141963764
2021-06-12,2380.84033372297
2021-06-13,2504.64639216832
2021-06-14,2577.04473863238
2021-06-15,2552.74103641146
2021-06-16,2360.99938690824
2021-06-17,2368.38859555815
2021-06-18,2224.57531969608
2021-06-19,2174.75470251315
2021-06-20,2242.66345575687
2021-06-21,1900.39307790766
2021-06-22,1867.62379953244
2021-06-23,1962.11004383402
2021-06-24,1986.66540841613
2021-06-25,1817.84698246639
2021-06-26,1801.97627527762
2021-06-27,1964.52191887785
2021-06-28,2079.27833594389
2021-06-29,2169.99023261251
2021-06-30,2272.2690578609
2021-07-01,2114.55608357686
2021-07-02,2149.99972472238
2021-07-03,2215.90323232028
2021-07-04,2325.91749795441
2021-07-05,2218.63208416131
2021-07-06,2318.10661835184
2021-07-07,2317.0795447107
2021-07-08,2118.9243308007
2021-07-09,2153.77373816482
2021-07-10,2117.0639672706
2021-07-11,2140.19288661601
2021-07-12,2033.03133489188
2021-07-13,1939.6402729398
2021-07-14,1992.4420251315
2021-07-15,1912.8743012858
2021-07-16,1878.1075873758
2021-07-17,1896.9661233197
2021-07-18,1892.68808708358
2021-07-19,1822.20903623612
2021-07-20,1785.33395441262
2021-07-21,1985.49203565167
2021-07-22,2020.92230333139
2021-07-23,2112.71626434833
2021-07-24,2179.33793220339
2021-07-25,2187.44493687902
2021-07-26,2241.15922676797
2021-07-27,2286.22890005845
2021-07-28,2297.03134436002
2021-07-29,2384.45420572764
2021-07-30,2451.30431092928
2021-07-31,2544.37537592051
2021-08-01,2563.73753068381
2021-08-02,2619.04099941555
2021-08-03,2512.91529164231
2021-08-04,2727.93425365284
2021-08-05,2825.53530894214
2021-08-06,2888.0342554062
2021-08-07,3143.38030099357
2021-08-08,3027.3480818235
2021-08-09,3158.26921624781
2021-08-10,3141.72382559907
2021-08-11,3168.56298947984
2021-08-12,3038.06152659264
2021-08-13,3316.4789421391
2021-08-14,3268.96369590883
2021-08-15,3310.72739333723
2021-08-16,3157.77383635301
2021-08-17,3020.57140093513
2021-08-18,3041.32005961426
2021-08-19,3173.97182279369
2021-08-20,3278.21872413793
2021-08-21,3234.70727819988
2021-08-22,3245.89347866745
2021-08-23,3322.63785096435
2021-08-24,3183.60909175921
2021-08-25,3228.70326125073
2021-08-26,3120.59653535944
2021-08-27,3270.01309877265
2021-08-28,3242.67174956166
2021-08-29,3230.91460140269
2021-08-30,3238.36036382233
2021-08-31,3431.94775306838
2021-09-01,3793.82968188194
2021-09-02,3791.89593600234
2021-09-03,3918.58263822326
2021-09-04,3886.23001350088
2021-09-05,3954.61792343659
2021-09-06,3928.83401098773
2021-09-07,3432.84963062537
2021-09-08,3507.77644915254
2021-09-09,3432.86342255991
2021-09-10,3204.17646580947
2021-09-11,3259.20964196376
2021-09-12,3417.71937288136
2021-09-13,3289.54985417884
2021-09-14,3419.67508416131
2021-09-15,3591.05804003507
2021-09-16,3567.72092518995
2021-09-17,3396.52101694915
2021-09-18,3425.02434453536
2021-09-19,3319.99040093513
2021-09-20,2965.36816510812
2021-09-21,2745.84817299825
2021-09-22,3063.72133167738
2021-09-23,3147.4950742256
2021-09-24,2932.5593233197
2021-09-25,2932.4982798948
2021-09-26,3048.59561689071
2021-09-27,2952.49630537697
2021-09-28,2815.59470835769
2021-09-29,2843.27176943308
2021-09-30,3001.52751344243
2021-10-01,3299.44177030976
2021-10-02,3393.85702828755
2021-10-03,3420.43901578025
2021-10-04,3391.62332057276
2021-10-05,3520.41445382817
2021-10-06,3588.43408123904
2021-10-07,3589.30707393337
2021-10-08,3561.09410490941
2021-10-09,3579.87203652835
2021-10-10,3432.00171537113
2021-10-11,3519.56701022794
2021-10-12,3491.26025043834
2021-10-13,3597.56289830509
2021-10-14,3786.54223734658
2021-10-15,3861.71246171829
2021-10-16,3836.76805020456
2021-10-17,3836.39770426651
2021-10-18,3746.06606575102
2021-10-19,3875.04413851549
2021-10-20,4153.38661163063
2021-10-21,4065.16743161894
2021-10-22,3975.54315663355
2021-10-23,4159.57953886616
2021-10-24,4076.59357364115
2021-10-25,4214.41058854471
2021-10-26,4130.63251782583
2021-10-27,3947.62192840444
2021-10-28,4278.7702685564
2021-10-29,4413.18682086499
2021-10-30,4311.34383021625
2021-10-31,4293.96550701344
2021-11-01,4325.78806049094
2021-11-02,4586.37950379895
2021-11-03,4598.85212857978
2021-11-04,4535.60184395091
2021-11-05,4476.89731385155
2021-11-06,4511.6425622443
2021-11-07,4609.29109146698
2021-11-08,4811.1564628872
2021-11-09,4735.69674663939
2021-11-10,4619.95512857978
2021-11-11,4727.74631618936
2021-11-12,4662.76119988311
2021-11-13,4644.9424868498
2021-11-14,4609.51656691993
2021-11-15,4569.40776972531
2021-11-16,4234.13146493279
2021-11-17,4265.59900555231
2021-11-18,3985.67437317358
2021-11-19,4291.28635008767
2021-11-20,4413.14425073057
2021-11-21,4310.08043366452
2021-11-22,4096.77240122735
2021-11-23,4348.15622793688
2021-11-24,4261.96911367621
2021-11-25,4526.04295119813
2021-11-26,4052.00856838106
2021-11-27,4086.92330187025
2021-11-28,4291.07917124489
2021-11-29,4448.40999064874
2021-11-30,4645.05362711864
2021-12-01,4584.53445119813
2021-12-02,4527.54475686733
2021-12-03,4232.93315078901
2021-12-04,4097.76126125073
2021-12-05,4190.58069286967
2021-12-06,4341.94102104033
2021-12-07,4303.76265166569
2021-12-08,4427.31263383986
2021-12-09,4157.28748042081
2021-12-10,3931.61310549386
2021-12-11,4079.58498480421
2021-12-12,4140.98769053185
2021-12-13,3788.08233664524
2021-12-14,3850.76330829924
2021-12-15,4015.64231209819
2021-12-16,3973.45109526593
2021-12-17,3885.43008158971
2021-12-18,3965.87124079486
2021-12-19,3937.56586236119
2021-12-20,3939.67427615429
2021-12-21,4028.99787901812
2021-12-22,3984.71278784337
2021-12-23,4101.84956078317
2021-12-24,4045.16450350672
2021-12-25,4099.92122180012
2021-12-26,4070.35206282876
2021-12-27,4044.38847749854
2021-12-28,3806.11023553477
2021-12-29,3638.66337872589
2021-12-30,3708.0373351841
2021-12-31,3686.9517918761
2022-01-01,3761.05964026885
2022-01-02,3832.36560987726
2022-01-03,3765.44034950322
2022-01-04,3796.64046078317
2022-01-05,3545.75825844535
2022-01-06,3413.23750263004
2022-01-07,3190.12681209819
2022-01-08,3092.88001665693
2022-01-09,3154.84015575687
2022-01-10,3079.86577586207
2022-01-11,3241.95426534191
2022-01-12,3372.8478100526
2022-01-13,3253.07153477499
2022-01-14,3308.71572647575
2022-01-15,3334.44671624781
2022-01-16,3356.33249970777
2022-01-17,3211.12031502046
2022-01-18,3165.79673085915
2022-01-19,3105.41949795441
2022-01-20,3011.87563880772
2022-01-21,2565.0556484512
2022-01-22,2400.82875043834
2022-01-23,2533.49403682057
2022-01-24,2439.12303068381
2022-01-25,2458.38200011689
2022-01-26,2467.10777206312
2022-01-27,2412.6244704851
2022-01-28,2545.54989713618
2022-01-29,2593.19728784337
2022-01-30,2610.55529894798
2022-01-31,2686.26782933957
2022-02-01,2795.5781528346
2022-02-02,2686.64838047925
2022-02-03,2670.65337931034
2022-02-04,2969.93218322618
2022-02-05,3017.60991642314
2022-02-06,3049.37219111631
2022-02-07,3145.37367592051
2022-02-08,3126.63435172414
2022-02-09,3241.72396054939
2022-02-10,3080.56548188194
2022-02-11,2924.08046814728
2022-02-12,2910.83617533606
2022-02-13,2880.69652571596
2022-02-14,2936.29826037405
2022-02-15,3175.2582150789
2022-02-16,3140.52647866745
2022-02-17,2887.98329310345
2022-02-18,2784.71829456458
2022-02-19,2757.59524547049
2022-02-20,2636.38894248977
2022-02-21,2578.87216978375
2022-02-22,2636.22923874927
2022-02-23,2591.79215108124
2022-02-24,2594.05176271187
2022-02-25,2788.59007977791
2022-02-26,2777.68419199299
2022-02-27,2614.48211922852
2022-02-28,2914.46506487434
2022-03-01,2969.53468030392
2022-03-02,2954.65685739334
2022-03-03,2836.95393191116
2022-03-04,2617.82250379895
2022-03-05,2662.88603331385
2022-03-06,2557.90416393922
2022-03-07,2501.00067124489
2022-03-08,2577.76486323787
2022-03-09,2726.9712761543
2022-03-10,2611.41140765634
2022-03-11,2562.6069748685
2022-03-12,2578.18213267095
2022-03-13,2516.49195207481
2022-03-14,2589.37761689071
2022-03-15,2621.23701899474
2022-03-16,2768.91552717709
2022-03-17,2816.07112390415
2022-03-18,2945.90649006429
2022-03-19,2948.82827971946
2022-03-20,2861.81527405026
2022-03-21,2898.31257539451
2022-03-22,2976.63482524839
2022-03-23,3021.12716715371
2022-03-24,3110.07358153127
2022-03-25,3104.45554324956
2022-03-26,3145.64074167154
2022-03-27,3288.73951139684
2022-03-28,3346.48037200468
2022-03-29,3398.67210052601
2022-03-30,3389.04939859731
2022-03-31,3281.78751081239
2022-04-01,3446.51983682057
2022-04-02,3451.96555774401
2022-04-03,3521.53255113968
2022-04-04,3525.40589713618
2022-04-05,3425.35487270602
2022-04-06,3183.70336908241
2022-04-07,3238.18884687317
2022-04-08,3185.76596639392
2022-04-09,3257.96308474576
2022-04-10,3218.1317761543
2022-04-11,2985.2986779661
2022-04-12,3027.95501139684
2022-04-13,3118.53925920514
2022-04-14,3019.78703097604
2022-04-15,3039.32726592636
2022-04-16,3065.65542343659
2022-04-17,2996.52688457043
2022-04-18,3058.24911367621
2022-04-19,3104.38072004676
2022-04-20,3078.53693571011
2022-04-21,2984.30083985973
2022-04-22,2963.93688515488
2022-04-23,2941.41439567504
2022-04-24,2924.17223728813
2022-04-25,3012.2152773232
2022-04-26,2801.38247457627
2022-04-27,2886.84557685564
2022-04-28,2934.09959088252
2022-04-29,2815.62725832846
2022-04-30,2729.73245441262
2022-05-01,2829.09136440678
2022-05-02,2861.52780946815
2022-05-03,2780.92367007598
2022-05-04,2936.76534658095
2022-05-05,2746.63528112215
2022-05-06,2697.48142811221
2022-05-07,2636.53088603156
2022-05-08,2519.63678281707
2022-05-09,2257.95058188194
2022-05-10,2342.92739614261
2022-05-11,2068.27522092344
2022-05-12,1958.4534585038
2022-05-13,2016.05178404442
2022-05-14,2053.09169362946
2022-05-15,2138.96401139684
2022-05-16,2022.61946464056
2022-05-17,2092.88074547048
2022-05-18,1921.00792752776
2022-05-19,2016.37226154296
2022-05-20,1962.03072969024
2022-05-21,1973.77449105786
2022-05-22,2044.56454897721
2022-05-23,1970.62047516072
2022-05-24,1977.80444576271
2022-05-25,1944.32836265342
2022-05-26,1807.68160239626
2022-05-27,1721.27814289889
2022-05-28,1793.65815663355
2022-05-29,1811.05755844535
2022-05-30,1996.49929953244
2022-05-31,1947.31703623612
2022-06-01,1827.6371081239
2022-06-02,1835.3889748685
2022-06-03,1773.33450613676
2022-06-04,1799.04830862069
2022-06-05,1805.68905447107
2022-06-06,1857.0548635301
2022-06-07,1812.55737521917
2022-06-08,1794.50157685564
2022-06-09,1787.18229456458
2022-06-10,1662.50309760374
2022-06-11,1529.50090531853
2022-06-12,1449.37609070719
2022-06-13,1192.1638591467
2022-06-14,1205.54458474576
2022-06-15,1228.52421186441
2022-06-16,1062.05631794272
2022-06-17,1087.0124880187
2022-06-18,992.790097311514
2022-06-19,1124.3688886616
2022-06-20,1122.38415809468
2022-06-21,1124.80054354179
2022-06-22,1052.48545265926
2022-06-23,1144.74839117475
2022-06-24,1233.92042811221
2022-06-25,1242.46349766219
2022-06-26,1204.22064611338
2022-06-27,1194.90176943308
2022-06-28,1142.80152688486
2022-06-29,1095.82495207481
2022-06-30,1041.53905172414
2022-07-01,1066.1029628872
2022-07-02,1066.51756253653
2022-07-03,1073.70227878434
2022-07-04,1150.1623100526
2022-07-05,1134.55701782583
2022-07-06,1190.01984395091
2022-07-07,1238.44509789597
2022-07-08,1231.2732019287
2022-07-09,1216.82491992987
2022-07-10,1167.00219023963
2022-07-11,1096.53821274109
2022-07-12,1040.3091364699
2022-07-13,1109.91739918177
2022-07-14,1190.77715517241
2022-07-15,1235.44640999416
2022-07-16,1352.58443950906
2022-07-17,1345.29871186441
2022-07-18,1568.5177969024
2022-07-19,1545.68401548802
2022-07-20,1523.17327171245
2022-07-21,1578.50633021625
2022-07-22,1536.58702454705
2022-07-23,1550.44882115722
2022-07-24,1603.32482787843
2022-07-25,1461.68290911748
2022-07-26,1431.20655336061
2022-07-27,1632.34205330216
2022-07-28,1724.61137200468
2022-07-29,1746.07636090006
2022-07-30,1692.89731209819
2022-07-31,1682.69250409117
2022-08-01,1635.83942051432
2022-08-02,1640.55228550555
2022-08-03,1616.22450905903
2022-08-04,1606.95118293396
2022-08-05,1725.62800490941
2022-08-06,1695.53410169492
2022-08-07,1697.48315371128
2022-08-08,1776.06239567504
2022-08-09,1703.99224897721
2022-08-10,1850.82996142607
2022-08-11,1878.11309555815
2022-08-12,1954.77856107539
2022-08-13,1981.2375414962
2022-08-14,1936.33989158387
2022-08-15,1901.74608649912
2022-08-16,1876.61579427236
2022-08-17,1833.20730216248
2022-08-18,1849.20067504383
2022-08-19,1615.85071274109
2022-08-20,1575.83517270602
2022-08-21,1621.43778018703
2022-08-22,1607.93964377557
2022-08-23,1663.88241525424
2022-08-24,1658.74535037989
2022-08-25,1695.09793629456
2022-08-26,1508.81155990649
2022-08-27,1492.86255990649
2022-08-28,1440.91843746347
2022-08-29,1550.2820458796
2022-08-30,1529.58784628872
2022-08-31,1551.72922092344
2022-09-01,1586.34916686148
2022-09-02,1576.59604120397
2022-09-03,1555.05634833431
2022-09-04,1576.03008123904
2022-09-05,1613.06100555231
2022-09-06,1565.69543600234
2022-09-07,1633.8871465225
2022-09-08,1634.5638766803
2022-09-09,1717.52412244302
2022-09-10,1779.75839479836
2022-09-11,1758.45961922852
2022-09-12,1710.77241729982
2022-09-13,1574.04311630625
2022-09-14,1633.75933313852
2022-09-15,1472.5554792519
2022-09-16,1430.06413968439
2022-09-17,1469.37018877849
2022-09-18,1337.85839099942
2022-09-19,1379.44124693162
2022-09-20,1323.40883226184
2022-09-21,1249.1307238457
2022-09-22,1328.6692653419
2022-09-23,1330.95503302162
2022-09-24,1317.0079465225
2022-09-25,1294.54904383402
2022-09-26,1334.38671420222
2022-09-27,1330.5247402104
2022-09-28,1339.13675394506
2022-09-29,1333.64239392168
2022-09-30,1327.0759956166
2022-10-01,1311.22253331385
2022-10-02,1276.55304675628
2022-10-03,1324.40998334307
2022-10-04,1362.84395236704
2022-10-05,1352.55720689655
2022-10-06,1351.3537402104
2022-10-07,1332.54090561075
2022-10-08,1315.45911864407
2022-10-09,1320.93465400351
2022-10-10,1292.04924693162
2022-10-11,1278.54329719462
2022-10-12,1294.63398918761
2022-10-13,1288.20101256575
2022-10-14,1297.32227849211
2022-10-15,1274.99698947984
2022-10-16,1305.60972296902
2022-10-17,1332.3694792519
2022-10-18,1311.29945967271
2022-10-19,1284.66447399182
2022-10-20,1281.90813793103
2022-10-21,1299.87529164231
2022-10-22,1314.30632261835
2022-10-23,1363.86034102864
2022-10-24,1344.55304383402
2022-10-25,1461.29032407949
2022-10-26,1571.25949210988
2022-10-27,1514.78292051432
2022-10-28,1555.96761455289
2022-10-29,1618.89496873174
2022-10-30,1589.51054997078
2022-10-31,1571.20387054354
2022-11-01,1580.25594681473
2022-11-02,1519.57743717124
2022-11-03,1529.79641525424
2022-11-04,1644.7656364699
2022-11-05,1627.35012068965
2022-11-06,1574.97463471654
2022-11-07,1567.4638132671
2022-11-08,1331.86717884278
2022-11-09,1092.99871040327
2022-11-10,1297.56088690824
2022-11-11,1280.90110344828
2022-11-12,1252.00409994156
2022-11-13,1220.14754500292
2022-11-14,1240.72447603741
2022-11-15,1249.54837960257
2022-11-16,1214.79349853887
2022-11-17,1199.72255055523
2022-11-18,1209.4787565751
2022-11-19,1218.60619929866
2022-11-20,1139.64296113384
2022-11-21,1107.64197720631
2022-11-22,1134.7735163647
2022-11-23,1183.16671361777
2022-11-24,1202.6865
2022-11-25,1199.06187580362
2022-11-26,1204.81936440678
2022-11-27,1196.86665049679
2022-11-28,1168.91699678551
2022-11-29,1217.08083810637
2022-11-30,1298.03941963764
2022-12-01,1275.71093571011
2022-12-02,1292.87129018118
2022-12-03,1240.93125043834
2022-12-04,1280.03346960842
2022-12-05,1258.52961747516
2022-12-06,1270.18564289889
2022-12-07,1232.55245441262
2022-12-08,1281.63305201636
2022-12-09,1263.20861864407
2022-12-10,1266.7714421391
2022-12-11,1263.06966656926
2022-12-12,1274.78023495032
2022-12-13,1320.40190677966
2022-12-14,1308.14814056107
2022-12-15,1264.12830508475
2022-12-16,1164.54822443016
2022-12-17,1187.08355902981
2022-12-18,1187.40088690824
2022-12-19,1167.13473611923
2022-12-20,1217.78852659264
2022-12-21,1212.37697340736
2022-12-22,1216.84605055523
2022-12-23,1219.86765049679
2022-12-24,1220.58067533606
2022-12-25,1217.7824880187
2022-12-26,1224.37791788428
2022-12-27,1211.57558153127
2022-12-28,1188.10792518995
2022-12-29,1200.92096843951
2022-12-30,1198.58331034483
2022-12-31,1195.33087931034
2023-01-01,1200.00591934541
2023-01-02,1214.8377685564
2023-01-03,1214.22573816482
2023-01-04,1255.92211689071
2023-01-05,1250.14810315605
2023-01-06,1269.2522521917
2023-01-07,1263.50416335476
2023-01-08,1284.640028346
2023-01-09,1320.62153097604
2023-01-10,1335.65639655172
2023-01-11,1380.51409789597
2023-01-12,1417.14464611338
2023-01-13,1449.88405055523
2023-01-14,1551.58092372881
2023-01-15,1552.31962039743
2023-01-16,1577.95188194039
2023-01-17,1570.19011279953
2023-01-18,1519.97825832846
2023-01-19,1550.32473816482
2023-01-20,1658.07273027469
2023-01-21,1628.12569403857
2023-01-22,1628.26689450614
2023-01-23,1627.93555610754
2023-01-24,1553.74205523086
2023-01-25,1607.73188661601
2023-01-26,1601.93506399766
2023-01-27,1598.01924400935
2023-01-28,1570.18742606663
2023-01-29,1646.29684132087
2023-01-30,1565.98836440678
2023-01-31,1584.82108328463
2023-02-01,1641.90211075395
2023-02-02,1646.33768264173
2023-02-03,1665.60525014611
2023-02-04,1671.04695207481
2023-02-05,1631.12114172998
2023-02-06,1614.27482232613
2023-02-07,1672.72231092928
2023-02-08,1650.23299795441
2023-02-09,1545.6244585038
2023-02-10,1514.2499868498
2023-02-11,1540.18145032145
2023-02-12,1513.77351841029
2023-02-13,1506.22274605494
2023-02-14,1557.42669579194
2023-02-15,1672.84323933372
2023-02-16,1643.89578404442
2023-02-17,1696.04581063705
2023-02-18,1690.93641057861
2023-02-19,1683.20734979544
2023-02-20,1700.88487288136
2023-02-21,1655.09468264173
2023-02-22,1641.94119491525
2023-02-23,1649.39288398597
2023-02-24,1608.29904324956
2023-02-25,1593.90391671537
2023-02-26,1640.57851431911
2023-02-27,1633.62932583285
2023-02-28,1606.66273436587
2023-03-01,1661.70797282291
2023-03-02,1647.85497837522
2023-03-03,1569.16893132671
2023-03-04,1565.88301373466
2023-03-05,1563.63009818819
2023-03-06,1567.53606341321
2023-03-07,1560.02789246055
2023-03-08,1534.22761718293
2023-03-09,1436.66890824079
2023-03-10,1434.1492194623
2023-03-11,1477.24561835184
2023-03-12,1586.49992781999
2023-03-13,1677.88656078317
2023-03-14,1706.89304383402
2023-03-15,1655.43240093513
2023-03-16,1677.25818614845
2023-03-17,1791.02045382817
2023-03-18,1764.36525336061
2023-03-19,1801.75050058445
2023-03-20,1737.37734073641
2023-03-21,1805.09059409702
2023-03-22,1738.26925452952
2023-03-23,1819.24090590298
2023-03-24,1751.13301110462
2023-03-25,1742.46973699591
2023-03-26,1778.52934570427
2023-03-27,1714.87305932203
2023-03-28,1774.92046697838
2023-03-29,1794.74885768556
2023-03-30,1791.79660169492
2023-03-31,1824.00190356517
2023-04-01,1822.41595762712
2023-04-02,1794.75583547633
2023-04-03,1811.18531180596
2023-04-04,1868.19117066043
2023-04-05,1911.12547106955
2023-04-06,1872.08796493279
2023-04-07,1866.34243366452
2023-04-08,1851.750106955
2023-04-09,1861.1328395675
2023-04-10,1912.11599473992
2023-04-11,1891.72326592636
2023-04-12,1921.77945996493
2023-04-13,2010.86303623612
2023-04-14,2102.23098217417
2023-04-15,2094.48822501461
2023-04-16,2119.36738223261
2023-04-17,2076.5863679135
2023-04-18,2101.64348246639
2023-04-19,1936.27672559907
2023-04-20,1943.00065926359
2023-04-21,1849.59096668615
2023-04-22,1875.55641846873
2023-04-23,1862.81730888369
2023-04-24,1842.86772092344
2023-04-25,1868.05564640561
2023-04-26,1866.89703068381
2023-04-27,1909.36528959673
2023-04-28,1893.93526767972
2023-04-29,1905.84894038574
2023-04-30,1885.55236995909
2023-05-01,1831.77346551724
2023-05-02,1872.31188398597
2023-05-03,1905.09636908241
2023-05-04,1877.04549620105
2023-05-05,1995.59514143776
2023-05-06,1900.32479427236
2023-05-07,1900.28729222677
2023-05-08,1850.24827673875
2023-05-09,1848.22007364115
2023-05-10,1842.46204091175
2023-05-11,1795.59223991818
2023-05-12,1807.86421858562
2023-05-13,1799.58322033898
2023-05-14,1799.90850993571
2023-05-15,1819.31062916423
2023-05-16,1824.28658240795
2023-05-17,1822.18958416131
2023-05-18,1803.8054377557
2023-05-19,1813.16229193454
2023-05-20,1819.32194330801
2023-05-21,1806.48285184103
2023-05-22,1818.20541291642
2023-05-23,1854.56284511981
2023-05-24,1801.14089976622
2023-05-25,1806.9382106955
2023-05-26,1829.23536440678
2023-05-27,1830.77384950321
2023-05-28,1911.28677440093
2023-05-29,1894.85833810637
2023-05-30,1900.83276183519
2023-05-31,1872.94246113384
2023-06-01,1861.87719082408
2023-06-02,1906.95200964348
2023-06-03,1891.8916364699
2023-06-04,1892.3073100526
2023-06-05,1812.74285300994
2023-06-06,1883.15331735827
2023-06-07,1831.89239801286
2023-06-08,1847.23547516072
2023-06-09,1838.42196376388
2023-06-10,1752.90041496201
2023-06-11,1751.8336811806
2023-06-12,1742.45293424898
2023-06-13,1736.92458503799
2023-06-14,1650.15449649328
2023-06-15,1663.84364611338
2023-06-16,1716.62002104033
2023-06-17,1727.57647136178
2023-06-18,1720.11903828171
2023-06-19,1734.98348451198
2023-06-20,1789.79935710111
2023-06-21,1894.31125803624
2023-06-22,1874.36079076563
2023-06-23,1891.57702922268
2023-06-24,1876.10660052601
2023-06-25,1899.80092402104
2023-06-26,1857.5683351841
2023-06-27,1888.94404208065
2023-06-28,1829.66858649912
2023-06-29,1853.17543687902
2023-06-30,1934.61751548802
2023-07-01,1923.13508825248
2023-07-02,1935.59753769725
2023-07-03,1954.20382291058
2023-07-04,1938.38063091759
2023-07-05,1912.14585213325
2023-07-06,1854.37547632963
2023-07-07,1869.3275622443
2023-07-08,1864.05657831677
2023-07-09,1862.63280011689
2023-07-10,1880.33877177089
2023-07-11,1878.36697545295
2023-07-12,1871.59052337814
2023-07-13,2002.01825043834
2023-07-14,1935.13725511397
2023-07-15,1930.71778521333
2023-07-16,1924.54624693162
2023-07-17,1912.2863798948
2023-07-18,1897.39907071888
2023-07-19,1889.51615166569
2023-07-20,1891.97682437171
2023-07-21,1892.11009234366
2023-07-22,1861.28420485096
2023-07-23,1887.97183430742
2023-07-24,1849.92425336061
2023-07-25,1857.55349269433
2023-07-26,1871.16815838691
2023-07-27,1859.04174693162
2023-07-28,1875.01526972531
2023-07-29,1881.00276534191
2023-07-30,1861.50678521333
2023-07-31,1856.18514465225
2023-08-01,1866.98985067212
2023-08-02,1838.2950862069
2023-08-03,1835.91625482174
2023-08-04,1826.2735829924
2023-08-05,1835.38041437756
2023-08-06,1826.94227440093
2023-08-07,1825.86593308007
2023-08-08,1856.70175043834
2023-08-09,1855.32526271186
2023-08-10,1850.89056019871
2023-08-11,1846.58541788428
2023-08-12,1848.60640794857
2023-08-13,1838.95695002922
2023-08-14,1843.84205055523
2023-08-15,1827.12240327294
2023-08-16,1806.94174839275
2023-08-17,1688.89880537697
2023-08-18,1660.65438603156
2023-08-19,1668.86229748685
2023-08-20,1683.56179661017
2023-08-21,1667.28708883694
2023-08-22,1631.88740853302
2023-08-23,1678.89443424898
2023-08-24,1656.64010169491
2023-08-25,1652.96844623027
2023-08-26,1645.92842226768
2023-08-27,1656.75394593805
2023-08-28,1652.81391934541
2023-08-29,1726.95467679719
2023-08-30,1705.04314114553
2023-08-31,1645.67690531853
2023-09-01,1628.75344476914
2023-09-02,1636.88336528346
2023-09-03,1635.56472647575
2023-09-04,1627.41772355348
2023-09-05,1632.72254324956
2023-09-06,1632.395921391
2023-09-07,1646.08132933957
2023-09-08,1636.38499357101
2023-09-09,1634.67623524255
2023-09-10,1617.41718790181
2023-09-11,1549.35964874342
2023-09-12,1594.0094345412
2023-09-13,1607.7192194623
2023-09-14,1627.52328755114
2023-09-15,1643.92288106371
2023-09-16,1634.72032933957
2023-09-17,1620.58054354179
2023-09-18,1637.64761016949
2023-09-19,1643.48128784337
2023-09-20,1622.66867942724
2023-09-21,1584.68828667446
2023-09-22,1593.62554763296
2023-09-23,1592.93375365284
2023-09-24,1581.2407817066
2023-09-25,1587.55197077732
2023-09-26,1592.03694038574
2023-09-27,1596.47206604325
2023-09-28,1652.89402893045
2023-09-29,1667.55800642899
2023-09-30,1671.13527235535
2023-10-01,1731.54860958504
2023-10-02,1663.19262887201
2023-10-03,1656.90272647575
2023-10-04,1648.97039859731
2023-10-05,1613.01122939801
2023-10-06,1645.72665341905
2023-10-07,1635.14589070719
2023-10-08,1632.99003798948
2023-10-09,1579.55456808884
2023-10-10,1568.32793717125
2023-10-11,1565.31241496201
2023-10-12,1538.10105201636
2023-10-13,1550.26081034483
2023-10-14,1555.66229076563
2023-10-15,1556.29597632963
2023-10-16,1600.99388457043
2023-10-17,1565.29439362946
2023-10-18,1563.40930859147
2023-10-19,1566.42841876096
2023-10-20,1605.57386294565
2023-10-21,1628.75319929866
2023-10-22,1663.03004091175
2023-10-23,1763.06074313267
2023-10-24,1784.6231823495
2023-10-25,1786.28815692577
2023-10-26,1804.61282933957
2023-10-27,1780.84673845704
2023-10-28,1776.20995675044
2023-10-29,1797.71945149036
2023-10-30,1809.38564757452
2023-10-31,1813.54269783752
2023-11-01,1846.08104295733
2023-11-02,1799.2211244886
2023-11-03,1832.61355727645
2023-11-04,1859.52932407949
2023-11-05,1896.54958766803
2023-11-06,1898.86499298656
2023-11-07,1886.19089158387
2023-11-08,1892.6552150789
2023-11-09,2115.80718468732
2023-11-10,2080.74105844535
2023-11-11,2046.32508503799
2023-11-12,2044.94616014027
2023-11-13,2062.53573699591
2023-11-14,1982.44437434249
2023-11-15,2056.27591466978
2023-11-16,1959.63886236119
2023-11-17,1958.85209994155
2023-11-18,1962.39401081239
2023-11-19,2009.78161805961
2023-11-20,2024.27034190532
2023-11-21,1945.5181244886
2023-11-22,2064.39985739334
2023-11-23,2063.22440122735
2023-11-24,2079.30062361192
2023-11-25,2084.53667621274
2023-11-26,2065.37363062537
2023-11-27,2027.24106779661
2023-11-28,2049.73816247808
2023-11-29,2028.84542109877
2023-11-30,2051.0453308007
2023-12-01,2086.10865020456
2023-12-02,2164.74958825248
2023-12-03,2193.55490765634
2023-12-04,2238.0204748685
2023-12-05,2291.50846785506
2023-12-06,2231.62348100526
2023-12-07,2354.39729836353
2023-12-08,2359.29733576856
2023-12-09,2341.9603766803
2023-12-10,2351.04702162478
2023-12-11,2221.86452425482
2023-12-12,2201.24024839275
2023-12-13,2260.86859175921
2023-12-14,2319.55548042081
2023-12-15,2221.4636277031
2023-12-16,2224.69860870836
2023-12-17,2200.06795558153
2023-12-18,2215.89467299825
2023-12-19,2176.07665926359
2023-12-20,2195.89209263589
2023-12-21,2237.71803623612
2023-12-22,2326.30142402104
2023-12-23,2311.02396814728
2023-12-24,2268.21977440094
2023-12-25,2274.25886966686
2023-12-26,2229.44579982466
2023-12-27,2378.56683167738
2023-12-28,2351.43687638808
2023-12-29,2295.94371127995
2023-12-30,2293.75403945061
2023-12-31,2279.07572355348
2024-01-01,2347.43826125073
2024-01-02,2357.63096084161
2024-01-03,2207.34334979544
2024-01-04,2272.18009088253
2024-01-05,2267.64338778492
2024-01-06,2238.93393980129
2024-01-07,2218.46866306254
2024-01-08,2332.30309205143
2024-01-09,2339.66153652835
2024-01-10,2590.84570981882
2024-01-11,2618.69897837522
2024-01-12,2519.14196843951
2024-01-13,2580.01773290473
2024-01-14,2479.10104091175
2024-01-15,2512.73806808884
2024-01-16,2590.58586411455
2024-01-17,2524.52326651081
2024-01-18,2466.73101315021
2024-01-19,2490.05942811222
2024-01-20,2469.73605902981
2024-01-21,2454.59006867329
2024-01-22,2312.20573436587
2024-01-23,2238.99027849211
2024-01-24,2233.65031472823
2024-01-25,2218.09818790181
2024-01-26,2266.88314348334
2024-01-27,2266.63358649912
2024-01-28,2255.09584307423
2024-01-29,2314.929449737
2024-01-30,2348.3221987142
2024-01-31,2284.19509848042
2024-02-01,2300.17150613676
2024-02-02,2306.20428988895
2024-02-03,2294.85958562244
2024-02-04,2287.55248538866
2024-02-05,2296.7951823495
2024-02-06,2374.23775832846
2024-02-07,2424.69836703682
2024-02-08,2421.88923232028
2024-02-09,2490.79084073641
2024-02-10,2500.52634102864
2024-02-11,2504.4711899474
2024-02-12,2654.8437238457
2024-02-13,2638.38654091175
2024-02-14,2779.39197662186
2024-02-15,2825.4183603156
2024-02-16,2802.71410578609
2024-02-17,2786.64820397429
2024-02-18,2877.23226680304
2024-02-19,2948.52049386324
2024-02-20,3014.12615604909
2024-02-21,2965.02309906487
2024-02-22,2972.48551987142
2024-02-23,2923.20721975453
2024-02-24,2990.13751957919
2024-02-25,3111.73178638223
2024-02-26,3175.87239129164
2024-02-27,3244.34883255406
2024-02-28,3376.60128696669
2024-02-29,3350.23638281707
2024-03-01,3438.18769988311
2024-03-02,3420.33950701344
2024-03-03,3482.48343074226
2024-03-04,3630.73033343074
2024-03-05,3552.95023524255
2024-03-06,3820.764292519
2024-03-07,3868.68848305085
2024-03-08,3895.41697779077
2024-03-09,3914.19767445938
2024-03-10,3872.30338077148
2024-03-11,4072.90353009936
2024-03-12,3971.09591408533
2024-03-13,4004.5978722969
2024-03-14,3882.89582524839
2024-03-15,3736.92063383986
2024-03-16,3519.47903243717
2024-03-17,3638.45260432496
2024-03-18,3529.94917767387
2024-03-19,3165.8325338983
2024-03-20,3519.0726811806
2024-03-21,3489.54293863238
2024-03-22,3316.85662302747
2024-03-23,3354.71804412624
2024-03-24,3455.31273378142
2024-03-25,3595.95377440094
2024-03-26,3593.26549181765
2024-03-27,3498.33240648743
2024-03-28,3566.1563798948
2024-03-29,3516.30310140269
2024-03-30,3506.18175686733
2024-03-31,3644.72632057276
2024-04-01,3510.49059088252
2024-04-02,3283.00576212741
2024-04-03,3317.26652045587
2024-04-04,3327.80180274693
2024-04-05,3323.68147399182
2024-04-06,3368.21936294565
2024-04-07,3447.5169082408
2024-04-08,3700.18461426067
2024-04-09,3499.24437755699
2024-04-10,3541.31580829924
2024-04-11,3504.10413237873
2024-04-12,3234.93164260666
2024-04-13,3030.38006370544
2024-04-14,3158.85037901812
2024-04-15,3103.08803565167
2024-04-16,3088.46737171245
2024-04-17,2984.85811309176
2024-04-18,3067.80594067797
2024-04-19,3055.9694956166
2024-04-20,3155.52894243133
2024-04-21,3147.65961542957
2024-04-22,3205.79751431911
2024-04-23,3217.77177995324
2024-04-24,3133.02161046172
2024-04-25,3158.31867445938
2024-04-26,3129.83962390415
2024-04-27,3253.06380333138
2024-04-28,3262.86946580947
2024-04-29,3220.45092109877
2024-04-30,3012.4375447107
2024-05-01,2970.35463997662
2024-05-02,2988.55618001169
2024-05-03,3107.4065829924
2024-05-04,3116.85577060199
2024-05-05,3138.82202250146
2024-05-06,3067.52578550555
2024-05-07,3014.6582182934
2024-05-08,2970.40599883109
2024-05-09,3034.47790239626
2024-05-10,2910.85627527762
2024-05-11,2911.31118176505
2024-05-12,2930.52381063705
2024-05-13,2948.49537142022
2024-05-14,2881.04924284044
2024-05-15,3028.85788924606
2024-05-16,2941.34486236119
2024-05-17,3092.48875365283
2024-05-18,3122.58925452952
2024-05-19,3070.15583752192
2024-05-20,3661.91130683811
2024-05-21,3796.88597720631
2024-05-22,3740.96768877849
2024-05-23,3766.94141028638
2024-05-24,3728.02142022209
2024-05-25,3748.06725365284
2024-05-26,3824.52689099942
2024-05-27,3887.71309000584
2024-05-28,3844.94370251315
2024-05-29,3769.94606195208
2024-05-30,3747.58575832846
2024-05-31,3755.48389596727
2024-06-01,3813.36246522501
2024-06-02,3781.31107510228
2024-06-03,3767.48563822326
2024-06-04,3812.18925131502
2024-06-05,3863.33180479252
2024-06-06,3811.85764231444
2024-06-07,3679.91953915839
2024-06-08,3680.01974547049
2024-06-09,3705.6370295149
2024-06-10,3666.16929456458
2024-06-11,3497.70045324372
2024-06-12,3560.79752922268
2024-06-13,3470.07002191701
2024-06-14,3479.90397691409
2024-06-15,3567.76231297487
2024-06-16,3619.69397223846
2024-06-17,3509.52888807715
2024-06-18,3477.65919520748
2024-06-19,3557.56530420807
2024-06-20,3512.66682817066
2024-06-21,3518.29662799532
2024-06-22,3496.20113588545
2024-06-23,3419.96013325541
2024-06-24,3347.67256312098
2024-06-25,3392.701764173
2024-06-26,3368.95722998247
2024-06-27,3443.80289129164
2024-06-28,3372.74825394506
2024-06-29,3373.51496990064
2024-06-30,3437.88873202805
2024-07-01,3437.63577878434
2024-07-02,3418.16105698422
2024-07-03,3294.66166656926
2024-07-04,3080.69562215079
2024-07-05,2986.23631122151
2024-07-06,3067.92395236704
2024-07-07,2932.87202893045
2024-07-08,3020.46501139684
2024-07-09,3064.17542840444
2024-07-10,3101.14742080655
2024-07-11,3096.83160753945
2024-07-12,3130.37477936879
2024-07-13,3181.85794126242
2024-07-14,3256.67111513735
2024-07-15,3487.98836323787
2024-07-16,3446.72606838106
2024-07-17,3394.09970572764
2024-07-18,3431.12034132087
2024-07-19,3507.49268585623
2024-07-20,3520.56696551724
2024-07-21,3530.48212887201
2024-07-22,3441.93899883109
2024-07-23,3482.72823085915
2024-07-24,3331.71999532437
2024-07-25,3173.71819579193
2024-07-26,3278.93203009936
2024-07-27,3254.27405669199
2024-07-28,3270.68860987726
2024-07-29,3323.15159877265
2024-07-30,3276.18640619521
2024-07-31,3231.75860724722
2024-08-01,3203.2800251315
2024-08-02,2985.00033752192
2024-08-03,2904.77563267095
2024-08-04,2698.46006575102
2024-08-05,2434.27117241379
2024-08-06,2458.63231122151
2024-08-07,2346.30540765634
2024-08-08,2686.68575102279
2024-08-09,2592.96081472823
2024-08-10,2606.88256078317
2024-08-11,2559.00334541204
2024-08-12,2728.85513383986
2024-08-13,2702.50437317358
2024-08-14,2666.7787238457
2024-08-15,2573.75496990064
2024-08-16,2594.49798275862
2024-08-17,2612.18551811806
2024-08-18,2624.79728404442
2024-08-19,2631.95879164231
2024-08-20,2578.04840677966
2024-08-21,2628.34121654003
2024-08-22,2623.24894301578
2024-08-23,2766.0674465225
2024-08-24,2762.00674167154
2024-08-25,2758.14644067797
2024-08-26,2686.35025511397
2024-08-27,2461.3474126242
2024-08-28,2529.46513705435
2024-08-29,2527.16763500877
2024-08-30,2526.79224634717
2024-08-31,2513.39798889538
2024-09-01,2425.94320368206
2024-09-02,2538.60750350672
2024-09-03,2439.80527352425
2024-09-04,2452.92774605494
2024-09-05,2367.16648305085
2024-09-06,2220.58200146113
2024-09-07,2269.68727060199
2024-09-08,2300.06839947399
2024-09-09,2362.04203156049
2024-09-10,2389.51632524839
2024-09-11,2342.307735827
2024-09-12,2362.33115809468
2024-09-13,2442.77219959088
2024-09-14,2417.18522063121
2024-09-15,2319.29052425482
2024-09-16,2295.19158971362
2024-09-17,2337.065764173
2024-09-18,2358.79472209234
2024-09-19,2468.43390606955
2024-09-20,2554.7331440678
2024-09-21,2604.74345555231
2024-09-22,2581.10804656926
2024-09-23,2647.93771518995
2024-09-24,2655.48809611338
2024-09-25,2574.79220370544
2024-09-26,2629.70874305085
2024-09-27,2698.19885336645
2024-09-28,2674.69768520748
2024-09-29,2656.30026287259
2024-09-30,2596.25469104617
2024-10-01,2449.82723258913
2024-10-02,2368.07953022209
2024-10-03,2349.50757675044
2024-10-04,2415.12854195208
2024-10-05,2414.33166548802
2024-10-06,2438.50270520748
2024-10-07,2426.58129005845
2024-10-08,2439.58985277615
2024-10-09,2367.17415046172
2024-10-10,2382.12349206897
2024-10-11,2437.69309236119
2024-10-12,2478.24114976622
2024-10-13,2465.13859485681
2024-10-14,2630.9286433197
2024-10-15,2600.52300350088
2024-10-16,2611.98719444185
2024-10-17,2603.24426974869
2024-10-18,2641.44743767972
2024-10-19,2649.70135015196
2024-10-20,2746.1167819813
2024-10-21,2667.32642119229
2024-10-22,2623.28308167154
2024-10-23,2521.68281196376
2024-10-24,2532.13962009936
2024-10-25,2415.20924174167
2024-10-26,2480.57950252484
2024-10-27,2508.49473361192
2024-10-28,2566.18526073057
2024-10-29,2635.21967112799
2024-10-30,2660.86723967855
2024-10-31,2517.78620227937
2024-11-01,2512.4960977031
2024-11-02,2488.87335008767
2024-11-03,2454.59679184687
2024-11-04,2396.6696369024
2024-11-05,2428.97334286967
2024-11-06,2722.98460712741
2024-11-07,2891.87561452952
2024-11-08,2960.26662137931
2024-11-09,3139.9864959322
2024-11-10,3187.53665137931
2024-11-11,3370.23970491526
2024-11-12,3255.13258195208
2024-11-13,3190.90423042081
2024-11-14,3056.41021270018
2024-11-15,3097.45939781999
2024-11-16,3134.3861396201
2024-11-17,3070.19103244594
2024-11-18,3188.88800258329
2024-11-19,3111.79278153127
2024-11-20,3073.4292378609
2024-11-21,3365.32873022794
2024-11-22,3325.37564151958
2024-11-23,3397.37147417884
2024-11-24,3363.87790965517
2024-11-25,3429.90259469608
2024-11-26,3324.46444980713
2024-11-27,3669.22970552893
2024-11-28,3584.20799540035
2024-11-29,3595.61403426067
2024-11-30,3713.2009461017
2024-12-01,3716.08112306254
2024-12-02,3637.08652127411
2024-12-03,3623.91165189363
2024-12-04,3844.66120870544
2024-12-05,3794.68684265926
2024-12-06,4013.46741083577
2024-12-07,4006.19300609585
2024-12-08,4001.64654687317
2024-12-09,3714.17625189363
2024-12-10,3632.35232690824
2024-12-11,3836.84683938632
2024-12-12,3877.04927477499
2024-12-13,3905.45213670953
2024-12-14,3868.60262611338
2024-12-15,3947.67114785506
2024-12-16,3995.17742504968
2024-12-17,3877.73844905319
2024-12-18,3636.53763153127
2024-12-19,3429.8707307481
2024-12-20,3471.52409931619
2024-12-21,3328.83602427236
2024-12-22,3278.34651976037
2024-12-23,3422.51642397428
2024-12-24,3494.74814554646
2024-12-25,3490.75329557276
2024-12-26,3325.23435792519
2024-12-27,3322.09507143191
2024-12-28,3397.09541658095
2024-12-29,3346.92836869959
2024-12-30,3355.46704853302
2024-12-31,3332.45484545295
2025-01-01,3350.89031195207
2025-01-02,3447.58794734074
2025-01-03,3606.25034468732
2025-01-04,3657.79189278784
2025-01-05,3638.22340260082
2025-01-06,3683.0759798422
2025-01-07,3382.56745979544
2025-01-08,3325.54302042957
2025-01-09,3217.33715208065
2025-01-10,3269.77400255991
2025-01-11,3286.37892827002
2025-01-12,3258.17217992402
2025-01-13,3133.13948922852
2025-01-14,3226.57956712449
2025-01-15,3441.04207023963
2025-01-16,3303.13442745763
2025-01-17,3478.9034330976
2025-01-18,3303.37311349503
2025-01-19,3204.0508971128
2025-01-20,3285.42927070719
2025-01-21,3322.64100092051
2025-01-22,3239.67506596143
2025-01-23,3335.84164436002
2025-01-24,3310.42760140269
2025-01-25,3323.46523758036
2025-01-26,3241.02101870251
2025-01-27,3170.49577498539
2025-01-28,3070.75965838691
2025-01-29,3123.69937434249
2025-01-30,3255.85057013442
2025-01-31,3292.62381677382
2025-02-01,3119.95137697253
2025-02-02,2844.25948714202
2025-02-03,2877.57988457043
2025-02-04,2723.61294798364
2025-02-05,2780.85938369375
2025-02-06,2685.1318766803
2025-02-07,2612.95292606663
2025-02-08,2637.15946142607
2025-02-09,2623.44384395091
2025-02-10,2658.91628872005
2025-02-11,2603.96649620105
2025-02-12,2738.64540035067
2025-02-13,2674.91159789597
2025-02-14,2725.08277761543
2025-02-15,2694.22497194623
2025-02-16,2662.06831794272
2025-02-17,2743.38311601403
2025-02-18,2667.12430099357
2025-02-19,2718.18351461134
2025-02-20,2740.71687375804
2025-02-21,2655.73961426067
2025-02-22,2766.35815897136
2025-02-23,2821.85990298071
2025-02-24,2519.49570543542
2025-02-25,2499.3732150789
2025-02-26,2330.42813296318
2025-02-27,2298.49650789012
2025-02-28,2229.92881355932
2025-03-01,2208.95361747516
2025-03-02,2519.34991642314
2025-03-03,2153.5997773232
2025-03-04,2170.0642106955
2025-03-05,2241.06894506137
2025-03-06,2206.33553331385
2025-03-07,2134.73876709527
2025-03-08,2199.74715371128
2025-03-09,2015.69220105202
2025-03-10,1879.69313354763
2025-03-11,1923.01249590883
2025-03-12,1906.5185295149
2025-03-13,1863.52630742256
2025-03-14,1914.70355201636
2025-03-15,1939.64274050263
2025-03-16,1884.69832144945
2025-03-17,1927.87450613676
2025-03-18,1930.50927673875
2025-03-19,2056.96594564582
2025-03-20,1978.2045458796
2025-03-21,1966.1050710111
2025-03-22,1978.73242548217
2025-03-23,1997.88425306838
2025-03-24,2073.91071683226
2025-03-25,2065.10749736996
2025-03-26,2005.4321364699
2025-03-27,2003.37026212741
2025-03-28,1896.0268603156
2025-03-29,1823.59882349503
2025-03-30,1802.80018965517
2025-03-31,1823.44348568089
2025-04-01,1908.28501987142
2025-04-02,1795.48936616014
2025-04-03,1813.54323436587
2025-04-04,1812.99751081239
2025-04-05,1802.97516072472
2025-04-06,1569.10020689655
2025-04-07,1560.23826212741
2025-04-08,1471.09076125073
2025-04-09,1662.90904646406
2025-04-10,1522.26864669784
2025-04-11,1565.57072150789
2025-04-12,1646.45040736411
2025-04-13,1593.3115698422
2025-04-14,1623.4533766803
2025-04-15,1590.80377936879
2025-04-16,1577.76214319112
2025-04-17,1584.56991437756
2025-04-18,1589.17527673875
2025-04-19,1614.76228082992
2025-04-20,1585.28322150789
2025-04-21,1576.97164465225
2025-04-22,1758.00477177089
2025-04-23,1797.82488836937
2025-04-24,1769.47740765634
2025-04-25,1789.56658474576
2025-04-26,1820.05065546464
2025-04-27,1793.40027907656
2025-04-28,1799.8924050263
2025-04-29,1792.9466081239
2025-04-30,1795.28281034483
2025-05-01,1838.20588340152
2025-05-02,1841.31197457627
2025-05-03,1835.43869257744
2025-05-04,1809.26886206897
2025-05-05,1822.42831151373
2025-05-06,1814.22681735827
2025-05-07,1814.5519094097
2025-05-08,2193.0712805377
2025-05-09,2342.20799707773
2025-05-10,2584.61239742841
2025-05-11,2507.64435710111
2025-05-12,2493.58635534775
2025-05-13,2676.5017402104
2025-05-14,2603.05951344243
2025-05-15,2540.68613383986
2025-05-16,2546.7049465225
2025-05-17,2474.61027878434
2025-05-18,2465.93426212741
2025-05-19,2526.45705727645
2025-05-20,2525.32290794857
2025-05-21,2557.99176563413
2025-05-22,2657.42359701929
2025-05-23,2521.84042402104
2025-05-24,2529.64885359439
2025-05-25,2546.99536732905
2025-05-26,2561.92804529515
2025-05-27,2661.42436703682
2025-05-28,2677.11812273524
2025-05-29,2633.37122910579
2025-05-30,2525.27963413209
2025-05-31,2532.55873436587
2025-06-01,2539.24056341321
2025-06-02,2608.39263530099
2025-06-03,2595.07908591467
2025-06-04,2609.93374517826
2025-06-05,2421.2568220339
2025-06-06,2479.93381531268
2025-06-07,2527.09892109877
2025-06-08,2509.56872501461
2025-06-09,2676.70837200468
2025-06-10,2806.2143766803
2025-06-11,2774.56475336061
2025-06-12,2652.93859585038
2025-06-13,2578.02224722385
2025-06-14,2533.09064056108
2025-06-15,2546.5897761543
2025-06-16,2565.02230391584
2025-06-17,2513.40039538282
2025-06-18,2522.49356750438
2025-06-19,2523.04524547049
2025-06-20,2403.17304178843
2025-06-21,2266.03854500292
2025-06-22,2227.35017475161
2025-06-23,2421.45208328463
2025-06-24,2443.16771186441
2025-06-25,2417.98607714787
2025-06-26,2415.25481852718
2025-06-27,2422.03759585038
2025-06-28,2438.21842022209
2025-06-29,2503.22452016365
2025-06-30,2488.96316364699
2025-07-01,2400.70451081239
2025-07-02,2579.95848860316
2025-07-03,2590.32040794857
2025-07-04,2510.08707305669
2025-07-05,2518.45863588545
2025-07-06,2569.75132524839
2025-07-07,2542.78128462887
2025-07-08,2615.43112594974
2025-07-09,2775.83493658679
2025-07-10,2950.43276446523
2025-07-11,2958.64228667446
2025-07-12,2940.39548918761
2025-07-13,2969.63940093513
2025-07-14,3011.78428755114
2025-07-15,3132.8656157218
2025-07-16,3366.30753506721
2025-07-17,3489.39637258913
2025-07-18,3542.33909877265
2025-07-19,3592.11291057861
2025-07-20,3755.06715341905
2025-07-21,3765.90390122735
2025-07-22,3745.90083635301
2025-07-23,3629.55279777908
2025-07-24,3709.50907597896
2025-07-25,3722.55895032145
2025-07-26,3743.35857714787
2025-07-27,3863.5014880187
2025-07-28,3790.9041452367
2025-07-29,3790.87183372297
2025-07-30,3800.85833167738
2025-07-31,3701.44796201052
2025-08-01,3482.30238223261
2025-08-02,3393.52058854471
2025-08-03,3504.17049064874
2025-08-04,3719.13207539451
2025-08-05,3614.08048129749
2025-08-06,3682.01792606663
2025-08-07,3904.2433635301
2025-08-08,4016.25586236119
2025-08-09,4261.9204345412
2025-08-10,4248.71364552893
2025-08-11,4227.64236762127
2025-08-12,4599.41391846873
2025-08-13,4760.82676241964
2025-08-14,4560.76501022794
2025-08-15,4429.98655289304
2025-08-16,4422.6705862069
2025-08-17,4487.70970368206
2025-08-18,4321.5258842782
2025-08-19,4093.51478141438
2025-08-20,4337.65589713618
2025-08-21,4222.5846157218
2025-08-22,4831.10497749854
2025-08-23,4778.36752483928
2025-08-24,4787.25375745178
2025-08-25,4377.50717007598
2025-08-26,4601.96733810637
2025-08-27,4507.0350163647
2025-08-28,4504.04511922852
2025-08-29,4366.7936899474
2025-08-30,4372.10783167738
2025-08-31,4396.614606955
2025-09-01,4300.58149415546
2025-09-02,4322.33563062536
2025-09-03,4455.87243804793
2025-09-04,4316.90264465225
2025-09-05,4308.76928550555
2025-09-06,4277.15637317358
2025-09-07,4316.10284774985
2025-09-08,4305.11846668615
2025-09-09,4309.73367562829
2025-09-10,4348.6037805377
2025-09-11,4461.97569111631
2025-09-12,4702.87913120982
2025-09-13,4666.35363763881
2025-09-14,4609.893685564
2025-09-15,4524.12146668615
2025-09-16,4506.83149269433
2025-09-17,4595.04608036236
2025-09-18,4586.33670105202
2025-09-19,4463.60009351257
2025-09-20,4483.94747428404
2025-09-21,4452.53198918761
2025-09-22,4204.59655523086
2025-09-23,4170.44418088837
2025-09-24,4153.13078725891
2025-09-25,3875.37859468147
2025-09-26,4031.71004850964
2025-09-27,4020.11526504968
2025-09-28,4136.4756811806
2025-09-29,4220.42131589714
2025-09-30,4141.04144243132
2025-10-01,4338.2852434249
2025-10-02,4478.61686469901
2025-10-03,4519.82290414962
2025-10-04,4488.74868907072
2025-10-05,4518.09387872589
2025-10-06,4695.78451022794
2025-10-07,4464.01253302163
2025-10-08,4529.19221332554
2025-10-09,4368.90794301578
2025-10-10,3867.07758883694
2025-10-11,3749.88979456458
2025-10-12,4147.5814956166
2025-10-13,4249.54676563413
2025-10-14,4135.18015604909
2025-10-15,3984.26746230275
2025-10-16,3890.10663062536
2025-10-17,3838.55720222092
2025-10-18,3888.66811747516
2025-10-19,3988.23975043834
2025-10-20,3982.14718614845
2025-10-21,3881.40200701344
2025-10-22,3799.0574094097
2025-10-23,3856.09569199299
2025-10-24,3932.93122939801
2025-10-25,3955.02062916423
2025-10-26,4166.26219111631
2025-10-27,4118.91474137931
2025-10-28,3984.36764699006
2025-10-29,3902.84432378726
2025-10-30,3791.08245061368
2025-10-31,3851.14513091759
2025-11-01,3871.69728784337
2025-11-02,3892.96733927528
2025-11-03,3595.6841440678
2025-11-04,3282.72106575102
2025-11-05,3428.01642314436
2025-11-06,3303.66692986558
2025-11-07,3438.0656233197
2025-11-08,3405.3028012858
2025-11-09,3576.40794155465
2025-11-10,3570.58905815313
2025-11-11,3419.72296464056
2025-11-12,3410.5313264173
2025-11-13,3247.69008825248
2025-11-14,3112.32678550555
2025-11-15,3169.92543483343
2025-11-16,3090.50758416131
2025-11-17,3018.11872559906
2025-11-18,3117.43951928697
2025-11-19,3015.43288310929
2025-11-20,2844.77433810637
2025-11-21,2757.03679748685
2025-11-22,2772.12619257744
2025-11-23,2802.26699941555
2025-11-24,2958.66075715956
2025-11-25,2962.53465195792
2025-11-26,3024.35795704267
2025-11-27,3015.04006516657
2025-11-28,3035.43157714787
2025-11-29,2991.32805610754
2025-11-30,3002.61025482174
2025-12-01,2804.79124167154
2025-12-02,3003.37940648743
2025-12-03,3189.75251227352
2025-12-04,3136.48043804793
2025-12-05,3021.45198480421
2025-12-06,3036.21572150789
2025-12-07,3048.0956233197
2025-12-08,3125.14534073641
2025-12-09,3325.93575745178
2025-12-10,3329.80832583285
2025-12-11,3237.47843424898
2025-12-12,3087.7986767972
2025-12-13,3114.86668527177
2025-12-14,3060.69585388662
2025-12-15,2962.21389070719
2025-12-16,2958.2751081239
2025-12-17,2826.68701724138
2025-12-18,2826.57452688486
2025-12-19,2980.4724704851
2025-12-20,2975.45867592051
2025-12-21,3000.9371943308
2025-12-22,3004.76614056108
2025-12-23,2963.25538310929
2025-12-24,2946.73151811806
2025-12-25,2905.2144006429
2025-12-26,2926.08538047925
2025-12-27,2942.30547574518
2025-12-28,2946.08468264173
2025-12-29,2933.90624196376
2025-12-30,2969.19949064874
2025-12-31,2968.12801431911
2026-01-01,3000.88881268264
2026-01-02,3124.26197691409
2026-01-03,3125.24571244886
2026-01-04,3140.1174465225
2026-01-05,3229.65402805377
2026-01-06,3291.03787784921
2026-01-07,3163.42844097019
2026-01-08,3109.10774547049
2026-01-09,3085.00326271186
2026-01-10,3082.05532378726
2026-01-11,3112.54671624781
2026-01-12,3091.07288398597
2026-01-13,3322.29855201637
2026-01-14,3356.49862828755
2026-01-15,3314.54089479836
2026-01-16,3295.41368351841
2026-01-17,3306.92532524839
2026-01-18,3301.93096201052
2026-01-19,3185.10260227937
2026-01-20,2937.81746171829
2026-01-21,2991.97558971362
2026-01-22,2947.89295207481
2026-01-23,2951.59461922852
2026-01-24,2950.6620654588
2026-01-25,2806.82564319112
2026-01-26,2930.17946756283
2026-01-27,3022.82405873758
2026-01-28,3008.43984979544
2026-01-29,2818.53491466978
2026-01-30,2699.6404661017
2026-01-31,2444.24318264173
2026-02-01,2270.22719140853
2026-02-02,2345.61446464056
2026-02-03,2231.42898305085
2026-02-04,2147.39338924605
2026-02-05,1850.0371659848
2026-02-06,2064.07685622443
2026-02-07,2086.30893687902
2026-02-08,2093.81263588545
2026-02-09,2107.02768497954
2026-02-10,2017.25694389246
2026-02-11,1940.05835008767
2026-02-12,1944.85649064874
2026-02-13,2048.51233459965
2026-02-14,2086.63942548217
2026-02-15,1960.28208912916
2026-02-16,1996.39197632963
2026-02-17,1992.43069666861
2026-02-18,1951.87398100526
2026-02-19,1947.86147194623
2026-02-20,1967.10513237873
2026-02-21,1974.53984687317
2026-02-22,1952.79213763881
2026-02-23,1856.81448451198
2026-02-24,1855.42052542373
2026-02-25,2057.28647662186
2026-02-26,2028.46234950321
2026-02-27,1929.70612916423
2026-02-28,1963.48860958504
2026-03-01,1938.46658766803
2026-03-02,2033.1883918761
2026-03-03,1987.20545324372
2026-03-04,2127.57280157803
2026-03-05,2076.63328696669
2026-03-06,1982.56379865576
2026-03-07,1970.38521595558
2026-03-08,1942.91124810053
2026-03-09,1997.0082761543
2026-03-10,2034.95413851549
2026-03-11,2055.76802717709
2026-03-12,2078.93747136178
2026-03-13,2092.09332115722
2026-03-14,2096.33251081239
2026-03-15,2177.81211718293
2026-03-16,2351.36226241964
2026-03-17,2323.31525803624
2026-03-18,2200.48282583285
2026-03-19,2138.02135242548
2026-03-20,2146.58037960257
2026-03-21,2124.59659760374
2026-03-22,2058.15253477499
2026-03-23,2148.12646025716
2026-03-24,2157.06026037405
2026-03-25,2168.53179485681
2026-03-26,2059.03193045003
2026-03-27,1988.89868147282
2026-03-28,1994.39515926359
2026-03-29,1982.87323611923
2026-03-30,2022.78023845704
2026-03-31,2101.43189275278
2026-04-01,2140.8786440678
2026-04-02,2056.41651402689
2026-04-03,2051.62035242548
2026-04-04,2064.24038983051
2026-04-05,2110.88525014611
2026-04-06,2101.85518877849
2026-04-07,2247.90510198714
2026-04-08,2188.63042168323
2026-04-09,2190.25052630041
2026-04-10,2244.5331244886
2026-04-11,2286.84805523086
2026-04-12,2190.14021800117
2026-04-13,2373.1848176505
2026-04-14,2323.2110119813
2026-04-15,2356.77637346581
2026-04-16,2349.62938018702
2026-04-17,2422.26582729398
2026-04-18,2353.92359760374
2026-04-19,2265.85590707189
2026-04-20,2313.76751227352
2026-04-21,2323.70637346581
2026-04-22,2381.7532030976
2026-04-23,2330.50318468732
2026-04-24,2315.61822472238
2026-04-25,2319.27642343659
2026-04-26,2368.8221779661
2026-04-27,2297.93676651081
2026-04-28,2287.49049327878
2026-04-29,2254.10393863238
2026-04-30,2256.61539976622
2026-05-01,2292.81031618936
2026-05-02,2318.91120660432
2026-05-03,2326.03863559322
2026-05-04,2347.40537580362
2026-05-05,2360.64430946815
2026-05-06,2348.57684628872
2026-05-07,2290.27787580362
2026-05-08,2306.36417153711
2026-05-09,2326.38885505552
2026-05-10,2374.78948042081
2026-05-11,2339.08045149036
2026-05-12,2277.51648568089
2026-05-13,2257.2091616014
2026-05-14,2288.82837726476
2026-05-15,2223.05238603156
2026-05-16,2180.49946230275
2026-05-17,2143.14334921099
2026-05-18,2130.19724284044
2026-05-19,2112.00750058445
2026-05-20,2125.16858094681
2026-05-21,2132.1346595938
2026-05-22,2066.76720977206
2026-05-23,2116.16834102864
2026-05-24,2097.02896142607
2026-05-25,2109.21854712449
2026-05-26,2071.63465161894
2026-05-27,2020.12159000584
2026-05-28,2005.83831852718
2026-05-29,2008.75368088837
2026-05-30,2018.86627469901
2026-05-31,2003.73374576271
2026-06-01,2001.78444284629
2026-06-02,1853.94967299825
2026-06-03,1815.77506987726
2026-06-04,1765.55609033314
2026-06-05,1576.68905451783
2026-06-06,1564.51844670953
2026-06-07,1682.04992428989
2026-06-08,1694.4675273232
2026-06-09,1636.68309624196
2026-06-10,1619.27790445354
2026-06-11,1672.22035534191
2026-06-12,1662.79849411455
2026-06-13,1679.84638172998
2026-06-14,1722.30036995909
2026-06-15,1790.21577118644
2026-06-16,1792.05445768556
2026-06-17,1747.228767481
2026-06-18,1707.70794939801
2026-06-19,1706.49888410871
2026-06-20,1739.2889171128
2026-06-21,1706.91720724722
2026-06-22,1724.97047784921
2026-06-23,1663.11832651666
2026-06-24,1617.58035874927
2026-06-25,1569.63630347165
2026-06-26,1575.73640198714
2026-06-27,1571.81146506721
2026-06-28,1569.62805672706
2026-06-29,1609.19098109877
2026-06-30,1568.20209933372
2026-07-01,1610.70403115137
2026-07-02,1696.40313286967
2026-07-03,1757.22244115722
2026-07-04,1778.77060098188
2026-07-05,1787.42111097019
2026-07-06,1800.83782224138
2026-07-07,1773.56953016365
2026-07-08,1740.48594237288
2026-07-09,1744.79330243717
2026-07-10,1794.92005650497
2026-07-11,1792.48227468147
2026-07-12,1804.54476575102
2026-07-13,1768.15895802455
2026-07-14,1887.29502253068
2026-07-15,1918.68433983051
2026-07-16,1861.49709151958
2026-07-17,1840.48679237873
2026-07-18,1860.93284485681
2026-07-19,1869.57482251607
2026-07-20,1901.11156236119
2026-07-21,1923.15865538574
2026-07-22,1930.21511143191
2026-07-23,1879.53813004091
2026-07-24,1859.35492833431
2026-07-25,1873.0310993571
2026-07-26,1952.36121741671
2026-07-27,1889.04103568089
2026-07-28,1914.03771587376
2026-07-29,1907.06451483928
2026-07-30,1923.51536489772
2026-07-31,1861.29262390415
2026-08-01,1843.44827527177
2026-08-02,1881.45150159556
2026-08-03,1857.17513430742
2026-08-04,1870.19081046172
2026-08-05,1908.17033319696
2026-08-06,1900.28833770894
2026-08-07,1914.06001753361
2026-08-08,1916.21465634132
2026-08-09,1910.63463808007
2026-08-10,1871.19601554062
2026-08-11,1880.67678689655
2026-08-12,1876.2062270602
2026-08-13,1884.41705639977
2026-08-14,1879.18321684395
2026-08-15,1881.19758664524
2026-08-16,1873.4835695149
2026-08-17,1911.72929281122
2026-08-18,1917.50620222092
2026-08-19,2250.5201904851
2026-08-20,2326.67372150789
2026-08-21,2520.78356635885
2026-08-22,2420.77223870251
2026-08-23,2458.13514255991
2026-08-24,2481.76258395675
2026-08-25,2445.66174758913
2026-08-26,2502.96982524839
2026-08-27,2512.71811932203
2026-08-28,2439.70619053185
2026-08-29,2456.71938425482
2026-08-30,2421.93941431911
2026-08-31,2466.07206344243
2026-09-01,2418.34781267095
2026-09-02,2386.35439178843
2026-09-03,2504.18119002338
2026-09-04,2454.45642840444
2026-09-05,2481.1474351841
2026-09-06,2516.04746544711
2026-09-07,2488.38729915839
2026-09-08,2484.74661236704
2026-09-09,2464.72817595558
2026-09-10,2440.34200591467
2026-09-11,2513.09149269433
2026-09-12,2524.73062682642
2026-09-13,2475.49119547633
2026-09-14,2518.81305872589
2026-09-15,2400.68759161309
2026-09-16,2413.71526941555
2026-09-17,2446.26435047341
2026-09-18,2612.57210987727
2026-09-19,2632.91910057861
2026-09-20,2641.69304794857
2026-09-21,2773.80363218586
