date,mvrv,market_cap_usd,price_usd
2010-07-18,146.0383322,295959.152,0.08584
2010-07-19,62.56512971,279285.2,0.0808
2010-07-20,45.10663005,259000.404989830432115,0.0747357288135593
2010-07-21,38.35756046,275266.47129701944969,0.0791928626534191
2010-07-22,25.1323482,203749.57397545308041,0.0584697603740503
2010-07-23,23.1909876,211735.7237638808256,0.0605928696668615
2010-07-24,17.07191365,191099.979,0.05454
2010-07-25,14.29480012,177670.4897540618514,0.050540618351841
2010-07-26,12.57111018,197542.8,0.056
2010-07-27,12.41061061,207278.65656312095915,0.058622016364699
2010-07-28,11.86773641,208769.15183050856488,0.0589110987726476
2010-07-29,13.54121185,248340.72,0.0699
2010-07-30,12.03290217,230303.1276925775421,0.064657381648159
2010-07-31,12.05286591,241276.97113214481838,0.0675457989479836
2010-08-01,10.44892297,218982.4,0.0611
2010-08-02,9.9762043,215766,0.06
2010-08-03,9.60461264,216490.833363822421635,0.0600121507890123
2010-08-04,8.82883787,206374.3181765050218,0.0570157802454705
2010-08-05,9.19506028,221460.5,0.061
2010-08-06,9.02581206,224350.993347165495815,0.0616713150204559
2010-08-07,8.42875731,215104.78211572172256,0.0590039450613676
2010-08-08,8.47702357,222622.995,0.0609
2010-08-09,9.28085443,258019.52,0.0704
2010-08-10,8.88387323,254792.09289830500378,0.0693387288135593
2010-08-11,8.33793184,246978.75,0.067
2010-08-12,8.49787609,258797,0.07
2010-08-13,7.56762836,239156.325,0.0645
2010-08-14,7.65189676,249354.02645599075903,0.0669964336645237
2010-08-15,7.26649664,243036.40246610158105,0.0651179322033898
2010-08-16,7.13837504,244943.8,0.0655
2010-08-17,7.50985867,262223.5,0.07
2010-08-18,7.14796434,255183.6,0.068
2010-08-19,6.93168437,250755.315,0.0667
2010-08-20,6.69412905,246876.05,0.0655
2010-08-21,6.61775626,250842.6,0.0664
2010-08-22,6.41568722,249762.08508182343038,0.0659289888953828
2010-08-23,6.22495622,246593.09,0.06491
2010-08-24,6.13247009,247633.75,0.065
2010-08-25,6.02386076,247571.64,0.0648
2010-08-26,5.87469011,245474.965368790146475,0.0640751139684395
2010-08-27,5.87209239,249574,0.065
2010-08-28,5.77497614,248587.26,0.0646
2010-08-29,5.66272908,246796.8,0.064
2010-08-30,5.69050244,251021.3405,0.06497
2010-08-31,5.19159819,232371,0.06
2010-09-01,5.31891315,240699.74841379311683,0.0620248275862069
2010-09-02,5.38522542,246530.9,0.0634
2010-09-03,5.12179597,237114.195,0.06085
2010-09-04,5.18235949,242852.80094827599675,0.062178275862069
2010-09-05,5.06897347,241298.1,0.06165
2010-09-06,5.03207272,241589.04,0.0616
2010-09-07,4.94816313,240663.61006247784458,0.0612391180596142
2010-09-08,4.88836125,240227.15,0.061
2010-09-09,4.79545778,241092.44821946229168,0.0611149707773232
2010-09-10,4.74669508,241224.31402250169175,0.0610115242548218
2010-09-11,4.91061134,252049.9618790181301,0.0636208649912332
2010-09-12,4.69699949,244191.9,0.0615
2010-09-13,4.70641545,247423.547,0.06218
2010-09-14,4.64512859,247296.707,0.06199
2010-09-15,4.45428881,241464.1,0.0604
2010-09-16,4.47633904,248138.53,0.0619
2010-09-17,4.19274776,241148.11407948548193,0.0600005260081823
2010-09-18,4.22048014,245887.95,0.061
2010-09-19,4.29534109,253395.78,0.0627
2010-09-20,4.22043399,251608.28778988914279,0.0621017358270018
2010-09-21,4.22602175,254368.3975,0.06265
2010-09-22,4.14162414,251788.04777206303775,0.061881870251315
2010-09-23,4.11497371,253620.51570017524305,0.062153512565751
2010-09-24,4.07954667,254519.29,0.0622
2010-09-25,4.03278411,254424.646,0.06202
2010-09-26,4.00070639,254978.1,0.062
2010-09-27,3.91751164,256514.6221765050768,0.0622004418468732
2010-09-28,3.70318762,255947.85551572175952,0.0619038977206312
2010-09-29,3.67369778,256480.748,0.06191
2010-09-30,3.58697479,256891.19,0.0619
2010-10-01,3.57218676,257672.64433196960064,0.0619733138515488
2010-10-02,3.26607208,255595.92,0.0614
2010-10-03,3.2380791,254573.33028112209816,0.0610648684979544
2010-10-04,3.23417646,255999.447555522959715,0.0612944769140853
2010-10-05,3.17003606,256826.99,0.0614
2010-10-06,3.22421336,263261.834,0.06281
2010-10-07,3.40312006,281359.8,0.067
2010-10-08,4.14833833,355302.67118807693911,0.0844531081239041
2010-10-09,4.40766563,395367,0.0938
2010-10-10,4.45879954,410335.83862361207196,0.0971462010520164
2010-10-11,4.28117529,402025.75,0.095
2010-10-12,4.2360293,402338.04,0.0949
2010-10-13,4.55044647,445510.9688563403376,0.104865589129164
2010-10-14,4.35844526,434382.3,0.102
2010-10-15,4.34353862,448087.5,0.105
2010-10-16,4.06985428,432320.4,0.101
2010-10-17,4.06277933,437977.8,0.102
2010-10-18,4.02994877,440970.24,0.1024
2010-10-19,3.80761656,421311.019746639606485,0.0975448918760959
2010-10-20,3.8186494,428902.65,0.099
2010-10-21,4.00919854,464556.55,0.107
2010-10-22,3.82096178,445808.375,0.1025
2010-10-23,3.85485171,455667.3527996489127,0.104556424313267
2010-10-24,4.14384219,502403.9335,0.11501
2010-10-25,4.88883386,609130.5838421975325,0.139118552893045
2010-10-26,5.14523738,662973.05,0.151
2010-10-27,6.05058402,826105.24,0.1877
2010-10-28,5.2615273,763743.165,0.1731
2010-10-29,5.63366942,840427,0.19
2010-10-30,5.72124637,876580.6100970218251,0.197610543541789
2010-10-31,5.43761091,855633.625,0.1925
2010-11-01,5.41406405,866356.2658129736477,0.194525061367621
2010-11-02,5.28311477,864832.5,0.1938
2010-11-03,5.18370173,863543.2,0.1931
2010-11-04,5.7153824,1027622.7341262402401,0.229275160724722
2010-11-05,6.25148898,1164192.075172416272,0.259112413793104
2010-11-06,8.19405221,1805984.1933419070348,0.400982302746932
2010-11-07,6.73312638,1535423,0.34
2010-11-08,4.59520726,1101553.4134015210485,0.243184628872005
2010-11-09,4.06257605,986537.53224371848055,0.217272694330801
2010-11-10,4.25825739,1044611.9615505531111,0.229549731151373
2010-11-11,4.10381259,1017704.115,0.2231
2010-11-12,4.88620474,1225700.82,0.2682
2010-11-13,4.93212505,1264425,0.276
2010-11-14,4.88743661,1281923.712,0.27904
2010-11-15,4.51276218,1236024.23820149181765,0.268464555815313
2010-11-16,3.76028119,1038127.5,0.225
2010-11-17,4.00641517,1119271.84263588533625,0.241939333722969
2010-11-18,4.39720823,1248185.9971408526894,0.269057790765634
2010-11-19,4.48312449,1293102.314,0.27829
2010-11-20,4.49841005,1316703.4752533028912,0.283015964932788
2010-11-21,4.36944711,1289488.95,0.27675
2010-11-22,4.46021601,1330251.75,0.285
2010-11-23,4.38599831,1322663.9225,0.28295
2010-11-24,4.33600482,1324960.725909408347,0.282905736411455
2010-11-25,4.23185505,1313886,0.28
2010-11-26,4.23141948,1337291.46,0.2844
2010-11-27,4.17587813,1333255.45,0.283
2010-11-28,3.97931625,1280745.12584745872775,0.271358679135009
2010-11-29,3.37289742,1090592.3409386344024,0.230559456458212
2010-11-30,3.0371558,986930.46,0.2082
2010-12-01,3.31113157,1080556.75,0.2275
2010-12-02,3.6445754,1213570.5,0.255
2010-12-03,3.57134671,1197192.5615404166788,0.251060083576856
2010-12-04,2.90733946,979902.51431910996,0.205000526008182
2010-12-05,2.86401711,972047.1415201632717,0.202850017533606
2010-12-06,2.83306957,980016,0.204
2010-12-07,3.1967626,1124140.9067013455773,0.233420385739334
2010-12-08,3.24906898,1152890.58,0.2388
2010-12-09,2.71091675,967759.808866746039,0.199991694330801
2010-12-10,2.7619015,988655.4,0.204
2010-12-11,3.07070131,1106962.8,0.228
2010-12-12,2.94969685,1069291.0196285791298,0.219853611922852
2010-12-13,3.03156879,1108596.8264126239174,0.227605236703682
2010-12-14,3.26966627,1203662.1825,0.24669
2010-12-15,3.15229808,1173372,0.24
2010-12-16,3.26455554,1224229.092,0.24996
2010-12-17,3.15712017,1190469.429924022798,0.242655815312683
2010-12-18,3.11960091,1184286.05,0.241
2010-12-19,3.09706546,1182072.325,0.2401
2010-12-20,3.39996207,1316630.4,0.267
2010-12-21,3.01272532,1192935.287551138974,0.241436002337814
2010-12-22,3.10757151,1237212.5,0.25
2010-12-23,3.09503865,1238876.9513576252764,0.249970127995324
2010-12-24,3.05891168,1230948,0.248
2010-12-25,3.06790542,1242477.81,0.2499
2010-12-26,3.23677185,1319286.17669783833965,0.264962127410871
2010-12-27,3.21872427,1320603.88668030190745,0.264785388661601
2010-12-28,3.39360976,1403847.9,0.281
2010-12-29,3.55514947,1501245,0.3
2010-12-30,3.53000117,1503780,0.3
2010-12-31,3.51255257,1506210,0.3
2011-01-01,3.49431915,1508925,0.3
2011-01-02,3.46374621,1511398.845,0.29997
2011-01-03,3.38619201,1488658.5,0.295
2011-01-04,3.41744847,1510698.9825,0.29895
2011-01-05,3.39994438,1512830.3510594092819,0.298916302162478
2011-01-06,3.37409013,1510293.8,0.298
2011-01-07,3.59662517,1624416,0.32
2011-01-08,3.60311438,1641881.92,0.3229
2011-01-09,3.58303029,1645022.85,0.323
2011-01-10,3.56790627,1665951.9195,0.32659
2011-01-11,3.47434474,1668760.5935,0.32659
2011-01-12,3.37613389,1631616.461680889862,0.318799621274109
2011-01-13,3.31520101,1628462.24,0.3176
2011-01-14,4.10741466,2054528.66552016180075,0.399990005844535
2011-01-15,3.93479597,1985699.8,0.386
2011-01-16,3.89072744,1993128.87,0.38679
2011-01-17,3.48443916,1804136.475,0.3495
2011-01-18,3.11008305,1617876.609,0.31299
2011-01-19,3.07260733,1620521.3745,0.31299
2011-01-20,3.78751517,2022871.5,0.39
2011-01-21,4.03324208,2181663.4005,0.41991
2011-01-22,4.1752733,2289856.88544827571,0.44003552893045
2011-01-23,4.11467439,2305921.52,0.4424
2011-01-24,3.8538566,2192591.83,0.4199
2011-01-25,3.73958941,2144095,0.41
2011-01-26,3.28267628,2174423.4521884863725,0.415085129748685
2011-01-27,3.29852211,2209825.8,0.4212
2011-01-28,3.44964227,2335496.9629924035136,0.444484044418469
2011-01-29,3.35970677,2310215.55,0.439
2011-01-30,3.62408311,2514657.80415254192625,0.477142033898305
2011-01-31,3.88967746,2772066.25383912905625,0.525136870251315
2011-02-01,5.02344554,3740570.61249532337365,0.707510116890707
2011-02-02,4.95514811,3841068.56589888669435,0.725434821741671
2011-02-03,4.68663449,3679638.9587404728309,0.693898367621274
2011-02-04,5.36029838,4308260.08330800840135,0.810958971361777
2011-02-05,5.79068626,4851459.7675084752885,0.911671477498539
2011-02-06,5.59155797,4786654.3,0.898
2011-02-07,5.25293615,4749954.826266509464,0.889421369959088
2011-02-08,5.35492291,4910290.2,0.918
2011-02-09,5.69602563,5444505.240353620665,1.01605024547049
2011-02-10,5.38116292,5258581.1757545282506,0.979652963179427
2011-02-11,5.62034798,5667836.858608102974,1.05406945353594
2011-02-12,5.66318761,5810866.720818886098,1.07870328404442
2011-02-13,5.42738984,5666640,1.05
2011-02-14,5.31812686,5785130.253980148108,1.07001262419638
2011-02-15,5.15817185,5688742.5,1.05
2011-02-16,5.01369832,5601496.3965790804,1.031687628872
2011-02-17,5.00090272,5658222.1178439773,1.0399231975453
2011-02-18,4.27713788,4900748.0644137944544,0.898955914669784
2011-02-19,4.46173899,5154063.10838234847255,0.944028116890707
2011-02-20,4.04564986,4731160.75,0.865
2011-02-21,3.8865163,4579269.0970850388285,0.835747428404442
2011-02-22,4.03903963,4814783.9619830511266,0.877041779661017
2011-02-23,4.11116115,4951755,0.9
2011-02-24,4.46075117,5452189.8343658687157,0.989095265926359
2011-02-25,4.09708361,5052126.06428477715155,0.914652001753361
2011-02-26,4.20136279,5304781.3,0.958
2011-02-27,3.85737612,4967031.02086700734815,0.895033114552893
2011-02-28,3.66264324,4780290.68258328578835,0.860220923436587
2011-03-01,3.45556491,5124568.6127972539008,0.921096891876096
2011-03-02,3.49629585,5237075.805,0.9399
2011-03-03,3.4729141,5241203.32110972791875,0.939073383401519
2011-03-04,3.31231304,5039221.53,0.9011
2011-03-05,3.30711769,5089490.6170424880355,0.90784060666277
2011-03-06,3.2074455,4972280.1532611082893,0.884770973115138
2011-03-07,3.17308684,4941148.1901559284816,0.877583864406779
2011-03-08,3.11400943,4884427.25797589481525,0.866071591466979
2011-03-09,3.08389438,4857065,0.86
2011-03-10,3.286687,5204779.4286528343155,0.920670309760374
2011-03-11,3.13277134,4980580,0.88
2011-03-12,3.23180751,5201031.05914392418375,0.917815513150205
2011-03-13,3.12541924,5062738.774,0.89249
2011-03-14,3.09976092,5075884.4969389816006,0.893924922852133
2011-03-15,3.0094772,4957637.712,0.87224
2011-03-16,2.90524469,4843905.1047901843668,0.851211665692578
2011-03-17,2.80330055,4702954.263,0.82542
2011-03-18,2.72116816,4574094.63708255522535,0.801959208065459
2011-03-19,2.5915635,4367691,0.765
2011-03-20,2.50871253,4238599.375,0.7415
2011-03-21,2.56031946,4344078.6405,0.75897
2011-03-22,2.71742347,4635992.9256911775712,0.809130292811222
2011-03-23,2.8434557,4875168.6395,0.84971
2011-03-24,2.88481841,5011834.3506294593257,0.872374365867914
2011-03-25,2.91145917,5084947.449,0.88377
2011-03-26,2.79254753,4926465.12,0.8552
2011-03-27,2.67675364,4741090.5,0.822
2011-03-28,2.58237,4590540.34076294698605,0.794740500292227
2011-03-29,2.56999182,4584115.2549345388578,0.792509941554646
2011-03-30,2.55673793,4574057.9303039205069,0.789706312098189
2011-03-31,2.53409399,4552424.9115,0.78461
2011-04-01,2.49434063,4498314.5045,0.77411
2011-04-02,2.51639313,4551142.7005,0.78199
2011-04-03,2.50130518,4540557.3,0.779
2011-04-04,2.1702087,3969568,0.68
2011-04-05,2.2785139,4184864.8644545275977,0.715691834599649
2011-04-06,2.35209347,4332478,0.74
2011-04-07,2.39124558,4418813.29,0.7538
2011-04-08,2.37382641,4402703.7965,0.74999
2011-04-09,2.31988599,4314917.82942241196885,0.734060517241379
2011-04-10,2.31383197,4315947.571347753002,0.733156820572765
2011-04-11,2.42399078,4539783.13153302220015,0.770113933372297
2011-04-12,2.6961135,5084821.7691911724987,0.861381607831677
2011-04-13,2.89135449,5500796.4415756832184,0.930320058445353
2011-04-14,3.07319764,5912687.1198270039888,0.998629766218586
2011-04-15,2.99333242,5830820.8854711840052,0.983673136762127
2011-04-16,3.15615233,6213074.3031706558875,1.04663285797779
2011-04-17,3.27386129,6528610.4025160156425,1.09812209789597
2011-04-18,3.37473832,6842174.2017822048845,1.14943331151373
2011-04-19,3.42498343,7063981.643481025604,1.18516222092344
2011-04-20,3.28485981,6815693.9206183633855,1.14212598480421
2011-04-21,3.43905824,7213729.026340762532,1.20733887200468
2011-04-22,3.90431563,8404137.058107217113,1.40450508182349
2011-04-23,4.86099744,10959031.643243769511,1.82885230099357
2011-04-24,4.27543628,9792558.112215081812,1.63198421975453
2011-04-25,4.06113168,9402546.6481589499,1.56448363530099
2011-04-26,4.51459705,10660019.448316364115,1.77084089012274
2011-04-27,4.76744161,11474057.53622355982,1.9031759585038
2011-04-28,5.53562475,13799267.914538351337,2.28574446580947
2011-04-29,5.27956549,17237894.039774375535,2.85060509000585
2011-04-30,5.74340681,21197925,3.5
2011-05-01,4.96719361,18768037.22561777625,3.0942275534775
2011-05-02,5.05486151,19441120,3.2
2011-05-03,5.13349205,20449668.094760887409,3.36058570368206
2011-05-04,4.84337805,20775862.2235418103,3.40867304734074
2011-05-05,4.67664599,20416689.0080821997855,3.34373668439509
2011-05-06,4.63603126,21134179.088764636149,3.45507558445354
2011-05-07,4.80792811,22312020.9595618327135,3.64126297779077
2011-05-08,4.92348609,23625050.832045875405,3.84866837697253
2011-05-09,4.77598264,23396862.770323630074,3.80408958211572
2011-05-10,6.2849561,34812008.067599974476,5.65166700233781
2011-05-11,5.77375573,33558640.152068644483,5.43975104383402
2011-05-12,6.23619574,39134346.62209795008,6.3348786943308
2011-05-13,6.81610339,50363940.8072887949475,8.13903486732905
2011-05-14,5.71115111,43445262.1040968009785,7.00724382933957
2011-05-15,5.38878812,43011054.455651347728,6.92492484453536
2011-05-16,5.64948105,49072384.913542383284,7.88514074517826
2011-05-17,5.05909092,45257710.5626164136218093938048,7.25719954061952
2011-05-18,4.61026723,42274167.0033112710182544763881,6.76316336236119
2011-05-19,4.62646251,43126786.9548834415907763762127,6.89014363237873
2011-05-20,3.71328197,35226586.8535945361571816141438,5.61809621858562
2011-05-21,4.07285788,38219849.8915133708055339255406,6.08480066744594
2011-05-22,4.35034379,42243708.8558138588750112025716,6.71195603974284
2011-05-23,4.487161,44568346.2469345512489102624781,7.06525678375219
2011-05-24,4.5999394,46807392.9197201867287368788427,7.40266058211573
2011-05-25,5.19133406,54315585.3498123733605600294564,8.56928963705436
2011-05-26,5.17913836,55794789.8170489775719558575102,8.78215543424898
2011-05-27,4.74938352,54255487.1927556591159425185272,8.52865846814728
2011-05-28,4.61095078,53178999.7213320388231790018702,8.34926911981298
2011-05-29,4.59177413,53583801.4479689506860806776154,8.40095347223846
2011-05-30,4.71031321,56064880.8914011037201697535944,8.77934246464056
2011-05-31,4.60202531,55761398.7666841881394812802455,8.72157642197545
2011-06-01,4.97744055,61620083.1427145327869471797195,9.62377723202805
2011-06-02,5.3275221,68630379.578594868253028720631,10.7027602279369
2011-06-03,6.42904939,91614693.762189860865367261835,14.2646467738165
2011-06-04,7.74313927,117818666.957639286423699741087,18.3127387258913
2011-06-05,6.57534893,106606952.570302254553981037405,16.5433423962595
2011-06-06,6.0241396,118799348.137419529388335559322,18.4020986440678
2011-06-07,7.22127316,150215455.621339565592343371128,23.2378784628872
2011-06-08,7.38787829,187925195.418154444683691732905,29.0299213267095
2011-06-09,6.61438788,186695161.451982903173378818819,28.7905440181181
2011-06-10,5.13598194,156218884.798173001695794714787,24.0493992285213
2011-06-11,3.17745001,95996513.316913857110502722969,14.7497466277031
2011-06-12,3.60717104,122902943.458605492187038688486,18.8501447311514
2011-06-13,3.61267024,127637791.066911596846179854471,19.5423291145529
2011-06-14,3.30858495,126016843.635105037877121944477,19.2577355055523
2011-06-15,3.13518917,127639034.684919901576609758036,19.4641426241964
2011-06-16,2.83819584,117735848.359579199067645576271,17.9293625423729
2011-06-17,2.42625836,101508789.998528757087146870836,15.4363689129164
2011-06-18,2.62955708,111138039.020215722412360646406,16.8754045353594
2011-06-19,2.69066084,115517322.961589699174331086499,17.5107167913501
2011-06-20,2.67081932,115722198.348048495344331086499,17.5107167913501
2011-06-21,2.63871848,115943708.915459074109331086499,17.5107167913501
2011-06-22,2.62779902,116171348.233746625409331086499,17.5107167913501
2011-06-23,2.61500773,116381476.835242826609331086499,17.5107167913501
2011-06-24,2.59755925,116570592.576589407689331086499,17.5107167913501
2011-06-25,2.58920413,116695794.201647560904331086499,17.5107167913501
2011-06-26,2.40438777,109157965.363067176568777842198,16.3613420157802
2011-06-27,2.41862667,111907781.907973192409470867329,16.7522858132671
2011-06-28,2.4228443,113443298.639764993255343928697,16.9618353071303
2011-06-29,2.39153255,112870830.214636924499889820573,16.8545683179427
2011-06-30,2.27916897,108543227.625226768709073191701,16.1852627808299
2011-07-01,2.17517451,103546928.763432099714608008182,15.4203573991818
2011-07-02,2.17108212,103425013.6633838754760593045,15.38284406955
2011-07-03,2.17640481,104054820.075952906804585395091,15.4575505604909
2011-07-04,1.95761946,93369928.296505047908127876096,13.8527968123904
2011-07-05,1.82728432,87474921.473789036773955852133,12.9648177147867
2011-07-06,2.06878863,99397627.218760325789318167154,14.7147835832846
2011-07-07,2.07598143,100051870.516219116214016386908,14.7972891613092
2011-07-08,2.0056172,96800910.306009855840015030392,14.2990376969608
2011-07-09,2.01609779,97466306.195443618847155302162,14.3815006697838
2011-07-10,2.03850499,99202739.347579760044227488603,14.6229375511397
2011-07-11,1.99133352,97193144.542835033757644669199,14.3101554330801
2011-07-12,1.94872351,95329931.350185328956610784337,14.0212726215663
2011-07-13,1.93841196,95124647.976736777810439774985,13.9714545225015
2011-07-14,1.93955814,95405994.98432235264392452367,13.997974547633
2011-07-15,1.91086852,94212046.711742934919987943892,13.8063904056108
2011-07-16,1.89668424,93682958.057523382206805007598,13.7130792992402
2011-07-17,1.8320481,90687634.114471565704353890707,13.2581353109293
2011-07-18,1.94207395,93350669.225508914485404495617,13.6305212504383
2011-07-19,1.96438973,94779337.077106365465143613092,13.8247948386908
2011-07-20,1.96296845,93877118.382583725776180079486,13.6783305920514
2011-07-21,1.95201716,93524013.306123459983446581531,13.6118084418469
2011-07-22,1.96311336,94223402.897837238418597689071,13.6985473310929
2011-07-23,1.95853437,94207523.768147571127918575102,13.6817183424898
2011-07-24,1.99913286,96463699.86114135305979823495,13.992515176505
2011-07-25,2.00132141,96861508.508707512858487212741,14.0334253787259
2011-07-26,1.97632833,95911081.246874088787648767972,13.8780323232028
2011-07-27,1.97282473,96033151.69917995946661244886,13.878224755114
2011-07-28,1.91925019,93462322.462349784242222243133,13.4915910756867
2011-07-29,1.91940166,93716697.036031205230609098773,13.5123163901227
2011-07-30,1.91948827,94013553.653478957283444261251,13.5402806738749
2011-07-31,1.8957305,92968443.089317194048144977206,13.3729061022794
2011-08-01,1.84650394,90616287.022507921640129531268,13.0191138468732
2011-08-02,1.73338364,85107631.236462980039189610754,12.2141564389246
2011-08-03,1.33360498,64779768.4643357767054220649912,9.28635691350088
2011-08-04,1.54422773,75188385.187489570958957518995,10.7685037481005
2011-08-05,1.40034516,68006478.4653408514692333032729,9.73015395967271
2011-08-06,1.01786264,48716804.69187563745003264173,6.964169735827
2011-08-07,1.24329896,59526580.9195015462302993777323,8.50179329222677
2011-08-08,1.15587536,54493064.9908043431553132206896,7.77533763793104
2011-08-09,1.45369998,68771885.6358375600099525899474,9.80249948100526
2011-08-10,1.48953532,70593468.551888712728359725891,10.0512531274109
2011-08-11,1.40111707,66353930.9412363612524708526008,9.43841299473992
2011-08-12,1.40327416,66518350.4051948724954338478667,9.45299328521333
2011-08-13,1.48374896,70460847.182319934363814554062,10.0040247445938
2011-08-14,1.60021658,76186465.272717847646684334892,10.8068207665108
2011-08-15,1.64552851,78541533.954251879233326500292,11.1306965499708
2011-08-16,1.62211392,77643397.466853986046145330801,10.9919655669199
2011-08-17,1.61521112,77520159.550865523174284438925,10.9639640561075
2011-08-18,1.59806892,76852460.391080377426547441262,10.8584714558738
2011-08-19,1.71440506,82675965.016283969182773567504,11.6704730432496
2011-08-20,1.68142171,81270125.434409301669345606663,11.4597317393337
2011-08-21,1.66508331,80614546.509415365767822592636,11.3544813407364
2011-08-22,1.60062575,77628457.636458099719402753361,10.9208958246639
2011-08-23,1.60020118,77687115.697611927484007456458,10.9172450543542
2011-08-24,1.5924043,77426913.43488782869666710111,10.870444289889
2011-08-25,1.38808124,68058397.445663148318236264173,9.5460936735827
2011-08-26,1.18126116,58000203.7384754525721729693746,8.12692016306254
2011-08-27,1.32290185,61403922.6686664378013962333723,8.59649760666277
2011-08-28,1.38880945,64558954.5417000226076738023378,9.03086639976622
2011-08-29,1.37651145,64122456.8759079373264073939801,8.96115727060199
2011-08-30,1.35371166,63104781.7285011420678645183519,8.80994873816481
2011-08-31,1.26084033,58793247.5178710018633300553477,8.19915176446523
2011-09-01,1.26774835,59098262.8563046608291020489187,8.23428166510813
2011-09-02,1.32640199,61944072.356616598338198622443,8.6214244377557
2011-09-03,1.29992885,60771174.9088753711106859932204,8.44965344067796
2011-09-04,1.26279873,59055554.2631840546670002772063,8.20347060227937
2011-09-05,1.17142574,54751316.366265523250359748685,7.5973325251315
2011-09-06,1.05875513,49392236.8662446836353952106955,6.84653002893045
2011-09-07,1.10898952,51723808.2734889070950546647574,7.16297027352426
2011-09-08,1.03732633,48266211.9763302109287776970777,6.67818000029223
2011-09-09,0.7778049,36080079.8640277390288452821157,4.98677704178843
2011-09-10,0.74125214,34346746.8599991171758092482758,4.74284665517242
2011-09-11,0.95191723,42422140.5795718969196534746932,5.85290397253068
2011-09-12,0.99274325,44185689.5713420001333206776154,6.09062947223846
2011-09-13,0.94859348,42136763.4751182797684574296902,5.80252327703098
2011-09-14,0.9162271,40688297.3306086576829789983051,5.59743261016949
2011-09-15,0.79879632,35422167.6547735583835749531268,4.86775518468732
2011-09-16,0.7945909,35184672.5526041226115588947399,4.83116810052601
2011-09-17,0.78623754,34809683.35505550044413364699,4.775285635301
2011-09-18,0.86238311,38214791.9111823391566784180012,5.23673227819988
2011-09-19,0.91006394,40319727.2277745782383031800701,5.52037669199299
2011-09-20,1.01350919,44937042.4540781257281030827586,6.14666555172414
2011-09-21,0.92389277,40959899.6008094368707809204559,5.59706749795441
2011-09-22,0.90549337,40107469.7592491706071247326125,5.47504877673875
2011-09-23,0.92077591,40791840.3063618522954094036236,5.56342141963764
2011-09-24,0.90381871,40053269.2047682266439295268264,5.45788968731736
2011-09-25,0.88996971,39233186.0698443137933918864407,5.34115488135593
2011-09-26,0.81318218,35833100.3744432983853487876096,4.87382608123904
2011-09-27,0.82013287,36140227.9144771165752321748101,4.91115779251899
2011-09-28,0.79634397,35088031.7224606652688522855055,4.76341532144945
2011-09-29,0.79926256,35222827.7491968143676380162478,4.77766097837522
2011-09-30,0.86045873,37952686.4354549990231993000584,5.14368590999416
2011-10-01,0.84362417,37179883.0682017518106876528931,5.03407054471069
2011-10-02,0.84035131,37010704.5461567333641034327294,5.00706259672706
2011-10-03,0.84387152,37163777.9290036837778952968439,5.02284486031561
2011-10-04,0.83346608,36702915.0091095161780471931034,4.95680562068966
2011-10-05,0.82223206,36207140.5120842734021527908241,4.88506713091759
2011-10-06,0.79686105,35089319.5677084652590021426651,4.73016629573349
2011-10-07,0.72247318,31749993.0555552116539691313267,4.27603575686733
2011-10-08,0.67368961,29584890.0224063612789154584454,3.98125299415546
2011-10-09,0.6969726,30579871.4563266053648201651666,4.11163464348334
2011-10-10,0.69210157,30332186.9564891003425998607247,4.07496248392753
2011-10-11,0.68231478,29859271.3903388625576667409117,4.00892449590883
2011-10-12,0.71047083,31055951.4483248484467488751023,4.16623534248977
2011-10-13,0.68913751,30112043.7590382095821306999416,4.03698109000584
2011-10-14,0.68173462,29761573.0508852745427200455289,3.98628088544711
2011-10-15,0.65700741,28675279.8226072233597049950906,3.83733856049094
2011-10-16,0.61884987,26995994.8523046420966825345997,3.60974171654003
2011-10-17,0.44588055,19319470.1258365951155315819988,2.58124672180012
2011-10-18,0.41992353,18144170.0157377208466044183518,2.42227473816482
2011-10-19,0.38682853,16623202.0123807624291197696669,2.21725471303331
2011-10-20,0.41178781,17677876.8543480913650191152542,2.35612350847458
2011-10-21,0.4496029,19298823.0931804389982294491525,2.57009230508475
2011-10-22,0.55278915,23710007.2646366473709837148451,3.15548613851549
2011-10-23,0.55184552,23668883.5354607149178349013442,3.14775092986558
2011-10-24,0.44332969,18986733.2655770749675181233781,2.52293599766219
2011-10-25,0.49277864,21104370.4601557917228323890707,2.80192383109293
2011-10-26,0.49043071,20936695.588857794759532609585,2.7775052390415
2011-10-27,0.53782812,22971358.9426372939895596241379,3.04540782758621
2011-10-28,0.56150563,24000554.3634479821157377341321,3.17963943658679
2011-10-29,0.63046202,26961118.0557623288197929126826,3.56918896873174
2011-10-30,0.57571366,24624017.6708379399842725703098,3.25740372296902
2011-10-31,0.57758861,24703569.7900374351071069725891,3.26509821274109
2011-11-01,0.56157774,24015468.5583048211795181715956,3.17100774284044
2011-11-02,0.57806992,24682712.433131549630717333723,3.2558005666277
2011-11-03,0.56292746,24039283.7090409409772873484512,3.16831638515488
2011-11-04,0.55505983,23696517.4542996670455248817066,3.12011817182934
2011-11-05,0.53030549,22637518.2403068529813643210403,2.97781759789597
2011-11-06,0.52799021,22544081.5198115432742378314436,2.96272057685564
2011-11-07,0.5382165,22982789.8527783091052495268264,3.01775768731736
2011-11-08,0.54611468,23301128.0270725660848671895383,3.05656711104617
2011-11-09,0.53811177,22280239.304499181260870761543,2.9195672238457
2011-11-10,0.52701216,21820633.1800193030276769466978,2.85670208533022
2011-11-11,0.56660138,23451808.8117194415629907651081,3.06786173348919
2011-11-12,0.55904007,23149789.1729411525306817409117,3.02552299590883
2011-11-13,0.55219421,22871737.1883603536959530666861,2.98637330333139
2011-11-14,0.4125825,17050571.0877823786447720565167,2.22422446434833
2011-11-15,0.43137161,17822207.919236800998940842782,2.3223841157218
2011-11-16,0.50419206,19561442.2864238529457680925774,2.54678093074226
2011-11-17,0.45379982,17521232.9434305544193560423144,2.27909583576856
2011-11-18,0.42341662,16197325.0873830514976950678551,2.10506600321449
2011-11-19,0.44318529,16967938.8098594148194315819988,2.20345672180012
2011-11-20,0.44369635,16972384.6209346158536701035652,2.20198950964348
2011-11-21,0.45948528,17586189.9013915953247048459965,2.27987916540035
2011-11-22,0.46857456,17930889.9370838327104879385739,2.32245859614261
2011-11-23,0.4707238,18007225.7960517118147205249562,2.33032356750438
2011-11-24,0.49214464,18859851.2848710001982876970777,2.43887900029223
2011-11-25,0.50383539,19319662.0974060042416672707773,2.49616100292227
2011-11-26,0.50116148,19145944.5853493137617607097604,2.47179996902396
2011-11-27,0.50265443,19204720.8161890705008691880187,2.47756495119813
2011-11-28,0.52129794,19714433.603040342325680478083,2.5412402521917
2011-11-29,0.56397222,21412701.3814988443094289724138,2.75769848275862
2011-11-30,0.60468486,23054447.698152509760788541204,2.9660415458796
2011-12-01,0.62781131,23988402.8103564617918132997078,3.08258945002922
2011-12-02,0.63153668,24149653.8222785056485914686148,3.10040233313852
2011-12-03,0.57397228,21861105.8772883464447204472823,2.80385618527177
2011-12-04,0.57735261,22003763.8832085647186861396259,2.81969397603741
2011-12-05,0.58900798,22456470.7012154378085135264758,2.87479622735242
2011-12-06,0.6191175,23658469.9684235549494918850964,3.02536045149036
2011-12-07,0.61474353,23367378.1449639637854880890123,2.98550242109877
2011-12-08,0.61605341,23441832.3368570326281866694915,2.99188048305085
2011-12-09,0.60914874,23180798.3545887483463323792519,2.95579195207481
2011-12-10,0.63235376,24090535.1234279575582946290473,3.06897526709527
2011-12-11,0.66826403,25530480.080339976455657528346,3.2492688471654
2011-12-12,0.65547484,25064089.6443988479704798348334,3.18733535651666
2011-12-13,0.66660548,25508176.0148460841587857146698,3.24108840853302
2011-12-14,0.65014649,24855455.941331090265300956166,3.1550865043834
2011-12-15,0.6600436,25251942.6529425684824193938048,3.20313854061952
2011-12-16,0.66134284,25318171.548322244215390226768,3.2091377773232
2011-12-17,0.65825176,25211182.5524967538509178573349,3.19254170426651
2011-12-18,0.65885831,25245780.8025574341000550111631,3.19401080888369
2011-12-19,0.72601344,27896099.5032990767393067065459,3.52577391934541
2011-12-20,0.81110758,31299261.8241086563265519270602,3.95255082729398
2011-12-21,0.79739555,30824938.2650506725367617926943,3.88899325073057
2011-12-22,0.79956455,30965320.1131617659162525948568,3.90306042051432
2011-12-23,0.80606997,31270199.2394464375325596402104,3.93796507597896
2011-12-24,0.80659692,31310306.1446329055758681135593,3.93941911864407
2011-12-25,0.86693708,33687396.8513002056293391215079,4.23386687784921
2011-12-26,0.81869415,31855005.9646976845732192594389,3.99912196405611
2011-12-27,0.83793425,32652545.445706354486018541204,4.0955185458796
2011-12-28,0.86007177,33576324.6971099300910827390415,4.20729587609585
2011-12-29,0.85308817,33334233.5343529195767980323203,4.17335222676797
2011-12-30,0.88040913,34461372.1839452938735906999416,4.31063509000584
2011-12-31,0.96110917,37724114.9319174291005851861485,4.71430633138515
2012-01-01,1.07623657,42410102.140577154318340226768,5.2948427773232
2012-01-02,1.05930034,41728807.226594831757460081239,5.2048778918761
2012-01-03,0.99064729,39086807.4038203717793606124489,4.87050882875511
2012-01-04,1.13112076,44868023.3905257020374846290473,5.58570626709527
2012-01-05,1.37524885,55266966.9844685928873436273524,6.87400087726476
2012-01-06,1.3299183,53791008.0758505916680674002338,6.68331663997662
2012-01-07,1.34825017,54762305.9436280697130898928697,6.79622798071303
2012-01-08,1.40190243,57240873.7320387715021395366452,7.09665056633548
2012-01-09,1.23859081,50774287.3682112056467188751023,6.28853834248977
2012-01-10,1.28528776,52757582.0867190534519458476914,6.52847455523086
2012-01-11,1.35196805,55724776.2424778845045661878434,6.88912772121566
2012-01-12,1.3223058,54842501.1217035221134386420806,6.77356419579194
2012-01-13,1.2583872,52303300.9550102952465837987727,6.45436889012273
2012-01-14,1.3151655,54844706.8724224105496619739334,6.76172714260666
2012-01-15,1.36849062,57206917.2566177321092432184688,7.04692255815312
2012-01-16,1.30213368,54576064.5371355898832307343074,6.71560766656926
2012-01-17,1.08841281,45550684.6610885916705659967855,5.59962195032145
2012-01-18,1.14730395,48033782.757405615818025918644,5.9002312881356
2012-01-19,1.22398742,51463532.3484633856723031559994,6.31570634161309
2012-01-20,1.25883339,53024539.8507803398560265169733,6.50149198831093
2012-01-21,1.19649675,50457844.8939597173282794090614,6.18056832554062
2012-01-22,1.2195885,51499962.1695371421145218328482,6.30296722676797
2012-01-23,1.23243877,52141696.6986074312214049282023,6.37487607714787
2012-01-24,1.21229511,51364104.036424993130117614547,6.27447647574518
2012-01-25,1.12369377,47608611.1860676258573361534472,5.81046507247224
2012-01-26,1.04093223,44013925.9542613389581663158186,5.36722695441262
2012-01-27,1.03027298,43525737.988286144528458785536,5.30313719696084
2012-01-28,1.09958449,46494058.3675950643634308375359,5.65979677498539
2012-01-29,1.04861043,44334488.6684053358132934945394,5.39142945733489
2012-01-30,1.07087848,45303240.1813138409005547731876,5.50348193863238
2012-01-31,1.07878577,45630733.6351854377658690758398,5.53822029573349
2012-02-01,1.18086101,50098136.989088278278761763321,6.07523265225015
2012-02-02,1.18457113,50347344.4735503225544674844122,6.09957291291642
2012-02-03,1.15560669,49173047.378759998689074183808,5.95161092752776
2012-02-04,1.14466214,48755013.004408042287637153855,5.8954132390415
2012-02-05,1.10288002,46998279.1279011391601238765713,5.67811571712449
2012-02-06,1.066879,45420531.4577413073389411544295,5.48266405844535
2012-02-07,1.10174851,46945234.8292911602767059295358,5.66202770017534
2012-02-08,1.09353017,46625304.246600371353474733138,5.6185281899474
2012-02-09,1.1353915,48469810.1186327718098949073308,5.83569985417884
2012-02-10,1.15551803,49359082.0094759580262279985632,5.93783415546464
2012-02-11,1.09013106,46693734.5085834467646068603208,5.61213285330216
2012-02-12,1.07230709,45963265.2470951814034627327776,5.51909716949152
2012-02-13,1.04822456,44577950.0130335904989938566839,5.34835455932203
2012-02-14,0.88628318,37401703.4482061327805104124373,4.48365409175921
2012-02-15,0.85881942,36111565.610580638685564183203,4.3255203220339
2012-02-16,0.84731155,35554183.6184633612976316009792,4.25523904500292
2012-02-17,0.87548728,36726393.3294089831354294939136,4.39153837288136
2012-02-18,0.85418126,35747158.0005161454528420015168,4.27008127761543
2012-02-19,0.87896592,36781984.9025532087730604580032,4.38955145821157
2012-02-20,0.8748865,36607952.4650042897158238790336,4.36513593892461
2012-02-21,0.86595781,36216292.3852600571983976366464,4.31511560198714
2012-02-22,0.88771358,37125920.4800449530449943572864,4.41931028755114
2012-02-23,1.01031089,42377990.2626364204226161766336,5.03951511805961
2012-02-24,1.0069634,42298490.5211330442881493825792,5.02560875891292
2012-02-25,0.9562508,40208118.5660524711585857970496,4.77256738106371
2012-02-26,0.987122,41541257.626894896308071423488,4.9264208515488
2012-02-27,0.99206546,41799433.1179221424672324760912,4.95251575628287
2012-02-28,0.97277124,41034309.9734619257181479225984,4.85725777556984
2012-02-29,0.98303424,41208789.5009538538942474410592,4.87274875569842
2012-03-01,0.99267825,41663078.3949576730815809208192,4.92207212361192
2012-03-02,0.95273137,39940404.1004774223704679192608,4.71482358708358
2012-03-03,0.93570447,39232686.9015901269136990920768,4.62819325248393
2012-03-04,0.97707036,41011626.7419600873749790338096,4.83414448158971
2012-03-05,1.00656035,42305450.2167994561148053122864,4.98239290385739
2012-03-06,1.00730295,42385879.3950742350451063818048,4.98784135242548
2012-03-07,0.99924077,42094879.2282991769184325893168,4.94911288457043
2012-03-08,0.99664788,42013159.9536689955652980618464,4.93497949503214
2012-03-09,0.98421823,41520457.0574564423593277251888,4.87229784745763
2012-03-10,0.97883044,41297298.2293735729709714578752,4.84142380479252
2012-03-11,0.98947911,41761734.5288956385036218492224,4.89202875160724
2012-03-12,0.99347632,41963074.999323554723257559416,4.91083937931035
2012-03-13,1.06881595,45252847.8518619293695294001184,5.29088027878434
2012-03-14,1.08718901,46142189.8634614447037933481552,5.39054329222677
2012-03-15,1.07616655,45748886.0821993812477823756704,5.34082089888954
2012-03-16,1.07471861,45779059.8088331952013475098384,5.33957479135009
2012-03-17,1.05459511,44935593.659316071016792165432,5.23600355406195
2012-03-18,1.06154819,45270792.3198672102618738403616,5.27014898538866
2012-03-19,0.94459498,40223438.420330590570153235368,4.67867255289305
2012-03-20,0.97583693,41570213.4538085915172319432656,4.83083021624781
2012-03-21,0.97521983,41491233.0288899355342231276928,4.81722952483928
2012-03-22,0.958695,40773909.177281599404678656616,4.72960850496785
2012-03-23,0.95107358,40476167.7998099115797495641872,4.69164317650497
2012-03-24,0.94428539,40176834.3923771335084949171136,4.65198626592636
2012-03-25,0.92514492,39351373.4140891939867915638464,4.55227026241964
2012-03-26,0.94207727,40081805.777179600755349461624,4.63272235973115
2012-03-27,0.97836225,41664720.830432110720507294488,4.81134073524255
2012-03-28,0.97414873,41520950.0408917236896592958512,4.79058939158387
2012-03-29,0.97547676,41584885.5962577012935816783376,4.79406657218001
2012-03-30,1.00380823,42206465.9440060103605224816416,4.86140935651666
2012-03-31,1.00947443,42494314.1343012730681534096608,4.88977687317358
2012-04-01,0.98982662,41690143.385001840078335402504,4.79332567738165
2012-04-02,1.02854689,43369140.671510674358723507112,4.98304547866745
2012-04-03,1.02616999,43168743.1739694546802874004592,4.95623319286967
2012-04-04,1.01818959,42868045.0218430986610684942512,4.91784217767387
2012-04-05,1.01855009,42923044.1146701071232115159728,4.92084924488603
2012-04-06,1.02383214,43203185.4624133834925875132464,4.94910743220339
2012-04-07,0.9749089,41143762.2110568703744582737888,4.70971191028638
2012-04-08,0.98932901,41783317.4471327121330594018224,4.77881884921099
2012-04-09,1.00365621,42463382.0617511183196092360496,4.85254738106371
2012-04-10,1.00159858,42401572.6028551803882945445104,4.84141759380479
2012-04-11,1.01641869,43082862.2836545564456977815824,4.91525071712449
2012-04-12,1.01283392,42990461.2856386082974172449104,4.90115814728229
2012-04-13,1.01932475,43312447.5393881766753956178544,4.93440673348919
2012-04-14,1.0235231,43539633.063972588244337566232,4.95636466101695
2012-04-15,1.0239991,43612170.906671196746772968736,4.9616003383986
2012-04-16,1.02128074,43554055.8767828204623077901024,4.95076456925774
2012-04-17,1.02477367,43745772.336860547848599453104,4.9687445075979
2012-04-18,1.05577307,45149302.7749884282730139463328,5.12437744301578
2012-04-19,1.05634217,45247105.9907397533369558981184,5.13090651139684
2012-04-20,1.10253174,47366159.6597426416747701657728,5.36651596814728
2012-04-21,1.08513311,46665734.475044680843562433768,5.28255033898305
2012-04-22,1.06645583,45934069.0909145754385249700992,5.19560899473992
2012-04-23,1.05038086,45219556.0219860742906051888576,5.11088819170076
2012-04-24,1.04562838,45050980.2527510926915115638464,5.08786726241964
2012-04-25,1.05274593,45623353.5117426055514209810048,5.14881624547048
2012-04-26,1.04365008,45207433.1184992184392561066528,5.09741928579778
2012-04-27,1.04332334,45228244.0039192331425682720848,5.09588733985973
2012-04-28,1.01826429,44155254.147761787781488648096,4.9707366528346
2012-04-29,1.00664344,43593926.7146229263042084942512,4.90260617767387
2012-04-30,1.0154865,43989486.821043803021966487776,4.9421168100526
2012-05-01,1.02469896,44432601.5354106667308747496368,4.98713722735243
2012-05-02,1.03816859,45061199.3366702259451449666912,5.05343735388662
2012-05-03,1.05122986,45684868.0536668882273165988592,5.11887297895967
2012-05-04,1.04434248,45428022.8070535559599031413248,5.08550708825248
2012-05-05,1.0384012,45212376.7678012916051855067712,5.05663956458212
2012-05-06,1.03909745,45174739.415794520093101623648,5.0478007729398
2012-05-07,1.04315667,45394609.6887079712879925414432,5.06755586703682
2012-05-08,1.034375,45043867.7875933604423763835088,5.02346642285213
2012-05-09,1.03787929,45245674.7051858916543836677728,5.04130623553478
2012-05-10,1.01481717,44255945.9041260766682352965328,4.92748871975453
2012-05-11,1.02276513,44616755.4955036943242612955104,4.96370997749854
2012-05-12,1.01650991,44494009.6112789307569509212032,4.94653223495032
2012-05-13,1.01723564,44512997.2487376610866390736848,4.94479505376973
2012-05-14,1.03132782,45147727.179443051318310545192,5.01143592197545
2012-05-15,1.03590742,45380484.6627454682077776790192,5.03364040035067
2012-05-16,1.04782389,45899398.7376626730176452414528,5.08778450905903
2012-05-17,1.04954557,45945853.7003117206313281189568,5.08966168644068
2012-05-18,1.05722248,46241501.0808574168742370254112,5.11830148275862
2012-05-19,1.05598806,46227589.6929509064443337843776,5.11254581122151
2012-05-20,1.05630265,46096865.7837079276610641263076,5.09420096843951
2012-05-21,1.05927394,46129143.439345519736135772776,5.0942213100526
2012-05-22,1.05870456,46112386.4118252884807112833724,5.08913918877849
2012-05-23,1.0665583,46505621.9224451468767296584872,5.12885889976622
2012-05-24,1.06748348,46449652.1454818193548583738264,5.11915775920514
2012-05-25,1.07106937,46645139.2867037054391230675088,5.13727680654588
2012-05-26,1.0671858,46379040.3198605464213757596752,5.10397880479252
2012-05-27,1.07321035,46698257.0143764226881158715252,5.13461613500877
2012-05-28,1.07353739,46750270.4945245879757612156568,5.13632541905318
2012-05-29,1.07601639,46893250.8473212448798623438752,5.14847069783752
2012-05-30,1.07393,46833947.1163945613188783492024,5.13826456925774
2012-05-31,1.08799952,47265053.6727197183415818757816,5.18163972121566
2012-06-01,1.10502904,48083195.1795615645061371998624,5.26694375803624
2012-06-02,1.09982963,47912390.0924073981469939377996,5.24363906019871
2012-06-03,1.09327409,47669615.1872366454636253019796,5.21270498480421
2012-06-04,1.10255401,48131592.2384888861508832690584,5.25876585739334
2012-06-05,1.13624416,49702238.2218352827994055537556,5.42601429485681
2012-06-06,1.13951888,49928522.181047130995408609442,5.44616942197545
2012-06-07,1.16734111,51259993.8406160946563554445412,5.58716980976037
2012-06-08,1.17328064,51624039.6813223014910203166992,5.62252910169492
2012-06-09,1.15906527,51069908.8467576153321477709508,5.55700233547633
2012-06-10,1.13827143,50204380.9270915907957243852024,5.45789356925774
2012-06-11,1.16358167,51431046.3856115387918756119596,5.58699698158971
2012-06-12,1.19076668,52769039.88158684065472845687,5.72749129865575
2012-06-13,1.22631584,54488428.1543049162422029829976,5.90930132378726
2012-06-14,1.23632319,55021069.0673436662067824665728,5.96202318205728
2012-06-15,1.34544986,60253468.6238220961002851827008,6.52338071917008
2012-06-16,1.32650659,59571991.8180513761657669742856,6.44415828229106
2012-06-17,1.27481556,57365439.484740445713207060812,6.1999664880187
2012-06-18,1.29624188,58446564.172951119614874829586,6.31084466861485
2012-06-19,1.33207309,60198212.2670423659080239186808,6.49482671595558
2012-06-20,1.37148675,62088644.9163648711211755391684,6.69355105552309
2012-06-21,1.36507314,61936546.022190421481439373302,6.67226250379895
2012-06-22,1.340806,60974656.5856927298039599198752,6.56376169783752
2012-06-23,1.31590739,59947890.1494258066645283747072,6.44754168907072
2012-06-24,1.29595593,59087157.1724884156503710489268,6.35049403857393
2012-06-25,1.28915512,58828568.5842839011000393204716,6.31747363004091
2012-06-26,1.31046257,59950983.6208520461103288388636,6.43286082875511
2012-06-27,1.34542168,61708994.4068080116286161913208,6.61571340151958
2012-06-28,1.33892459,61514893.8478931484336134032568,6.59006463296318
2012-06-29,1.35144702,62204895.5393782185879186813456,6.65877675715956
2012-06-30,1.35478588,62451244.1851725965951574663372,6.68042762302747
2012-07-01,1.3431952,61997524.7091328948700885750616,6.62686009234366
2012-07-02,1.36464463,63139793.2809284176877699763496,6.74347805084746
2012-07-03,1.30578732,60443460.6121164841425646923544,6.44999240327294
2012-07-04,1.31743258,61099970.7566872274936178146352,6.51483533313852
2012-07-05,1.34189548,62344159.6573390328170945442496,6.64239860432496
2012-07-06,1.34647254,62675402.126008789851067083942,6.67218118936295
2012-07-07,1.37465592,64010301.3564313054021165193316,6.80827371186441
2012-07-08,1.37033073,63949884.5500369390693722859556,6.79631768790181
2012-07-09,1.41488587,66228574.0109723955144913000656,7.03239588603156
2012-07-10,1.45714854,67659123.0526902511810965563292,7.17858003565167
2012-07-11,1.45509139,67769165.5245275071510746411852,7.18514778901227
2012-07-12,1.52548031,71323046.8733177915471138855456,7.55593565020456
2012-07-13,1.53494235,72093053.517530453540917764594,7.63092125599065
2012-07-14,1.53495281,71674215.8105455448958041160708,7.58012917825833
2012-07-15,1.54252702,72173016.098099963528090500374,7.62723485973115
2012-07-16,1.70367355,80432892.749381555404514963754,8.49340567738165
2012-07-17,1.73352208,82956914.9909993734900012607552,8.75198485505552
2012-07-18,1.79066623,86280546.205442799734406531922,9.09519268614845
2012-07-19,1.73994899,84294655.0142707584444633865212,8.87953341350087
2012-07-20,1.67043972,81062890.0925058263526831071376,8.53245067913501
2012-07-21,1.73068675,84386002.7507508076424908356864,8.87564584102864
2012-07-22,1.65722469,80942835.8760334634529608826624,8.50656254412624
2012-07-23,1.65967218,81237521.8947565245146379343808,8.53121126943308
2012-07-24,1.66485314,81719570.4966989646381789717168,8.57458517066043
2012-07-25,1.69811126,83645893.810169347682176263648,8.7693472729398
2012-07-26,1.71150143,84735953.5420090043349522295808,8.87576504617183
2012-07-27,1.71018114,84964924.4979511365613868738016,8.89145989421391
2012-07-28,1.69715731,84565301.4685359675386842788016,8.84256089421391
2012-07-29,1.67503455,83730525.7478632481192746515984,8.74768065926359
2012-07-30,1.73507837,87070987.8219795995478608385596,9.08831724897721
2012-07-31,1.77024687,89360785.4197197376480730039028,9.32099840210403
2012-08-01,1.80931121,91793105.7840211776997186395364,9.56802090385739
2012-08-02,1.9719365,101310978.647725122770007861592,10.5510396960842
2012-08-03,2.02602743,104902443.635597877285634809144,10.9158647466394
2012-08-04,2.01583662,105024617.52570010603555733834,10.9197148807715
2012-08-05,1.9855767,103997526.89568884723181733932,10.805117377557
2012-08-06,1.98923564,104692770.505707635034500687784,10.8694465017534
2012-08-07,1.99677645,105474372.35008440108035473906,10.9412794400935
2012-08-08,2.00790333,106810902.928817111979071931396,11.0703915967271
2012-08-09,2.00671418,107226894.096589630819308256344,11.1037247440094
2012-08-10,2.06026781,110636632.184861533025863305598,11.4475688045003
2012-08-11,2.07039383,111651408.618982157443343434686,11.5425355271771
2012-08-12,2.0737898,112227384.47474271643615303713,11.5925523898305
2012-08-13,2.13114399,116122187.29643910305518220229,11.9849629903565
2012-08-14,2.1544732,118176335.076476951839916738898,12.1870974810053
2012-08-15,2.30814027,127818103.773253784650461783956,13.1700773538866
2012-08-16,2.33572798,130646052.434359313866769118374,13.4507908246639
2012-08-17,2.0858717,117385958.354292046456794568314,12.0770055423729
2012-08-18,1.97544904,112618349.171159470606235654694,11.5775071648159
2012-08-19,1.36686681,76242380.1227762184647791452712,7.83062184190532
2012-08-20,1.71866113,97255295.6149337173817679654038,9.97987664874343
2012-08-21,1.70425191,96591607.4500664861542777389996,9.90298201811806
2012-08-22,1.67933753,95395671.50898487710199029394,9.772554578609
2012-08-23,1.72984273,98564569.317120454022837432756,10.0886574260666
2012-08-24,1.80794118,103580497.487728144222850162472,10.5940425943892
2012-08-25,1.80118006,103552174.735461450381900137286,10.5836766715371
2012-08-26,1.7917826,103273332.10031615835551529696,10.545530742256
2012-08-27,1.83189532,106827431.350410916842161714836,10.9003800806546
2012-08-28,1.83040885,107229255.087826365412268889826,10.9329585336061
2012-08-29,1.81697118,106681318.818091383633020808188,10.8677839018118
2012-08-30,1.79273795,105389297.616880484101684617876,10.7277488383986
2012-08-31,1.67505198,99316690.199957772105003888448,10.1024098205728
2012-09-01,1.66090374,98454678.08337092038120056891,10.0065329374635
2012-09-02,1.69521665,100699020.68966391921777953709,10.2261162016365
2012-09-03,1.73716742,103450203.510370930909342182294,10.4971343091759
2012-09-04,1.71209367,102217456.181210217743812291374,10.3640018942139
2012-09-05,1.81269181,108841095.329307506391405202842,11.0255228784337
2012-09-06,1.82965166,110271634.580604826023029918532,11.1607690157802
2012-09-07,1.81354854,109528340.248070151615021359432,11.0761223366452
2012-09-08,1.80523977,109283537.655887076991484417374,11.0432700333139
2012-09-09,1.8034734,109557776.886462173063477862408,11.0620954932788
2012-09-10,1.78632149,110267076.141424744793284945275,11.1252888047925
2012-09-11,1.80560418,111764157.421166029744875602419,11.2680929552893
2012-09-12,1.80894872,112319940.780472567006830968664,11.3152859082408
2012-09-13,1.81613397,113039260.8894036667822575576,11.38029928872
2012-09-14,1.86613678,116608882.45764034028098780069,11.730107622443
2012-09-15,1.85833105,116576804.076732069615195565095,11.7183934155465
2012-09-16,1.87885659,118348940.850100979540168564631,11.8869112238457
2012-09-17,1.87699904,118662093.31211603842663968894,11.908317157218
2012-09-18,1.92401948,122265375.029101370245583392164,12.2596508386908
2012-09-19,1.9513395,124798943.895402915790789186406,12.5048540981882
2012-09-20,1.91810213,123518907.993401502131447939057,12.3671766493279
2012-09-21,1.90624657,123288353.559588892357476402538,12.3336578357686
2012-09-22,1.88391087,122185398.125199415735532674773,12.2137276250731
2012-09-23,1.87373566,121798669.133700257505974173732,12.1654630263004
2012-09-24,1.86187643,121371980.7988522246867206682,12.11358871654
2012-09-25,1.86751446,122146156.531862005275410867163,12.1824053945061
2012-09-26,1.88332202,123610143.058882341402127740096,12.3198168597312
2012-09-27,1.87790927,123698618.799578628019558113594,12.3187514018118
2012-09-28,1.87920326,124426093.857624978947032641363,12.3814573892461
2012-09-29,1.87778161,124764385.429332939430700663709,12.4047515055523
2012-09-30,1.87229802,124730849.774124739312735034907,12.3916224728229
2012-10-01,1.8688831,124789580.762100633045303239749,12.3893951601403
2012-10-02,1.9232089,129091708.815858300094876950232,12.8072380958504
2012-10-03,1.93693159,130671581.045046941787359336291,12.9554304944477
2012-10-04,1.91743612,129817358.331755704971158668091,12.8623857779077
2012-10-05,1.8990167,128792187.500737749052201719356,12.7522194190532
2012-10-06,1.86118784,126393597.542196413319562378574,12.5051297136178
2012-10-07,1.76871725,120088737.975757577518773976266,11.8739970853302
2012-10-08,1.74493179,118770512.826095368170870828915,11.7333297481005
2012-10-09,1.7595105,119819510.613524336384624783757,11.8286634354179
2012-10-10,1.79846745,122751327.72903689530584402189,12.109188478083
2012-10-11,1.79078273,122412521.244243289096588499536,12.0675518082992
2012-10-12,1.7833828,122101610.636386146502737462097,12.0280681648159
2012-10-13,1.76778643,121161895.218364327225433647468,11.9268038293396
2012-10-14,1.72624831,118429755.797859550818845716128,11.6505779608416
2012-10-15,1.76179327,121150258.441107382163596388367,11.9083095268849
2012-10-16,1.7507955,120628700.003253733975480411865,11.8480180689655
2012-10-17,1.7561613,121439970.821561897708258693201,11.9193881607247
2012-10-18,1.75473806,121600269.512556176044887093782,11.9259328445354
2012-10-19,1.72901826,119962097.601464829189432572118,11.7574857971946
2012-10-20,1.71932352,119410587.232797213878368856103,11.6943775517241
2012-10-21,1.70878321,119126970.24021870981338363249,11.657411405903
2012-10-22,1.71974123,120074124.856787389792760241012,11.7410779129164
2012-10-23,1.71372613,119809710.691943818961458942975,11.7077817299825
2012-10-24,1.70097555,119152521.515110204280549144006,11.6343523869082
2012-10-25,1.57445232,110209542.663578701225956418315,10.7536298202805
2012-10-26,1.4868804,103908142.88185631910005294493,10.130619493571
2012-10-27,1.53614064,107359452.263560594518872277305,10.4581862957335
2012-10-28,1.57242952,110032971.946990047463426371453,10.7099620838691
2012-10-29,1.56040388,109303025.287273890010646622442,10.6307389760374
2012-10-30,1.59285398,111730922.965576080388410809082,10.8593230584454
2012-10-31,1.63149593,114761515.643916777882535598712,11.1460718381064
2012-11-01,1.5558671,109351152.261787454756976999724,10.6135357510228
2012-11-02,1.5453108,108570966.328664487647912145091,10.5305036388077
2012-11-03,1.56238365,109888442.85816559476861016521,10.650747019287
2012-11-04,1.58109304,111480946.480359914455125557715,10.7968828924605
2012-11-05,1.57225848,110988015.006693693280764168775,10.7408207352425
2012-11-06,1.58971981,112377596.363592273999181178639,10.8681974991233
2012-11-07,1.60010198,113351810.417327054813337311727,10.9540989444769
2012-11-08,1.5902082,112800328.17427774539610844424,10.892699371128
2012-11-09,1.57844306,112086886.486700048291132554196,10.8158672180012
2012-11-10,1.5845781,112656246.944338633268282476914,10.8632604430158
2012-11-11,1.58025646,112513802.745279208590583645091,10.8418406388077
2012-11-12,1.60489338,114553210.177269281261715022419,11.0313424552893
2012-11-13,1.59806012,114283985.643060802673508176178,10.9980027790766
2012-11-14,1.59128731,113956556.569666187118972434721,10.9589524184687
2012-11-15,1.62005507,116280258.279225162942392390826,11.1751098585622
2012-11-16,1.68971657,121879246.88485298648429000092,11.705044829924
2012-11-17,1.69344447,122430036.157357488216946920694,11.7500423991818
2012-11-18,1.67867627,121635667.653069288827430574167,11.6656310321449
2012-11-19,1.6880353,122606667.684632209319925050943,11.7505293506721
2012-11-20,1.67898029,122156769.221724913565901534054,11.6991703167738
2012-11-21,1.68083489,122558788.424530890750543389515,11.7291351759205
2012-11-22,1.75627213,128528694.520037280855447361175,12.2919979465225
2012-11-23,1.74998238,128506332.289666363017379729881,12.2802876195207
2012-11-24,1.76602085,129990951.641108448359258934146,12.4132043997662
2012-11-25,1.77806828,131302249.065494639863540353943,12.5296894897721
2012-11-26,1.72578205,127781880.537408513521039932306,12.1846262399182
2012-11-27,1.72025602,127606001.207534230615571867832,12.1592753845704
2012-11-28,1.74127299,129501418.243059586082151731294,12.3316598270018
2012-11-29,1.76192076,131296558.343489637771471247953,12.4976616534191
2012-11-30,1.77041545,132265404.830133963247664153874,12.5861389275278
2012-12-01,1.76938314,132383636.512873743849099672879,12.5923868702513
2012-12-02,1.75501044,131435447.674198271336614483433,12.4979447565751
2012-12-03,1.77399667,133154233.367852584431898470625,12.6569578369375
2012-12-04,1.85774266,140688725.148019918504871515279,13.3695895815313
2012-12-05,1.84294645,140131206.160030514172404751909,13.3127502220923
2012-12-06,1.8612199,141916007.774033570336355821959,13.4779245403273
2012-12-07,1.8543992,141952711.090917223463632131984,13.4772824494448
2012-12-08,1.85513901,142238399.860910422752481110025,13.4999844091175
2012-12-09,1.83087828,140663415.230173958021222666176,13.3465108907072
2012-12-10,1.84712224,142247713.407529539265337200644,13.4922565809468
2012-12-11,1.85959868,143595184.64355359538177305691,13.615415666277
2012-12-12,1.86112478,144196440.983686053338243137261,13.6682136426067
2012-12-13,1.86515926,145159718.587076401959367750023,13.7552515207481
2012-12-14,1.84173767,143567118.089705392299468742446,13.6009222527762
2012-12-15,1.83124675,142867734.358321799855568658783,13.5309482887201
2012-12-16,1.80326306,140813211.390736465428097745022,13.3328610765634
2012-12-17,1.80108367,140722763.008082405107112931432,13.3200719514904
2012-12-18,1.79259699,140256729.467522370406362044792,13.2720338690824
2012-12-19,1.82412757,143121219.033436752037994688411,13.5385431800117
2012-12-20,1.82505515,143490007.607085082655242533732,13.5700270263004
2012-12-21,1.80384887,142040745.084491555302808256174,13.4289680023378
2012-12-22,1.80284753,142073550.827322136530776201012,13.4272139129164
2012-12-23,1.78784107,140959696.015516373878989890159,13.3181057568673
2012-12-24,1.80152292,142152977.428597525795621783893,13.4266626715371
2012-12-25,1.79274659,141547568.565912367460995312348,13.3655670046756
2012-12-26,1.80324201,142543318.606270874749590622488,13.4546990175336
2012-12-27,1.79484765,142008694.952847076206498066498,13.3993031811806
2012-12-28,1.80018039,142661206.949689341870322138457,13.4555072215079
2012-12-29,1.78895887,141845218.846273575724735133548,13.3740038603156
2012-12-30,1.79682629,142654149.83023797552160955484,13.445013798948
2012-12-31,1.80428719,143774388.855730136785590690366,13.5455524436002
2013-01-01,1.77533304,141555033.526106002202114720165,13.3313714219755
2013-01-02,1.7682754,141066803.574783775427869043067,13.2806068129749
2013-01-03,1.78037669,142220115.004155887402024577696,13.3840811484512
2013-01-04,1.78670376,142990314.833203247711860355783,13.4517211496201
2013-01-05,1.78641402,143119456.47290247711355427949,13.459406766803
2013-01-06,1.79112313,143647868.183997416708678339883,13.5044965078901
2013-01-07,1.79609055,144253304.186472415871359303575,13.5560616578025
2013-01-08,1.82064961,146685836.611271001901567611934,13.7803506312098
2013-01-09,1.82378518,147162973.271894308879949983433,13.8209552565751
2013-01-10,1.85730887,150432832.9502932444648622212,14.12317285564
2013-01-11,1.86676138,151586978.382199608533215557416,14.2276211227352
2013-01-12,1.86299654,151488250.358584911333557360853,14.2142856560491
2013-01-13,1.85333941,150965188.420769292565907337399,14.1607882670953
2013-01-14,1.87068729,152697071.269442898915533918315,14.3179703202805
2013-01-15,1.86625363,152694164.399685731634202313176,14.3136377516072
2013-01-16,1.91141576,156947302.653457627078676755116,14.7078140479252
2013-01-17,2.0121271,166496176.12116816391792977558,15.598599739626
2013-01-18,2.01889919,167794592.577863472997156486686,15.7157911239042
2013-01-19,1.99859889,166491554.222138416085780734146,15.5881263997662
2013-01-20,2.01174993,167946784.359633898369739410278,15.7195921373466
2013-01-21,2.13015937,179342361.507127062991910350023,16.7810195207481
2013-01-22,2.1703499,184953009.294990759539347912164,17.3001788386908
2013-01-23,2.18559134,187533596.668762189854987740343,17.5363954228521
2013-01-24,2.09953529,180805534.9904228183091938894,16.90108607218
2013-01-25,2.15223509,186279514.740570250684054704541,17.4072020292227
2013-01-26,2.16087068,187914933.184849294569066399264,17.5536291760608
2013-01-27,2.18079976,191311673.728299309081574990711,17.8646280148217
2013-01-28,2.27526587,201336191.079487355131369721775,18.7942648743425
2013-01-29,2.32416991,209131188.187821669150194535572,19.5147141861484
2013-01-30,2.32557517,211593616.686929071380560143481,19.7374466864407
2013-01-31,2.38254625,219992291.293698067853876289354,20.5116430306838
2013-02-01,2.33077644,219332192.91977451813335644378,20.443091956166
2013-02-02,2.2350697,210747024.724841771897865300782,19.6359017054354
2013-02-03,2.32891208,220964098.058099724307296365946,20.5789396832262
2013-02-04,2.30317042,219561293.926066479724816470763,20.4404879614261
2013-02-05,2.31494333,221998394.402149767377504235618,20.6593447276446
2013-02-06,2.36137756,227977548.323554728559499667441,21.2085655318527
2013-02-07,2.44320117,237835974.950121031608829078018,22.1177651789246
2013-02-08,2.48951622,245122315.045633565245476270717,22.7873650499299
2013-02-09,2.57029343,255388554.477844406829299954679,23.7338601537113
2013-02-10,2.57573299,257275617.020126096995120706013,23.9002893571011
2013-02-11,2.61956557,263799244.591757912371405797999,24.4972726949153
2013-02-12,2.64695645,269081466.773809828458761067303,24.9797364073641
2013-02-13,2.58643345,265544956.469819955101039726661,24.6416509347867
2013-02-14,2.81731895,294105249.084479674297734595137,27.2823898203039
2013-02-15,2.76388477,293028956.046635046155864621614,27.1712692291058
2013-02-16,2.75541364,295044317.196343347453913243343,27.3461635619521
2013-02-17,2.69341809,290651131.117409132135417571223,26.9272513763881
2013-02-18,2.67527962,290776965.616563883045316753552,26.9288676370544
2013-02-19,2.87905367,317724200.611301405441797776845,29.4136243807715
2013-02-20,2.88625353,322255643.806524472649535836801,29.8198072276447
2013-02-21,2.8644687,322368057.738148814279405121821,29.8180689158387
2013-02-22,2.89510636,329574421.142233236457175732076,30.4726565324372
2013-02-23,2.81513609,322491376.750766221584708955668,29.8064545458796
2013-02-24,2.78872419,323434465.296598757621591316843,29.8828484924021
2013-02-25,2.77552491,328667440.201588259059234388871,30.3520330949737
2013-02-26,2.82058485,337497493.391612462357044400943,31.1555373506721
2013-02-27,2.81550442,338566011.414581490801491200092,31.2402610829924
2013-02-28,2.93242114,361844584.445445076960472221844,33.3752939365868
2013-03-01,2.99916694,375321808.199234297704439644332,34.6062570341204
2013-03-02,2.94238341,370426924.43081680530248566843,34.143515924021
2013-03-03,2.95351788,373909556.33168627189295577696,34.451740484512
2013-03-04,3.07990408,394959476.392003787599563342998,36.3762652507306
2013-03-05,3.34059331,441752606.208198452297061349701,40.6729539902747
2013-03-06,3.41073072,470289960.440408800719270673339,43.2849961852133
2013-03-07,3.24461202,455925257.052455718875654071821,41.9474407158387
2013-03-08,3.35334641,477355001.19273560905124600046,43.902928914962
2013-03-09,3.50857536,510016056.552148803087298210738,46.8885866123086
2013-03-10,3.41442475,501279796.286060787427049284123,46.0660384590181
2013-03-11,3.52669627,525515935.58910922260804648894,48.275074577218
2013-03-12,3.21775227,483629745.129479896364200643228,44.4135452582116
2013-03-13,3.35448171,512155115.661733098860112752047,47.0161908515809
2013-03-14,3.31080577,511377878.567252866046628790899,46.9255625535453
2013-03-15,3.27320999,511328419.903446649083071287809,46.9025172478223
2013-03-16,3.26643484,514309258.649673087557568810347,47.1570156995909
2013-03-17,3.25507816,516481367.166598227101895488526,47.3334997837522
2013-03-18,3.46957223,560719989.787650193748639879774,51.3654363912578
2013-03-19,3.86035942,649756841.988081833059279806567,59.4986011114249
2013-03-20,4.00566845,695837672.173005632318577736517,63.6874854981899
2013-03-21,4.23461019,775218245.397428642499245703345,70.9175250053215
2013-03-22,4.05568242,763905914.728149317801862356772,69.8460845417884
2013-03-23,3.70672564,704506765.926792503489539779605,64.3831163705435
2013-03-24,4.02556381,784805096.648120927183771108714,71.6904242064758
2013-03-25,4.02378239,813794255.404162245793195064911,74.3140892495617
2013-03-26,4.15075356,861180389.849598880025926664104,78.6141974320088
2013-03-27,4.49610198,973622415.655908597411587767809,88.8520799138223
2013-03-28,4.28052357,961105316.791192512569948756128,87.6731739608416
2013-03-29,4.30087359,990247183.1166803553481633341,90.29569935827
2013-03-30,4.24924608,1011419720.792491765824502567947,92.1899599883109
2013-03-31,4.26532297,1030569006.823800116378104398252,93.8992384231444
2013-04-01,4.45266486,1137334458.81758386823891855829,103.580346911163
2013-04-02,4.75336825,1281698828.01091386885222457659,116.679944241173
2013-04-03,4.85046378,1443802753.89112924726491356182,131.384809378154
2013-04-04,4.73920513,1462142594.20583311538995306335,133.007120475745
2013-04-05,4.71276367,1568446691.14578295757601826477,142.626065488019
2013-04-06,4.6145611,1574041675.71973546347374015739,143.081822964933
2013-04-07,5.04960835,1792203246.36335689625152420648,162.852214576856
2013-04-08,5.33290242,2051533382.15815767040647233686,186.351161848042
2013-04-09,5.64074143,2540595996.91765306584053929881,230.682996695207
2013-04-10,3.7993504,1776045793.85893127636637483111,161.192889661017
2013-04-11,2.09881888,913752860.345797230873046915785,82.9015850379895
2013-04-12,2.84072926,1229190266.59770461687863048137,111.476373194039
2013-04-13,2.50198944,1076690513.502254500453221572879,97.6090718702513
2013-04-14,2.29456796,980538999.371582654018330735329,88.8614913997663
2013-04-15,2.11528578,892740541.598170584065117600184,80.8746931659848
2013-04-16,1.81094891,754050004.817134255752402122166,68.2831387270602
2013-04-17,2.42321708,1025893606.645837903462511215647,92.8640369135009
2013-04-18,2.78425484,1200445302.73354578367536242952,108.628345092344
2013-04-19,3.00006559,1315605195.20176520202752786686,119.012283239042
2013-04-20,3.18525555,1417754798.36230398458882972235,128.208288893045
2013-04-21,2.91485166,1310734486.52408178434345182789,118.483243756283
2013-04-22,3.07341776,1397849284.9436217522758683157,126.31427175979
2013-04-23,3.38292483,1573439237.55518583301849417855,142.127218053185
2013-04-24,3.50996743,1706978240.314552329798927235,154.1332778045
2013-04-25,3.16156158,1562233498.56479965621332456036,141.008659278492
2013-04-26,3.0583438,1520730335.24071026581355431754,137.209600419638
2013-04-27,2.83739563,1421641367.31001461036703953966,128.226669605202
2013-04-28,2.9627086,1493159121.3612575982042144378,134.62356956166
2013-04-29,3.11966325,1595678942.25315458294541078591,143.810378192577
2013-04-30,3.00006777,1544261147.85455819014358183985,139.129647545295
2013-05-01,2.52047369,1289236474.63782021345914966841,116.113801040327
2013-05-02,2.32100761,1181083037.84120258219292990299,106.340984697253
2013-05-03,2.10886798,1070079113.380720282353315765921,96.3168402741087
2013-05-04,2.45598818,1250294771.11799902155435784006,112.497636369082
2013-05-05,2.53233335,1295132003.69532468243044103366,116.488715827002
2013-05-06,2.43394807,1247009913.34983689317337589881,112.118596195207
2013-05-07,2.41884231,1241813188.58743981225426390278,111.609212873466
2013-05-08,2.44959787,1259268268.12250319480224124629,113.136061854763
2013-05-09,2.42161822,1246798888.29706321772341233368,111.974532710696
2013-05-10,2.54554421,1310956317.57158738509557130002,117.691036883694
2013-05-11,2.486801,1287073482.2220524214842765691,115.49977766277
2013-05-12,2.46930854,1280712746.18183193475560343362,114.885675559614
2013-05-13,2.5169175,1309302108.77376867409975291679,117.404456646113
2013-05-14,2.31657619,1203339070.91153574983409472214,107.865566569258
2013-05-15,2.33507149,1216232218.99459629245188405206,108.986852425482
2013-05-16,2.41471463,1260518014.31584289858328251129,112.917874050263
2013-05-17,2.50090692,1309736635.92178533050333503941,117.284616014027
2013-05-18,2.50453812,1320062670.46662435718533119632,118.169876680304
2013-05-19,2.47744864,1307829010.95598537776479500575,117.033880187025
2013-05-20,2.48938747,1316978462.56656842735491222883,117.818636469901
2013-05-21,2.4741524,1311087675.48448531322315437884,117.252040911748
2013-05-22,2.50485148,1330852943.060672331076393341,118.9781735827
2013-05-23,2.59511089,1384500610.90013260932927098202,123.726156049094
2013-05-24,2.69072496,1443736428.81674570094668417604,128.971080654588
2013-05-25,2.65472177,1442855585.19162448326903972371,128.844915254237
2013-05-26,2.67740913,1458097147.78825462665326136546,130.158601110462
2013-05-27,2.59424673,1416468208.55242180152546956523,126.392905902981
2013-05-28,2.57846403,1411493100.41222775224435170458,125.904595265926
2013-05-29,2.63946924,1453071288.94682423576094810945,129.564812390415
2013-05-30,2.56977125,1419412080.68703983640365918712,126.513068381064
2013-05-31,2.58656508,1434594990.99578661863679628089,127.816488895383
2013-06-01,2.59949225,1446220280.47824234804757975737,128.791151081239
2013-06-02,2.47023042,1377608657.54374200398304420437,122.626708942139
2013-06-03,2.47098358,1381886143.74788618448645803596,122.949187901812
2013-06-04,2.41037014,1351513939.60421094663762523688,120.189968731736
2013-06-05,2.41605705,1359715910.58503613390911787832,120.869923845704
2013-06-06,2.36554851,1339826275.53270034324566074472,119.053975669784
2013-06-07,2.19162685,1240602181.996858138206857788,110.1977314436
2013-06-08,2.17144932,1229622253.64704606284354712743,109.178545341321
2013-06-09,1.98865953,1125560431.974022799046423573897,99.9036034482759
2013-06-10,2.07770045,1176194806.78511558228902562649,104.357566627703
2013-06-11,2.13557988,1212181136.86346549060657718942,107.507520455874
2013-06-12,2.11326913,1199986618.47658753473574118482,106.378116306254
2013-06-13,2.01619261,1143444218.80401764030191736473,101.323897720631
2013-06-14,1.97525553,1120071870.558366561633675398923,99.2132443015781
2013-06-15,1.98785838,1127975169.678079017773328251129,99.8750374050263
2013-06-16,1.97078129,1118983801.809229133126043113433,99.0383512565751
2013-06-17,1.99247389,1131638994.89922432180961434518,100.126305084746
2013-06-18,2.07413684,1179053256.33217188486637071639,104.289176382233
2013-06-19,2.07549068,1180855103.99258023787517361196,104.417150789012
2013-06-20,2.07320647,1180197648.00237715412759385459,104.323499707773
2013-06-21,2.01650897,1147741147.26862930805857527671,101.416857393337
2013-06-22,1.9886398,1132593774.13552772427615503408,100.039508474576
2013-06-23,1.99397986,1136123648.49342843177710121315,100.314744593805
2013-06-24,1.96797679,1122122201.320615593732271300805,99.0456832261835
2013-06-25,1.94416036,1108764901.010749017459352593644,97.8327887200468
2013-06-26,1.95910003,1118474982.906079475973373990968,98.6517007597896
2013-06-27,1.92349796,1097930048.482986596758691107767,96.8039495990649
2013-06-28,1.78128607,1014611777.037771570286883791731,89.4245067212157
2013-06-29,1.76821188,1007870547.391198422487975464447,88.7972910578609
2013-06-30,1.78301213,1015972024.189260805519740807579,89.4809076563413
2013-07-01,1.65189371,941209016.612019133070430429469,82.8675701344243
2013-07-02,1.74762367,997754431.169221054981506855572,87.8164666861484
2013-07-03,1.55181119,883071892.502088723426406917562,77.6913308007014
2013-07-04,1.58276019,899806198.668047369170303522538,79.1348708357686
2013-07-05,1.36137275,767229523.107046147423606060391,67.4476238527177
2013-07-06,1.34844416,754959359.334100033473648430002,66.3416808883694
2013-07-07,1.46501861,820931924.913813896424899806962,72.1095223728814
2013-07-08,1.50296907,842678930.725165663255629340299,73.9885537697253
2013-07-09,1.52222014,853313924.217297958064200127514,74.8919108708358
2013-07-10,1.71733658,969055184.208140360539936194104,85.0136791350088
2013-07-11,1.76516035,997748975.538166166546348750554,87.4975493863238
2013-07-12,1.81083744,1027164025.222264823795216272026,90.0466987142022
2013-07-13,1.83583015,1045157621.019828636558341383159,91.5925978959673
2013-07-14,1.80117415,1026141810.24784499586347804746,89.892269275862
2013-07-15,1.87663807,1071090138.124626955285826841407,93.7961525423729
2013-07-16,1.83749352,1048455135.852420080977116015231,91.7810356516657
2013-07-17,1.8238974,1040309905.509400614521043113433,91.0313512565751
2013-07-18,1.7072557,971287993.072402102136087891616,84.9617291174752
2013-07-19,1.7344736,986256159.269602582751096541219,86.2387945996493
2013-07-20,1.70903901,971464273.602905704983550374974,84.9108591466978
2013-07-21,1.72424963,980511137.909877897466778470416,85.6643502618352
2013-07-22,1.72449453,980689069.388434491329043771639,85.6490286382233
2013-07-23,1.75049177,996201703.98892623526865017719,86.977056691993
2013-07-24,1.77287254,1010006369.1996826246925226636,88.15173056692
2013-07-25,1.81143598,1033415205.04835270395900906544,90.166092226768
2013-07-26,1.80661592,1031696975.948225964303206681633,89.9839859731151
2013-07-27,1.76941732,1011243794.39645800796740697627,88.165275862069
2013-07-28,1.85884089,1064171803.519621793502991150899,92.7458421975453
2013-07-29,1.869772,1070930477.455755702082881119172,93.2986972530684
2013-07-30,1.93317595,1109984156.86899899746268322235,96.659552893045
2013-07-31,1.95512089,1126123141.317790076087475590048,98.0244199298656
2013-08-01,1.92448734,1109819030.998511831691382373207,96.5680178258329
2013-08-02,1.90836477,1104608731.113131564423823259398,96.0745306838106
2013-08-03,1.88398021,1098486159.251123338118749970458,95.5067095265926
2013-08-04,1.89918712,1108794709.916790882255097757976,96.3654821741672
2013-08-05,1.91794773,1122621651.992542894900323481434,97.5271338398598
2013-08-06,1.91969225,1124743992.239407168199621733567,97.6712066043249
2013-08-07,1.90613164,1118090163.238417790433608316611,97.0542068965517
2013-08-08,1.85073304,1086351798.390712379302795338386,94.2572717708942
2013-08-09,1.81530455,1066235602.340477305568836294219,92.4727767387493
2013-08-10,1.83035886,1076189159.89151448448550322235,93.293552893045
2013-08-11,1.84834368,1087977184.08141088161825060945,94.271312390415
2013-08-12,1.87013093,1102054997.744228323027898293456,95.4464707773232
2013-08-13,1.90506811,1129204302.844392771315160182814,97.7590750847458
2013-08-14,1.92870802,1145355378.329904522962003242651,99.1212875511397
2013-08-15,1.90518517,1134044440.869215130806163538365,98.1063331385155
2013-08-16,1.90684121,1136591430.502224018531851878068,98.2909602571596
2013-08-17,1.92994937,1152554547.210089372211269339745,99.6305043834015
2013-08-18,1.91982911,1147801318.618474664892127703115,99.1780397428405
2013-08-19,1.98520771,1189988562.07024251767159498892,102.784012273524
2013-08-20,2.01417621,1210354339.88859681949233559858,104.500210987726
2013-08-21,2.12829753,1283881982.26163576830653755049,110.801603740503
2013-08-22,2.10024403,1269660463.93458772763722525946,109.523216832262
2013-08-23,2.06093411,1249024180.05248778082903185114,107.697571595558
2013-08-24,2.08130944,1263266573.06676185115486575622,108.882675043834
2013-08-25,2.15729459,1312420941.73752118853290046247,113.082563413209
2013-08-26,2.13483001,1301692972.2303731827251137696,112.11811484512
2013-08-27,2.23422335,1367690448.25670085214229465022,117.759790765634
2013-08-28,2.23736392,1374693335.09536141944494709931,118.317414377557
2013-08-29,2.23910779,1381275915.59399375672528497763,118.835638223261
2013-08-30,2.34219842,1452234606.62357548407549602676,124.885379602572
2013-08-31,2.39605237,1493564144.47115145232086633159,128.377978959673
2013-09-01,2.42498554,1519396350.38652403856597611708,130.536372004676
2013-09-02,2.39758629,1508790670.61632814640027247167,129.565371712449
2013-09-03,2.37429811,1504962196.15899034500529692996,129.182803623612
2013-09-04,2.2514393,1427948371.61063493815367405227,122.529238749269
2013-09-05,2.24501895,1426641209.97164280078364560987,122.370085037989
2013-09-06,2.16099099,1374619240.90864551877621217813,117.861146405611
2013-09-07,2.19342788,1397841319.77496742648303525988,119.814989479836
2013-09-08,2.15970205,1377799328.15060365589290500021,118.057386323787
2013-09-09,2.21003514,1415782620.81703978493560581225,121.259272647575
2013-09-10,2.22281192,1427531142.49007770477421556429,122.215530189363
2013-09-11,2.30280245,1485081826.06841929059348635417,127.088227060199
2013-09-12,2.28428174,1482163619.70655229700943004474,126.780723553478
2013-09-13,2.29152617,1490143761.53141139687734939214,127.407745178258
2013-09-14,2.22795516,1455040679.57789396832229001637,124.348477498539
2013-09-15,2.23809743,1464124509.97486426378557560874,125.076417884278
2013-09-16,2.25259491,1477817489.45347929126314303132,126.204665984804
2013-09-17,2.26165636,1486495300.33423478026334261679,126.897250146113
2013-09-18,2.25652894,1487095731.95707441250556252831,126.903819403857
2013-09-19,2.19436054,1455778304.70653178888683617236,124.180957334892
2013-09-20,2.17030968,1441629837.41852178543570273801,122.921635885447
2013-09-21,2.17848848,1449093328.15273155936842580207,123.508256867329
2013-09-22,2.16687478,1445220763.36238582053060713414,123.124935125658
2013-09-23,2.16034239,1442822936.24539751981580135507,122.865699006429
2013-09-24,2.17210146,1454419613.76916758954069502212,123.797357685564
2013-09-25,2.16519894,1452902992.24114370827104018183,123.614078609001
2013-09-26,2.18059655,1466003013.6950534336775204654,124.68567445938
2013-09-27,2.21042861,1489137138.58371793812870857282,126.605347749854
2013-09-28,2.21128719,1491947162.07972391813550315254,126.796551724138
2013-09-29,2.21364079,1496159404.76748223039280624934,127.108627703098
2013-09-30,2.19174983,1484686328.39555736622941902672,126.090261835184
2013-10-01,2.21273466,1502770219.49612769222417784861,127.575424313267
2013-10-02,1.81680607,1226799379.01973563291605796496,104.105092928112
2013-10-03,2.04455417,1386122765.64610659921400677535,117.575495032145
2013-10-04,2.11654681,1438011746.30374175832870857282,121.930347749854
2013-10-05,2.10462698,1432343798.26872104103611498938,121.393402688486
2013-10-06,2.12014896,1445675300.84780282145617974773,122.475261250731
2013-10-07,2.126249,1463057012.74864839131976179607,123.906872589129
2013-10-08,2.13762894,1473712894.0913742189032672235,124.76652893045
2013-10-09,2.15267013,1488057525.98220779647789383989,125.933520312683
2013-10-10,2.16263506,1497777548.19532129124752296655,126.704650496785
2013-10-11,2.16817047,1504875330.8975192498910876843,127.25529924021
2013-10-12,2.174057,1512606987.95748490249513799653,127.851263004091
2013-10-13,2.2466238,1567339903.12626745775198016705,132.415658679135
2013-10-14,2.28766824,1602790253.00881765930792985482,135.339194915254
2013-10-15,2.37863355,1676598789.17385789761824885026,141.493908533022
2013-10-16,2.31116231,1639810397.01140927059984300464,138.327921917008
2013-10-17,2.38998533,1704652669.2151957551259415438,143.74713383986
2013-10-18,2.52745724,1812451441.57633094330443674196,152.775572180012
2013-10-19,2.71725799,1967567120.89519074378303110487,165.772717124489
2013-10-20,2.71537286,1977029419.91401395134203945737,166.500151081239
2013-10-21,2.87138391,2137214991.97558135309947557374,179.910628579778
2013-10-22,2.97641992,2263020795.41762689609745474796,190.402781414378
2013-10-23,3.12646993,2432895570.48688290885215774988,204.600350964348
2013-10-24,2.94581752,2312767940.3087979540406452405,194.41004376505
2013-10-25,2.72008931,2209572235.7949987416376824695,185.64378762595
2013-10-26,2.63011758,2140934160.05801278390065020589,179.808218001169
2013-10-27,2.83044183,2317285644.51419011586875994486,194.546133255406
2013-10-28,2.84330802,2338733568.20279266155924279798,196.274687317358
2013-10-29,2.92026025,2436705089.23828864851348248874,204.428174167154
2013-10-30,2.81514522,2359863678.14305973418945899742,197.900599420982
2013-10-31,2.87412323,2425126130.04433044989247184092,203.283649912332
2013-11-01,2.85280581,2423240758.05215268669343684866,203.037109849386
2013-11-02,2.86731813,2445230033.22100919240038075692,204.792881355932
2013-11-03,2.92760426,2511700501.16346645043560554388,210.275382611748
2013-11-04,3.1028572,2733981942.2375861294597453496,228.79103886616
2013-11-05,3.23550814,2912502205.74077358547720372032,243.641668907072
2013-11-06,3.44238515,3147490420.36026251155792134702,263.209583987142
2013-11-07,3.65033333,3470383248.61469032238663014758,290.124226183518
2013-11-08,4.05004446,3993348230.41008269145750909561,333.750656511981
2013-11-09,3.9318261,3962273330.79850003163417042442,331.051148451198
2013-11-10,3.83414476,3921872793.42145836000473835732,327.558653499708
2013-11-11,3.93601752,4104735225.96433776127433157393,342.697692869667
2013-11-12,3.97746675,4249624605.76289933670236925291,354.645488310929
2013-11-13,4.2842717,4728901632.9589568331007740297,394.50449522443
2013-11-14,4.37591685,4996939801.06287846063670558713,416.706303302747
2013-11-15,4.19286144,4899015075.35195929241376157668,408.398797334892
2013-11-16,4.38705732,5229805659.89880712352393769273,435.798442767387
2013-11-17,4.73725385,5826545586.0047286126926719956,485.33657685564
2013-11-18,5.88406778,7899304673.53680072590567958933,657.778503874927
2013-11-19,4.73213355,6569699293.63660060677932715006,546.878397311514
2013-11-20,4.91891962,7154302952.63927592833289437712,595.339099649328
2013-11-21,5.68827806,8664265762.14941498123297356678,720.764425260082
2013-11-22,5.68433725,9655268663.11690594547095108626,802.916933718294
2013-11-23,5.59412815,10036147278.09140092250137523091,834.295339989129
2013-11-24,5.296892,9713193626.18535840221991835732,807.166695499708
2013-11-25,5.13246251,9825949964.08760767080892720506,816.243386616014
2013-11-26,5.08521124,11031632653.28196198801680117151,916.097160140269
2013-11-27,5.07240404,11599523735.79912711286011030892,962.910560911748
2013-11-28,5.00804872,12139861320.2582466531676520121,1007.38716364699
2013-11-29,5.25316203,13606971765.944044019962760473,1128.7254880187
2013-11-30,5.06423911,13498231256.3659592896353168393,1119.29671478667
2013-12-01,4.31245878,11635980790.70606166889250956458,964.485793687902
2013-12-02,4.55216972,12560905292.9521003415705124026,1040.80821770894
2013-12-03,4.5167953,12720803700.7081386302369032212,1053.62102744828
2013-12-04,4.71817918,13707359422.5764580918309758823,1134.93223088837
2013-12-05,4.1962207,12413127183.57117942613583033,1027.411772827
2013-12-06,3.37225697,9966834404.93324362693788722706,824.581710337814
2013-12-07,2.86818513,8509735774.12651645297765081284,703.748376025716
2013-12-08,3.17322401,9478800440.28237554532506660943,783.573348334307
2013-12-09,3.60228356,10843715165.30987410292229656546,896.079289888954
2013-12-10,3.88194448,11829651680.43089762668116021203,977.165367329047
2013-12-11,3.43846013,10602057499.42278057012295218895,875.464034272355
2013-12-12,3.41655496,10579709783.98702624785569972523,873.324805987727
2013-12-13,3.40755236,10654176526.36050112884359074506,879.156135300994
2013-12-14,3.3146272,10339677758.52328958667879139992,852.856120526008
2013-12-15,3.34036895,10479352569.428430333078933141,864.0616578609
2013-12-16,2.62754698,8224916173.90927180989496133214,677.894106801286
2013-12-17,2.64569174,8285802128.5343983107521470898,682.62677270602
2013-12-18,2.04906035,6388734258.0198224078940915579,526.12097632671
2013-12-19,2.65997338,8328266413.95021952309528630077,685.525128959673
2013-12-20,2.33082877,7294550562.68097562411718308834,600.216954260666
2013-12-21,2.28074868,7258264529.66744051652897329533,597.033502548217
2013-12-22,2.38571042,7479444000.95669724012577101479,615.013035271771
2013-12-23,2.54494127,8004147786.48379778523126118285,657.926634155465
2013-12-24,2.46859013,7918550774.87009189948132425242,650.664745178258
2013-12-25,2.56119713,8257497461.98645886506510911069,678.290158094681
2013-12-26,2.81662728,9133825877.17653715311821738334,749.996594956166
2013-12-27,2.69881739,8803142106.23431196614092157806,722.570567492694
2013-12-28,2.67127051,8723978064.96845618463190991849,715.852363078901
2013-12-29,2.70995202,8866192331.15180061317102077895,727.271215663355
2013-12-30,2.73973508,8972642048.59774732187143361268,735.741997077732
2013-12-31,2.71424112,8900576826.67378635730619728671,729.557582910579
2014-01-01,2.79859382,9183165093.45594277745549130906,752.404549944594
2014-01-02,2.90688604,9583074897.83793081536110732564,784.954921314436
2014-01-03,2.97276592,9858181723.77641145697660090443,807.222939029807
2014-01-04,3.00082617,10122194340.19791307541758185648,828.602062618352
2014-01-05,3.23751863,11029131128.07805815554619569996,902.487380263004
2014-01-06,3.25855458,11179698056.75288464873734503137,914.459960841613
2014-01-07,2.85648041,9824903933.28806985966850866786,803.351796198714
2014-01-08,2.89105715,10040908200.52208538404393437286,820.690009503214
2014-01-09,2.91922133,10175445727.85333990160537518066,831.334750487434
2014-01-10,2.98942387,10448273116.75446850038733792647,853.298854844603
2014-01-11,3.08800818,10896894253.59579170595398664405,889.555837119345
2014-01-12,2.92251348,10357811150.30875788971694452076,845.191332220924
2014-01-13,2.83904175,10087826041.53968161269221236205,822.877012197545
2014-01-14,2.80186801,9998161334.87516658626473466136,815.293602711864
2014-01-15,2.87183201,10318376649.71195331763076147135,841.089857364115
2014-01-16,2.77584537,10012569710.00930251782670300179,815.854800298071
2014-01-17,2.69438096,9733004778.69654206972624608005,792.829506475745
2014-01-18,2.74847429,9944659822.82473742783405403114,809.783528356386
2014-01-19,2.83776277,10299980451.51209031546501655677,838.428474734073
2014-01-20,2.79830469,10186783630.98159182599963104364,828.885216592636
2014-01-21,2.77609902,10127927256.79561795009091141869,823.817963763881
2014-01-22,2.75067841,10072336523.97254567014725381463,818.976386323787
2014-01-23,2.72035724,9976871686.17823458945177488208,810.922425195792
2014-01-24,2.61463948,9612946133.97755891188531098594,781.042513950906
2014-01-25,2.68630023,9903784380.88353990075415620049,804.403240800701
2014-01-26,2.7159709,10031182805.81948755985381796034,814.499381373466
2014-01-27,2.47713004,9150166197.27003879992493026973,742.701374970777
2014-01-28,2.62930512,9738106157.73701225532047115904,790.176401876096
2014-01-29,2.63373693,9780656581.4724344654086409809,793.38442490941
2014-01-30,2.64884556,9859251033.90534968781843863397,799.474479836353
2014-01-31,2.65797129,9909353329.87275690817093915908,803.237598784921
2014-02-01,2.67963991,10036340766.90624706726970226084,813.219549216833
2014-02-02,2.68024654,10055818147.18954151743935279948,814.490870426651
2014-02-03,2.65176796,9966954727.41484180771921398188,806.997428372531
2014-02-04,2.627458,9884938387.45753492147730889492,800.078231893629
2014-02-05,2.49283475,9695439645.56509077087314232668,784.473692777791
2014-02-06,2.4248508,9440554067.32231876352939733776,763.569382232612
2014-02-07,2.26379227,8800421618.81080735739930386644,711.571273419053
2014-02-08,2.15811443,8384380163.13750373569989856492,677.682300941379
2014-02-09,2.18797536,8507055353.31867787673759095708,687.406054576271
2014-02-10,2.1809637,8485614111.04349518836022539624,685.457498836938
2014-02-11,2.13932234,8320530164.5784334985198909952,671.89969169024
2014-02-12,2.08400611,8098876509.86240931705575051756,653.765780911747
2014-02-13,1.95543342,7595585201.94531692421154929228,612.918414962011
2014-02-14,2.12998114,8291149398.34771147376654409472,668.788602659264
2014-02-15,2.08368328,8115544903.13134059162526668072,654.377060198714
2014-02-16,1.98508729,7732551314.69025576582573888864,623.250321948568
2014-02-17,2.01155832,7835297830.95029226913673407992,631.334596306254
2014-02-18,1.99849686,7787431379.86464677437490962032,627.271761415484
2014-02-19,1.9894402,7744221840.4642130984036663004,623.54013694623
2014-02-20,1.80129677,7004367602.95746949330484217204,563.768561098773
2014-02-21,1.85383269,7212264676.0992290084731331502,580.324315973115
2014-02-22,1.93944631,7548070807.6252891958211209804,607.12463333723
2014-02-23,1.94857991,7587404609.21005687927682332556,610.082323746347
2014-02-24,1.7420652,6746591444.2924430961222722586,542.266650753945
2014-02-25,1.72827883,6642253041.78535052812216919496,533.707644436002
2014-02-26,1.89989181,7315406185.3323119003820763152,587.57858829924
2014-02-27,1.89448535,7290958290.63104624418941153384,585.393925650058
2014-02-28,1.78120748,6868755087.5517836769558690048,551.29477030976
2014-03-01,1.83532329,7073130818.95825174213906553976,567.534235441262
2014-03-02,1.80787101,6962838071.33260070832030196484,558.527707156633
2014-03-03,2.18083347,8436104146.56185148303531540252,676.505732781999
2014-03-04,2.17294282,8413747135.7263021192816254384,674.51139943308
2014-03-05,2.15549405,8364313757.80014368391136466472,670.338851099514
2014-03-06,2.14266138,8334434857.78874964753072888236,667.712834003507
2014-03-07,1.96402906,7888419606.47551561419237337848,631.770295213326
2014-03-08,1.93041869,7763093994.50467162184921553348,621.524114496201
2014-03-09,1.95221351,8003962626.41450079154702311432,640.578889322034
2014-03-10,1.9107893,7851020395.6799329398077123178,628.151241165985
2014-03-11,1.92512349,7923456808.115389345048549926,633.73383823495
2014-03-12,1.92370225,7937759339.556508256952797845,634.646823717125
2014-03-13,1.94782915,8050245905.56114176038527764336,643.432100859147
2014-03-14,1.90343662,7863118514.1971577838345623336,628.308590005845
2014-03-15,1.92641386,7964735259.47767623938423193984,636.218650061368
2014-03-16,1.91927821,7941785799.80425740349354277472,634.168900970894
2014-03-17,1.88442201,7801419760.84278940613404854656,622.760208649912
2014-03-18,1.85742156,7697798742.52183414117504282,614.309513717125
2014-03-19,1.84533875,7652644865.15656659959589317888,610.511203474576
2014-03-20,1.77477734,7355613307.53391620966176801968,586.607595710111
2014-03-21,1.71786219,7146185249.92396533173555013312,569.694517995324
2014-03-22,1.7024792,7085934876.69849108392804640416,564.700026703682
2014-03-23,1.68536505,7016884365.28696298315782622688,558.958861691408
2014-03-24,1.76264446,7346833013.6880120784259163257,585.023250518995
2014-03-25,1.75724218,7333400690.59808849173418831742,583.771189094097
2014-03-26,1.74314104,7278830236.53115260810698524284,579.243850400994
2014-03-27,1.4579435,6073572051.88077682625962697002,483.164012612507
2014-03-28,1.50668923,6270548923.20102380034061537758,498.661328949153
2014-03-29,1.47991892,6157703070.55405853407589503038,489.517023547633
2014-03-30,1.38999605,5775007986.08765472324095216532,458.966328275862
2014-03-31,1.38223661,5731621497.26975649025190926888,455.355354056108
2014-04-01,1.45469684,6031394283.39025037597013903118,479.008465867913
2014-04-02,1.33564877,5529937933.13961400500185143954,439.011492524839
2014-04-03,1.36778873,5663605611.19207866470417659173,449.441151519579
2014-04-04,1.36964635,5669310246.39292844231317477852,449.719869736996
2014-04-05,1.41084013,5821998222.68564988145846623938,461.675331482174
2014-04-06,1.40141439,5785370029.68989565842760381545,458.633480544535
2014-04-07,1.37167544,5661194979.47645237902932495078,448.655275066394
2014-04-08,1.38533994,5715049689.51299105333775219462,452.803098796026
2014-04-09,1.35469234,5591057529.48797582962285322261,442.837984932203
2014-04-10,1.1286601,4633872976.04613952357374579531,366.911866063413
2014-04-11,1.30082437,5330671997.88465790628232243961,421.943528071303
2014-04-12,1.30827456,5361824672.73024568688324354025,424.274212647575
2014-04-13,1.28401659,5263783538.12888902808271739148,416.362321654004
2014-04-14,1.42132931,5831700454.10334507245670108263,461.108246586649
2014-04-15,1.60547388,6599314961.69170486942929224386,521.615299606078
2014-04-16,1.62848084,6726256095.59371446501852823713,531.481846731999
2014-04-17,1.53010414,6327888316.76062428408779794927,499.837551544721
2014-04-18,1.48000554,6116912219.01113314790895704922,483.020013533606
2014-04-19,1.54481447,6389235165.76175997735975106056,504.365595178488
2014-04-20,1.53703688,6355890527.8313364197635850892,501.55718444916
2014-04-21,1.52622244,6314013272.66697544863580825278,498.084530300994
2014-04-22,1.50076937,6207119787.19333739313293367001,489.503510029223
2014-04-23,1.5016104,6223465666.1902635039322813284,490.63296754332
2014-04-24,1.53947611,6385937386.28243359504943099106,503.291801028638
2014-04-25,1.42807837,5920295989.25817923858575977741,466.426171344243
2014-04-26,1.4063299,5830785366.3924122455339120134,459.22670981882
2014-04-27,1.34395279,5572218634.21409545857958094349,438.709363717287
2014-04-28,1.35421878,5609948670.95525355985147715603,441.547805468089
2014-04-29,1.37364362,5690153602.42155464801361420869,447.709930772047
2014-04-30,1.37742743,5706507501.88084613764099371443,448.875715514009
2014-05-01,1.41200262,5852429338.71574549435668418557,460.194698255991
2014-05-02,1.38757157,5753084600.06129867043113980727,452.239779761701
2014-05-03,1.34737725,5585943179.19811659629041208988,438.978588005844
2014-05-04,1.34079342,5558283855.61587095391629241035,436.675398644705
2014-05-05,1.32836701,5504428006.31725990446778346838,432.338179035394
2014-05-06,1.32260352,5478377263.51990570630439780462,430.128205394506
2014-05-07,1.36002582,5633670637.6264229290402716795,442.18287609585
2014-05-08,1.35471389,5612829624.75115437060432167528,440.402762711864
2014-05-09,1.39224562,5771453495.03258984010440840331,452.697999723553
2014-05-10,1.4045981,5825231023.2842615479620845144,456.75584628872
2014-05-11,1.3505933,5601910622.86825726284304753935,439.114476037405
2014-05-12,1.3576711,5631358282.15996814109008490137,441.280955581531
2014-05-13,1.35114784,5604101789.11307607795178832703,439.005774985389
2014-05-14,1.36967388,5680351167.76637257138137142415,444.848205727645
2014-05-15,1.37634402,5709247733.8682365441479363066,446.96155873758
2014-05-16,1.38233452,5734022659.3189751845715566056,448.74215371128
2014-05-17,1.38379554,5742100713.429111247830271215,449.2222893045
2014-05-18,1.37668474,5715139122.43572135793904010612,446.962641437756
2014-05-19,1.37835145,5722672660.04913762464795470428,447.404856808884
2014-05-20,1.50867507,6273962196.28349955584777869857,490.335648158971
2014-05-21,1.51856262,6322158427.65364428768635305417,493.933491817651
2014-05-22,1.61686251,6745285259.7262083995348455994,526.81428842782
2014-05-23,1.60608676,6707561732.68773036548836455452,523.699320280538
2014-05-24,1.61622687,6760722050.70662675154076743034,527.691243132671
2014-05-25,1.7510962,7347523620.56493000299460458204,573.312458796026
2014-05-26,1.78420425,7497671961.12100192645666493292,584.847974868498
2014-05-27,1.7360648,7359634167.59139632331582674234,573.928269245471
2014-05-28,1.74983943,7429545074.22867904586366979016,579.189318819404
2014-05-29,1.72220405,7318160444.58654023532919267974,570.349310929281
2014-05-30,1.86223265,7968680869.47086879617485952528,620.846360607832
2014-05-31,1.87963895,8061425892.5460915671235877537,627.892420689655
2014-06-01,1.88300736,8092203714.58329446872161984176,630.074953535944
2014-06-02,1.97543263,8524764529.18789513236642039216,663.505723845704
2014-06-03,1.99693718,8641875393.25130423679306452012,672.387897136178
2014-06-04,1.90998921,8278485521.47602519259744276574,643.887368790181
2014-06-05,1.95863649,8507491282.60269750422614724458,661.503558153127
2014-06-06,1.92408683,8363519631.83595688417428026144,650.133315897136
2014-06-07,1.94195206,8451830551.94698874149949531476,656.800271770894
2014-06-08,1.94276934,8467188872.85200960638666493292,657.819974868498
2014-06-09,1.91093556,8347647699.2630113287290626075,648.336322326125
2014-06-10,1.91468487,8383845331.66390477983461498452,650.936609585038
2014-06-11,1.8557786,8135671860.2003874689887365669,631.489022209235
2014-06-12,1.71579412,7629146760.17111181200259712418,591.975077147867
2014-06-13,1.72900225,7696918927.51733483173710284142,597.044999707773
2014-06-14,1.6672379,7422495275.79268659521591008222,575.559461718293
2014-06-15,1.70763012,7607972669.74233789002010613794,589.724646405611
2014-06-16,1.70895309,7621621668.26979143289618072618,590.567482174167
2014-06-17,1.76144005,7863338435.03761764052712152872,609.080002922268
2014-06-18,1.75639628,7847016126.46262461321821393464,607.629796025716
2014-06-19,1.72175665,7696105115.4005705619682779859,595.751476914085
2014-06-20,1.70893923,7644341041.25479476790605185552,591.531522793688
2014-06-21,1.71186032,7663029171.6394088810846717561,592.764349503215
2014-06-22,1.73072722,7754543912.91824815528331487502,599.634633547633
2014-06-23,1.70033791,7626752045.95177917642456932976,589.552299824664
2014-06-24,1.67166269,7505564464.56643580243438892348,579.973718585622
2014-06-25,1.62093285,7278655388.86824313282415435976,562.236779953244
2014-06-26,1.67219737,7520798233.42241681996152736022,580.749230274693
2014-06-27,1.72780213,7781323177.16131871590530155142,600.638305376973
2014-06-28,1.70918053,7703084236.8974704060908446851,594.390304208065
2014-06-29,1.72411286,7789034988.55801942877335340644,600.840518410286
2014-06-30,1.82938369,8285127867.5940627510934910376,638.94611396844
2014-07-01,1.83761917,8339269085.9497567081750155324,642.95659672706
2014-07-02,1.85565119,8449693876.73304823171402054916,651.298347749854
2014-07-03,1.83854971,8388564591.86804828126068788582,646.413389130333
2014-07-04,1.79270708,8186430683.19487799130156320072,630.635502922268
2014-07-05,1.79121232,8186656505.64963649440089414772,630.468341905318
2014-07-06,1.80217443,8243503019.1466791156044492252,634.67267445938
2014-07-07,1.76756914,8092343526.21506978587619760942,622.854978959673
2014-07-08,1.77273738,8121182835.82232330143777347712,624.894331092928
2014-07-09,1.76136723,8085357327.3226493373452317807,621.939091759205
2014-07-10,1.74495565,8017241430.58402325746957894294,616.522849795441
2014-07-11,1.79446067,8253417080.41789531534776266292,634.494378141438
2014-07-12,1.80030291,8287520652.39622290886367643694,636.923957934541
2014-07-13,1.77957268,8198330361.0318370677611424916,629.87575043834
2014-07-14,1.74898486,8061433756.93548173415979224248,619.197459088252
2014-07-15,1.75571279,8099541253.81925630220344519186,621.934601402689
2014-07-16,1.73946637,8029055588.43942970451842954888,616.351882232612
2014-07-17,1.76036866,8134747451.00415097900351715196,624.259274985389
2014-07-18,1.77738508,8222042400.38129246080989198636,630.750140268849
2014-07-19,1.77274463,8204272683.3855860686616233992,629.17336440678
2014-07-20,1.76080313,8155518511.08536820976216916124,625.248676212741
2014-07-21,1.74762284,8106490499.0371399039505619612,621.305331385155
2014-07-22,1.74270129,8089353581.571575472456516834,619.823264465225
2014-07-23,1.74066345,8090957356.26383506682238272968,619.772816773817
2014-07-24,1.69279908,7872577118.4823920719658991202,602.87964552893
2014-07-25,1.68863136,7858038002.48922004351938389088,601.578514319112
2014-07-26,1.66914747,7770214649.36569718772135813136,594.702607247224
2014-07-27,1.65995112,7731618804.77221583432016111618,591.575444184687
2014-07-28,1.64850401,7680466301.7685314237182233997,587.493004967855
2014-07-29,1.63937643,7638446404.9293165154883326122,584.11239333723
2014-07-30,1.58077127,7363663408.72945929714642471968,562.914625073057
2014-07-31,1.63310806,7615246130.0111672741923236105,581.975561952075
2014-08-01,1.67172212,7807730529.54863818116296889684,596.506759205143
2014-08-02,1.65218507,7721789009.47462299752565884245,589.757261542957
2014-08-03,1.64362281,7684722365.6996647761303482837,586.753736703682
2014-08-04,1.64417187,7697795405.1351682623799038905,587.60833547633
2014-08-05,1.61859835,7624742882.8655615158510128146,581.881988603156
2014-08-06,1.61916711,7631931031.3280754121060717227,582.248371420222
2014-08-07,1.62893008,7684061659.55654080951031943639,586.046633547633
2014-08-08,1.63661291,7725432021.49132218846117909468,589.024412624196
2014-08-09,1.63562717,7727509980.11286712950168475782,588.978521332554
2014-08-10,1.63601768,7735300179.77645754697729527621,589.373502045587
2014-08-11,1.59181557,7528807737.95570611596540206424,573.441483927528
2014-08-12,1.57747585,7463875219.40400229896397508601,568.307520163647
2014-08-13,1.52247712,7204015648.19099502554410334763,548.370175336061
2014-08-14,1.40529956,6637940814.66862144680687593259,505.107499707773
2014-08-15,1.39272818,6577129265.81493505496252070393,500.323060132671
2014-08-16,1.4519714,6860836902.455109674792054776,521.7479628872
2014-08-17,1.38521881,6547578796.12217337653138134446,497.764658971362
2014-08-18,1.30849176,6170977283.784932845788844689,468.957918176505
2014-08-19,1.35854035,6407948972.82227651804067308916,486.794350672122
2014-08-20,1.43685004,6782996534.77681621205051731248,515.120353886616
2014-08-21,1.44883851,6840278776.31034983157812584135,519.307852133255
2014-08-22,1.43998218,6800833147.53085293022928459456,516.159368790181
2014-08-23,1.38794257,6552062720.2540313083447779438,497.12575949737
2014-08-24,1.41936719,6702916915.40868168740108501808,508.430741963764
2014-08-25,1.40049218,6614717186.97127837915183163348,501.610286674459
2014-08-26,1.4286897,6751992304.03724795391362418784,511.852321741672
2014-08-27,1.42412594,6731854487.09982477546245657689,510.162323787259
2014-08-28,1.41962708,6682882888.32047033066379936303,506.285151665693
2014-08-29,1.4275503,6719119904.60448111801562021665,508.866571887785
2014-08-30,1.40634187,6621170462.05486795231915042311,501.275723261251
2014-08-31,1.34266216,6322734056.40816738501621927918,478.511425482174
2014-09-01,1.33136652,6271891388.00687535601911413528,474.541489772063
2014-09-02,1.33208957,6272170253.35980210685741400949,474.430670660433
2014-09-03,1.33099316,6267939738.1186911571734986133,473.95920338983
2014-09-04,1.37428858,6476124936.21523961383131125907,489.555201344243
2014-09-05,1.34365527,6334919955.78857625087612815017,478.749782875511
2014-09-06,1.34865874,6362115562.189335974578195119,480.64249181765
2014-09-07,1.34317011,6333829405.773938531118475306,478.36550087668
2014-09-08,1.31734021,6211188748.44089670036413847125,468.975495908825
2014-09-09,1.33112394,6272999635.0141105444955950905,473.51202717709
2014-09-10,1.34373558,6331395265.32558625938452548295,477.778417592051
2014-09-11,1.34256122,6326695286.5373551357132983342,477.270682057276
2014-09-12,1.33422001,6285128022.2074972361480824561,473.997282291058
2014-09-13,1.34529696,6339848712.5282252721987533981,477.960973991818
2014-09-14,1.33870825,6311048240.5012059094989906679,475.648063997662
2014-09-15,1.33078173,6273210670.64669798812471800825,472.655629748685
2014-09-16,1.30741226,6162674425.81530715404509918175,464.177754529515
2014-09-17,1.28560635,6060736703.11973878640470788288,456.339891291642
2014-09-18,1.20503333,5671386004.70187204026154500148,426.880106954997
2014-09-19,1.11512348,5234826089.46657407548022138676,393.893890707189
2014-09-20,1.16620763,5464523276.92777942517457514716,411.041342781999
2014-09-21,1.1367134,5324755541.16769165196095081144,400.404530683811
2014-09-22,1.13884767,5332783816.12654069880904997256,400.881622150789
2014-09-23,1.2456203,5834742821.79662537950961664184,438.491800993571
2014-09-24,1.20431489,5639571003.4872112914355830132,423.700091759205
2014-09-25,1.16485544,5452827141.00949245392115085848,409.537749853887
2014-09-26,1.15453429,5397737713.99357941646892869548,405.298251899474
2014-09-27,1.14181027,5336499824.10805032165935727398,400.599334599649
2014-09-28,1.07103907,5004030780.18789198020655428826,375.549989772063
2014-09-29,1.0668785,4972191289.913951323120509318,373.0645578609
2014-09-30,1.1140296,5189586357.846754204981292895,389.264040411455
2014-10-01,1.09708972,5106350946.469297120387333066,382.909365867914
2014-10-02,1.06843242,4969163059.62108028143043303671,372.525699006429
2014-10-03,1.02941189,4772249488.66454469232646824533,357.665713617767
2014-10-04,0.9484552,4388715462.87164492462263311823,328.826113091759
2014-10-05,0.93172895,4310001696.43420426017434124429,322.826261542957
2014-10-06,0.95087199,4364416991.04736388636049369812,326.803532729398
2014-10-07,0.97154668,4455902309.74205923152547461076,333.570194915254
2014-10-08,1.03194969,4735525159.66299888542992024162,354.407334307423
2014-10-09,1.05462843,4834526225.15361984675779643132,361.716424897721
2014-10-10,1.04743744,4798145525.03474960793653605117,358.890390810053
2014-10-11,1.05694518,4839797028.56546872608796843528,361.908376972531
2014-10-12,1.10393506,5054666406.09106143350413750112,377.871243717124
2014-10-13,1.14335604,5245103908.31811487155811903432,391.994208942139
2014-10-14,1.16884486,5365331639.21426824892585035998,400.880592054354
2014-10-15,1.15308824,5283109130.09472014363418373826,394.625879894798
2014-10-16,1.11729203,5119796796.85042799424875775584,382.321476329632
2014-10-17,1.11813531,5119537452.60555532491158508849,382.200789596727
2014-10-18,1.14449554,5242933282.98394296021534392427,391.293177089421
2014-10-19,1.13688775,5209271993.85584255624753192331,388.684497954413
2014-10-20,1.11540138,5110145458.52303033338784374428,381.190858562244
2014-10-21,1.1273598,5165426489.17209036478372471948,385.204633541204
2014-10-22,1.11497797,5107591090.97487285208800642066,380.778763296318
2014-10-23,1.04769288,4794607576.05294161733143846376,357.344793103448
2014-10-24,1.04955841,4797955867.1227403522237263725,357.48843395675
2014-10-25,1.01613431,4642572970.83683671608647092704,345.811246639392
2014-10-26,1.03785791,4741286825.45237187236736888695,353.081956165985
2014-10-27,1.02988218,4701503720.87209427901580021009,350.015711864407
2014-10-28,1.04388822,4765027372.77084375423859320956,354.653805084746
2014-10-29,0.98355448,4483438417.94399296857101761848,333.599350087668
2014-10-30,1.01672909,4632873323.37357020530831053118,344.609382232613
2014-10-31,0.99675714,4534617815.47420682257567973656,337.182912624196
2014-11-01,0.95963351,4363609911.35953591520654220016,324.371315020456
2014-11-02,0.95980572,4363215099.98679144348846042858,324.248566627703
2014-11-03,0.96404683,4379570738.46089650614124900682,325.361865575687
2014-11-04,0.97805226,4438730478.02699117226917959624,329.657703974284
2014-11-05,1.00559416,4563074937.6711649347720115783,338.805765341905
2014-11-06,1.03634538,4711010176.9661834606963860766,349.689911747516
2014-11-07,1.01476248,4610490609.59831152461199637805,342.133288135593
2014-11-08,1.02534954,4660097059.2180017613854543687,345.716332554062
2014-11-09,1.07917955,4902659696.34222747515308865992,363.610051724138
2014-11-10,1.0847227,4929516028.00307733381099349924,365.502253945061
2014-11-11,1.09194006,4962035357.503763079535353835,367.825466978375
2014-11-12,1.25193043,5702391476.13188126578928956876,422.591419637639
2014-11-13,1.24597359,5694786271.53359287240480363536,421.914471654004
2014-11-14,1.1770509,5378783673.70637559487246982344,398.388882817066
2014-11-15,1.11736503,5104746259.07705498727613503324,377.993840736411
2014-11-16,1.15327838,5271130401.47055124019654776128,390.205823495032
2014-11-17,1.14624262,5235987480.48558251760769627464,387.501031560491
2014-11-18,1.10670813,5053168329.24501185872340026464,373.864564582116
2014-11-19,1.1187722,5105168798.27177252473665800432,377.613398012858
2014-11-20,1.05691479,4816644517.4672389282453197012,356.181265341905
2014-11-21,1.04171403,4744295631.84474487368370283384,350.748858854471
2014-11-22,1.04704666,4768737135.24156498225937254352,352.455514611338
2014-11-23,1.09252099,4977292194.70419570246970249464,367.773242255991
2014-11-24,1.11975677,5103470630.72985435077553354816,376.994223845704
2014-11-25,1.11940193,5101484016.79738667387159979648,376.755630040912
2014-11-26,1.09262566,4977825383.82961272200460261336,367.530208065459
2014-11-27,1.09877029,5006216218.674110593655208722,369.530227352425
2014-11-28,1.13429879,5120962491.03596403225513616152,377.896931911163
2014-11-29,1.12906205,5097767297.3269185126360401766,376.07633547633
2014-11-30,1.13677757,5134716030.12210932757620701356,378.690397136178
2014-12-01,1.13825789,5141664430.92944075796258445846,379.111978959673
2014-12-02,1.1510639,5195109769.18394447347515397386,382.946796317943
2014-12-03,1.13011906,5100819421.63834445918500567434,375.916019286967
2014-12-04,1.11229742,5006226474.33424622959085156154,368.845568088837
2014-12-05,1.1410958,5137766194.52839325393068385348,378.428329631794
2014-12-06,1.13129289,5094378923.7791559100910857146,375.13795119813
2014-12-07,1.13597735,5115960374.40674757347385234472,376.639793103448
2014-12-08,1.10418082,4935098494.40549485371632465605,363.215676797195
2014-12-09,1.06761307,4771819224.89603364483932351616,351.106837814144
2014-12-10,1.06041309,4729226570.97274644535720520637,347.881393921683
2014-12-11,1.06328138,4740190281.13287644893275383718,348.593006136762
2014-12-12,1.07767689,4803953827.32569486112266420322,353.190612507306
2014-12-13,1.06591465,4751534010.86693313628089470616,349.242945061368
2014-12-14,1.08689147,4845805174.7983322115275804193,356.07972150789
2014-12-15,1.06028962,4724760193.27213199859840569451,347.095181472823
2014-12-16,1.00469489,4474354535.57197530591976549368,328.613320280538
2014-12-17,0.98028857,4362153947.2375749230436908951,320.297613383986
2014-12-18,0.96077271,4270746563.41847926612596454945,313.511651179427
2014-12-19,0.97619248,4336286833.33715771464721681035,318.242888661601
2014-12-20,1.01306177,4498487603.65140749907298571205,330.065758328463
2014-12-21,0.98778637,4375889171.86725669902633558286,320.992670075979
2014-12-22,1.0214974,4525159717.14710228689601366688,331.842584453536
2014-12-23,1.03954357,4584259699.74186086752510582674,336.084128579778
2014-12-24,0.99961153,4407465522.81855840368148134541,323.032297779077
2014-12-25,0.98749454,4353656119.75983357118269955759,318.996144360023
2014-12-26,1.01929944,4494310382.82180258625557350527,329.210341905319
2014-12-27,0.97876537,4314735454.87933245067048476213,315.968443892461
2014-12-28,0.98276009,4330304447.53144971379523561631,317.010480420807
2014-12-29,0.97130504,4277700745.44164679127497271203,313.065531560491
2014-12-30,0.9677018,4243056052.43000282053151883775,310.442004091175
2014-12-31,1.00093553,4383963251.00396201137322869129,320.662287258913
2015-01-01,0.98274685,4304793251.4314022713550005559,314.77647194623
2015-01-02,0.98668726,4322045951.44780053924319149291,315.942731735827
2015-01-03,0.89443575,3908766304.13260637456026796788,285.647309760374
2015-01-04,0.826303,3604573636.94296901265182532486,263.334574810053
2015-01-05,0.86470946,3765377426.61727865691977338524,275.003851548802
2015-01-06,0.90423431,3938289680.31583967935528823074,287.549521040327
2015-01-07,0.93577843,4076100312.44134535915207178878,297.535565166569
2015-01-08,0.89651769,3896404868.34872256145478372352,284.342391876096
2015-01-09,0.9241025,4009229351.46076845819012364566,292.501114552893
2015-01-10,0.87375367,3787228266.21538132076975188128,276.230532144944
2015-01-11,0.85069708,3685784301.82235249097294888778,268.755515488019
2015-01-12,0.85146752,3684841437.01071101830923744948,268.617232028054
2015-01-13,0.71350593,3074985194.61397880892496981256,224.108117767388
2015-01-14,0.56357972,2410558958.4408315807708241665,175.637640561075
2015-01-15,0.68179854,2915100171.71992621052171356488,212.341011396844
2015-01-16,0.66753485,2850669282.95246081744593708728,207.595204850964
2015-01-17,0.64325099,2744657033.11100114672355687374,199.824836645237
2015-01-18,0.68000493,2900779183.52136845429594438772,211.132518410286
2015-01-19,0.69895138,2980727352.88856991282005110308,216.894694915254
2015-01-20,0.68366065,2912984570.73102743085379612432,211.919853886616
2015-01-21,0.73912676,3133549519.99978564925702093373,227.904210403273
2015-01-22,0.75789177,3213303339.61371814498204321266,233.647382817066
2015-01-23,0.75661441,3206949823.14297542339944428882,233.132852425482
2015-01-24,0.8081469,3427130852.4390850564517825915,249.08212390415
2015-01-25,0.8258294,3502717848.2999875003808541642,254.51794126242
2015-01-26,0.89147229,3771045735.62031715501193924432,273.952244886032
2015-01-27,0.86202293,3645412286.14364211592165900692,264.753804500292
2015-01-28,0.76846781,3246828576.08265784730239028685,235.735840444185
2015-01-29,0.76357085,3223292682.55665955024171099109,233.957373465809
2015-01-30,0.74804548,3154353108.95520274360520863699,228.896189947399
2015-01-31,0.71163625,2995894384.49039121243052936894,217.332156049094
2015-02-01,0.74387279,3131578635.58016540681969818398,227.111301285798
2015-02-02,0.78676033,3311526270.04594029375846794066,240.092419929866
2015-02-03,0.74694335,3142368394.76454325206846051435,227.775695791935
2015-02-04,0.7443882,3129548986.72942964597768873987,226.781134132087
2015-02-05,0.71333929,2995587161.00507979756263605539,217.011151081239
2015-02-06,0.73237364,3075445350.46808670799289523111,222.724969316189
2015-02-07,0.75214553,3158128949.86739527398131471829,228.647127410871
2015-02-08,0.73731062,3095178117.77465473498374201717,224.035988895383
2015-02-09,0.72729218,3050924501.14206636128415597362,220.768493863238
2015-02-10,0.72810409,3053373353.59537055267895560066,220.888154295734
2015-02-11,0.72439005,3034994445.06024632781501987549,219.495859731151
2015-02-12,0.73482642,3078346024.69552466573885855421,222.583227936879
2015-02-13,0.78098836,3272445345.41263525659550743874,236.555363822326
2015-02-14,0.85038033,3564985013.10813764386519467565,257.627695791935
2015-02-15,0.7743708,3245020574.02230342114820525442,234.445803039158
2015-02-16,0.77684571,3254806162.14295257296191736483,235.086126826417
2015-02-17,0.80607357,3377824460.27313048229131741145,243.905794272355
2015-02-18,0.78023417,3269257239.83835760991718979419,235.995232320281
2015-02-19,0.80139075,3351675770.86301193017927642279,241.872253945061
2015-02-20,0.81236962,3403342533.24673393430667796785,245.530775277615
2015-02-21,0.81269734,3405118526.01514275525623952179,245.596002630041
2015-02-22,0.78366869,3282542113.11283353442444264102,236.690668322618
2015-02-23,0.79211394,3316333307.76991794733751924487,239.066017825833
2015-02-24,0.79522354,3328249523.03959837344736408029,239.869262127411
2015-02-25,0.79086428,3306536107.91370366829488828708,238.236111046172
2015-02-26,0.78721981,3290885014.33040459495030845101,237.044402396259
2015-02-27,0.8470053,3542753013.79675907463622951465,255.116774400935
2015-02-28,0.84675657,3541320575.33499570499710216471,254.948448568089
2015-03-01,0.86514949,3621447826.42233872835552570159,260.651330800701
2015-03-02,0.91679724,3840273594.03553072596852650967,276.322613676213
2015-03-03,0.9391453,3930103866.72089566142106441234,282.705900935126
2015-03-04,0.90841341,3802353560.40422530722681977214,273.447536528346
2015-03-05,0.91835146,3842495720.10034290336453844139,276.268809175921
2015-03-06,0.90850025,3802467147.6712280899687211808,273.31811484512
2015-03-07,0.91980286,3846357193.50671516917330492483,276.403357393337
2015-03-08,0.91749265,3832606247.30938746425018883995,275.338033898305
2015-03-09,0.96777239,4039550376.79864385053244941553,290.130059029807
2015-03-10,0.9731036,4071157601.59048706454382887347,292.320383109293
2015-03-11,0.98702529,4133202066.97622372906303989072,296.693329339568
2015-03-12,0.98143882,4121730744.30143397313487485694,295.800344827586
2015-03-13,0.95005909,3984974925.71165329103353063911,285.911026300409
2015-03-14,0.94250473,3953808857.43227197272231755787,283.608306253653
2015-03-15,0.95476771,4005885829.32096619046773622691,287.270142022209
2015-03-16,0.96883474,4064377990.96841902300673405786,291.392118059614
2015-03-17,0.94842564,3979597299.52901526600244532952,285.248396551724
2015-03-18,0.85686576,3590470758.14822152535083330362,257.286160140269
2015-03-19,0.87346947,3658447942.8702128987607175623,262.092947983635
2015-03-20,0.87674824,3671535473.04878052638999039946,262.966492109877
2015-03-21,0.87101347,3647638460.674515873468153113,261.18429748685
2015-03-22,0.89689624,3756340581.68576485073421167718,268.899415838691
2015-03-23,0.89015559,3727672828.32573686650650570684,266.777992986558
2015-03-24,0.8245462,3450079309.84566426352853927396,246.835082992402
2015-03-25,0.82488492,3449457911.18975601246630960446,246.719136762127
2015-03-26,0.834809,3489722601.03251329242274455078,249.532993571011
2015-03-27,0.82811622,3460655091.7098736624957045833,247.378898305085
2015-03-28,0.84785463,3543467384.0456131848375674712,253.23161396844
2015-03-29,0.81383575,3400772692.24602656249330121268,242.967614260666
2015-03-30,0.83226724,3476807669.77845019615496781992,248.336934541204
2015-03-31,0.82051756,3426981735.46018594627773495024,244.712485680888
2015-04-01,0.83080879,3462434297.98855409326015129986,247.185819403857
2015-04-02,0.85233643,3553754159.74786747393453347798,253.630070426651
2015-04-03,0.85676268,3571541519.3779441531025804502,254.83316364699
2015-04-04,0.85381712,3560076951.56340441930835457032,253.945848626534
2015-04-05,0.87790912,3661507536.65676796122531325752,261.112136177674
2015-04-06,0.86213123,3595780709.64185781189002314668,256.367386908241
2015-04-07,0.85722526,3575212472.86314466538393412984,254.831898012858
2015-04-08,0.82735719,3449619643.61930478193671619404,245.825210403273
2015-04-09,0.82153081,3422861974.02297933560531325752,243.860636177674
2015-04-10,0.7967323,3311627278.68615363421693554052,235.871900642899
2015-04-11,0.80216867,3334039944.6794291250068184828,237.40906779661
2015-04-12,0.80176151,3331034797.11980038307431881388,237.141042372881
2015-04-13,0.76357046,3168475905.58217634015947511156,225.505635885447
2015-04-14,0.74489185,3088526389.95521561562677524936,219.757236703682
2015-04-15,0.75926768,3139193896.75313836848683508064,223.313907948568
2015-04-16,0.77719921,3212797788.71744226520598747084,228.493815312683
2015-04-17,0.75827898,3133230098.86486923567371669672,222.785060198714
2015-04-18,0.76055574,3142666455.43861626051326463816,223.398044126242
2015-04-19,0.76035314,3141873440.65192882592252007112,223.284135300994
2015-04-20,0.76631946,3165404711.95277856935751674716,224.894903565167
2015-04-21,0.80085177,3307679429.76062528658652595236,234.939356516657
2015-04-22,0.79730639,3292842739.33191651211428841784,233.822418760958
2015-04-23,0.80445024,3323336266.50585569770630989496,235.933293687902
2015-04-24,0.78956794,3261023526.38187585866939171532,231.458592343659
2015-04-25,0.77276772,3191323707.42048883106918230584,226.445992986558
2015-04-26,0.75294572,3108368118.79857132531068184922,220.503406779661
2015-04-27,0.77665961,3205322554.43449155133533636234,227.325990356517
2015-04-28,0.77087913,3181134712.78032733682174797962,225.549368790181
2015-04-29,0.77154151,3183542552.1176937967184952764,225.66928842782
2015-04-30,0.80792304,3334697580.2529620478108856281,236.327976037405
2015-05-01,0.7959527,3285023618.0932470508657608035,232.746582700175
2015-05-02,0.80559481,3325317068.79807352319662178934,235.540077147867
2015-05-03,0.8223728,3395683374.16668611780117612012,240.464248977206
2015-05-04,0.81741779,3375441331.39393727539576787952,238.976661309176
2015-05-05,0.80768013,3334636256.3268896804458299504,236.02338340152
2015-05-06,0.78562752,3243129510.31509413977890039258,229.481219300429
2015-05-07,0.81202047,3352071042.01653233592775911516,237.130687317358
2015-05-08,0.83681725,3455512600.43698074041425471422,244.383472822911
2015-05-09,0.83113721,3432575633.30140001424389439246,242.705950029223
2015-05-10,0.82457424,3405427237.13297175423179803856,240.731483927528
2015-05-11,0.83050336,3427862999.9825430832299088338,242.24983722969
2015-05-12,0.83069449,3428194735.12903278510027770064,242.209092051432
2015-05-13,0.81161902,3349058503.97086953451249439118,236.550265926359
2015-05-14,0.81336253,3355614821.19432633029190252342,236.948916715371
2015-05-15,0.81536167,3364072414.34002237377994530028,237.484502337814
2015-05-16,0.80981981,3341160767.43047961983002033426,235.812134424313
2015-05-17,0.81389832,3358489778.34150095814058275114,236.963682933957
2015-05-18,0.80026593,3301504622.3146555749104315886,232.88384961543
2015-05-19,0.79745588,3289366286.08985913880454698256,231.974446814728
2015-05-20,0.80520035,3321635813.12143645696311226106,234.190306253653
2015-05-21,0.81004487,3341887992.13349678035574414544,235.553821741672
2015-05-22,0.82662537,3410382068.50425797507226391314,240.323203682057
2015-05-23,0.8221977,3391752764.83705590793318971608,238.963281706604
2015-05-24,0.82826864,3417448566.33676850868174791726,240.711758328463
2015-05-25,0.81597835,3365637492.52599074977843154324,237.003543249562
2015-05-26,0.8155281,3363546390.97790687680238449062,236.796261250731
2015-05-27,0.81731823,3370150691.10778787896853256466,237.203596434833
2015-05-28,0.81693429,3367427368.81205391813725166372,236.956881940386
2015-05-29,0.81601049,3363927954.35910066490598170872,236.646526592636
2015-05-30,0.80519424,3309881465.93119399990322281468,232.788770017534
2015-05-31,0.79414393,3263266290.1144306084078487438,229.45054792519
2015-06-01,0.77376466,3176283463.58794593595444708594,223.282701928697
2015-06-02,0.78141163,3206121170.17712697253778748742,225.320800993571
2015-06-03,0.781559,3205387663.46291029942501552818,225.213063413209
2015-06-04,0.77606861,3182364543.5724135517557105528,223.54007685564
2015-06-05,0.78040202,3200095126.8254942954973838657,224.731071887785
2015-06-06,0.78204257,3207212190.7237835400627764341,225.160513150205
2015-06-07,0.77660755,3183133902.5672564398238834745,223.411685856225
2015-06-08,0.79532581,3260437385.48089893806758544976,228.774291350088
2015-06-09,0.79751177,3269800705.30098148237717593304,229.370529514904
2015-06-10,0.79522298,3259618059.678700467108606654,228.588487434249
2015-06-11,0.79912895,3274594553.39029017137783969844,229.584411747516
2015-06-12,0.79991673,3278645359.77158960549539927624,229.811218510228
2015-06-13,0.81144066,3325283867.74535117017640208663,233.015344535359
2015-06-14,0.80992401,3318891280.93717642521341634806,232.507108708358
2015-06-15,0.8248878,3380893025.566775384103191304,236.7909628872
2015-06-16,0.87513216,3590688627.31847490462695826115,251.432676797195
2015-06-17,0.86325931,3542208169.25578504958082692209,247.969317650497
2015-06-18,0.86709753,3558080744.5076451015992174397,249.012479544126
2015-06-19,0.85251691,3498839053.21116902704803521475,244.803484219755
2015-06-20,0.85520736,3510795978.6962178801054791652,245.582513150205
2015-06-21,0.85070324,3493222489.16851371088343625216,244.300260081824
2015-06-22,0.86017515,3533026458.36483733597784838996,247.017892460549
2015-06-23,0.85051054,3493359666.62724618419938468646,244.184763296318
2015-06-24,0.8379559,3440889209.15589656431055475906,240.451545295149
2015-06-25,0.8448489,3468946578.95664181281084983596,242.347857685564
2015-06-26,0.84717268,3478758632.3324728543650614454,242.967997369959
2015-06-27,0.87686139,3602148913.99068651323384443566,251.529326709527
2015-06-28,0.86825845,3567639092.83631538709009087066,249.058285797779
2015-06-29,0.89447788,3677288176.3647783779455142307,256.65022238457
2015-06-30,0.91895089,3781465593.62971569209740787559,263.854356864991
2015-07-01,0.89877462,3699045163.58175471451887823756,258.042647574518
2015-07-02,0.88759905,3652784408.57415032420326667326,254.747113383986
2015-07-03,0.89360593,3673028226.0687382026436086289,256.087042833431
2015-07-04,0.90895603,3737445242.3015164879244798745,260.50923962595
2015-07-05,0.94652746,3893255324.65875151047120504096,271.302458211572
2015-07-06,0.93879668,3863411819.86391743896251708567,269.137940093513
2015-07-07,0.92913382,3826005679.6659252691540756501,266.469919053185
2015-07-08,0.94328042,3886052381.87588817960771757794,270.576142898889
2015-07-09,0.94097662,3874082916.79719982475237457698,269.680304792519
2015-07-10,0.99548676,4103284006.15495924694900549208,285.558780829924
2015-07-11,1.02415822,4224479904.06061602395347717572,293.917453828171
2015-07-12,1.08367916,4477984910.62934877704613975336,311.481879894798
2015-07-13,1.0183322,4208322109.05375673541756071816,292.649223845704
2015-07-14,1.00130096,4138776579.40983409684708185483,287.740951490357
2015-07-15,0.9949258,4113719736.50519121752987553198,285.922885447107
2015-07-16,0.96964467,4008327127.83110072482775392362,278.532749269433
2015-07-17,0.97483547,4031402817.2637781267065391689,280.064724722385
2015-07-18,0.96571539,3993425473.33277259761933299316,277.354635300994
2015-07-19,0.95860718,3964629041.59212380240988949076,275.281989479836
2015-07-20,0.97272012,4020912112.08260368422371652243,279.114393045003
2015-07-21,0.96438518,3986323280.29413552348150219252,276.652412624196
2015-07-22,0.96830559,4003415009.13587572809660693672,277.764369082408
2015-07-23,0.96492102,3990652010.72117928396970960668,276.811628579778
2015-07-24,1.00796633,4171998964.94544954763428572256,289.305976329632
2015-07-25,1.00828547,4176021703.29140784870935916804,289.507639976622
2015-07-26,1.02127006,4231994880.17141002429873616038,293.314842781999
2015-07-27,1.02492676,4249134571.16574783458538636144,294.426761835184
2015-07-28,1.02815783,4264330758.26689856150824269909,295.410125268849
2015-07-29,1.00910193,4185254440.4912512913451983241,289.85583635301
2015-07-30,1.00375693,4162834833.18975101051333277397,288.236260666277
2015-07-31,0.99098704,4111354069.84092087378753906432,284.597324371712
2015-08-01,0.98089158,4070140113.2944411616857853192,281.66884628872
2015-08-02,0.98353023,4082103941.8226393115704226602,282.423006428989
2015-08-03,0.98277599,4079772161.4761287835126105838,282.185052308591
2015-08-04,0.99397021,4125583913.09880258097441843074,285.286617475161
2015-08-05,0.98382413,4083894998.74178243507307008628,282.338886908241
2015-08-06,0.97232925,4036535536.3477017906312668584,278.99574868498
2015-08-07,0.97419688,4044625067.23578987676597075908,279.488715078901
2015-08-08,0.91166096,3784633860.88136028786778436136,261.450275569842
2015-08-09,0.93317694,3856390022.63394133230243899302,266.342020455874
2015-08-10,0.92856137,3837034320.21337867862162244939,264.928825248393
2015-08-11,0.95127646,3932172125.44445120534436481947,271.421736119229
2015-08-12,0.93998135,3885529278.64012104175408844622,268.143868497954
2015-08-13,0.92822959,3836477451.00650908318706834532,264.691627995324
2015-08-14,0.93435614,3861545807.94198955158631357178,266.355941554646
2015-08-15,0.91933993,3798376129.58827561030814510254,261.936836645237
2015-08-16,0.90950511,3755678810.57012647862492736462,258.930817389831
2015-08-17,0.90668516,3743262212.3181900415370589817,258.009398305085
2015-08-18,0.76798027,3161908681.47874565870482267474,217.885883116937
2015-08-19,0.80186184,3298223973.13662119482167546148,227.218251899474
2015-08-20,0.83203851,3419668945.81156537678214432286,235.523883109293
2015-08-21,0.82326318,3381089030.1706782174728711292,232.80061783986
2015-08-22,0.81611734,3350608229.04548955952161298787,230.639173290473
2015-08-23,0.8092317,3322811795.55880615504383701268,228.673073933372
2015-08-24,0.75213176,3080718804.64192416542667431569,211.955917592051
2015-08-25,0.79407506,3236978949.76154960174897943426,222.655039450614
2015-08-26,0.80814493,3288215003.81253957915213596336,226.116700175336
2015-08-27,0.80418084,3271871929.03352029994755302125,224.939877264757
2015-08-28,0.82998858,3377949385.75465715932316505,232.17080829924
2015-08-29,0.82198826,3344756014.50450451859613657,229.826200175336
2015-08-30,0.81927215,3333875650.3789446800089307475,229.019572472238
2015-08-31,0.82540167,3359090020.86934117880650445145,230.689466101695
2015-09-01,0.81598508,3320159149.47153129677281380861,227.955570426651
2015-09-02,0.82188383,3343603441.55861678086678547697,229.502180709527
2015-09-03,0.81397546,3309538909.86580082400526651815,227.107121566335
2015-09-04,0.82872426,3369757378.78090294685617648383,231.177563413209
2015-09-05,0.8456626,3439504689.65561376527757683894,235.903006136762
2015-09-06,0.86322379,3511850352.62293440988956444793,240.805472238457
2015-09-07,0.86259401,3510258445.208254700709450198,240.6336157218
2015-09-08,0.87516289,3562748121.60400400670427130304,244.174952659264
2015-09-09,0.85581756,3484080201.86577914044643983471,238.722463179427
2015-09-10,0.85661875,3485509618.43249843178030117576,238.750477206312
2015-09-11,0.86421443,3517038528.37458459074726837943,240.845008116891
2015-09-12,0.84831164,3452222524.85823767189689954365,236.351832176505
2015-09-13,0.82782905,3368332625.24841927769184025976,230.548837317358
2015-09-14,0.82963832,3375053610.95087660464295212259,230.948793980129
2015-09-15,0.82794791,3367934600.81947097850569810495,230.398590005845
2015-09-16,0.82333716,3348936055.73588130658599513075,229.043285797779
2015-09-17,0.83834106,3410592059.07554857636132385838,233.202697837522
2015-09-18,0.83835706,3411045811.16996966951509507368,233.175130917592
2015-09-19,0.83518355,3398114768.43510771341494121723,232.241568088837
2015-09-20,0.83222368,3385990191.23826958033591071402,231.362323787259
2015-09-21,0.81585049,3319580294.9371642315879552332,226.773447983635
2015-09-22,0.82986426,3376884819.9776178134635449792,230.626304792519
2015-09-23,0.82892525,3370562525.3209151504911694464,230.132437755698
2015-09-24,0.84398148,3432712535.04903963504703070068,234.319868497954
2015-09-25,0.8484784,3451526735.24616167950611472914,235.538221800117
2015-09-26,0.84518839,3438520409.01676460893244206256,234.591814436002
2015-09-27,0.84044962,3419623585.43584094308347753872,233.243309760374
2015-09-28,0.86502832,3519795870.9933241445398285884,240.017265341905
2015-09-29,0.85547192,3481511596.10790725685981844164,237.336233781414
2015-09-30,0.85345406,3473639084.69791692741098561206,236.739848042081
2015-10-01,0.85908051,3496388477.71376738133094606174,238.229813851549
2015-10-02,0.85804128,3492911974.53007205032512505294,237.937007305669
2015-10-03,0.86449878,3520188703.53151874169523851456,239.735897720631
2015-10-04,0.86381713,3517889543.98275299834785375296,239.516924897721
2015-10-05,0.86904243,3540024122.16735544052629390825,240.961213833431
2015-10-06,0.89045639,3628743989.80812803661718923284,246.940498246639
2015-10-07,0.87953074,3582442674.9193516850018224602,243.734486849795
2015-10-08,0.87738611,3572933240.23144868451684752322,243.029632963179
2015-10-09,0.88249178,3594568617.94021347134301737092,244.448887492694
2015-10-10,0.88802862,3617713095.82115149400463221106,245.955924313267
2015-10-11,0.89733993,3656454767.73000445021001547165,248.528165400351
2015-10-12,0.88965466,3621510561.56867485915737327615,246.093637346581
2015-10-13,0.9052258,3686790059.11685411783964168256,250.471300701344
2015-10-14,0.91550869,3727067912.7825746620573672313,253.142325540619
2015-10-15,0.92101163,3750956017.1938377590536511694,254.693015002922
2015-10-16,0.94954679,3870373892.99148758935931624091,262.737363237873
2015-10-17,0.98206419,4006728659.13005112555131039535,271.930938924605
2015-10-18,0.9516082,3883189309.16876261972137355536,263.481677381648
2015-10-19,0.95474467,3897264719.67513809020979289606,264.362728229106
2015-10-20,0.97727168,3993505229.49491038513999598901,270.832211864407
2015-10-21,0.96713256,3953301351.76740912591015471486,268.040217708942
2015-10-22,0.99332361,4063089753.56784927747503582124,275.414956458212
2015-10-23,1.00428416,4111303804.2497933975494616224,278.612778026885
2015-10-24,1.02166516,4186089446.8226742022755301913,283.61114289889
2015-10-25,1.02981363,4223190800.8072594448176141224,286.04969345412
2015-10-26,1.03170839,4234017247.31485890276596491088,286.703382817066
2015-10-27,1.06222316,4365940428.66887260869873000912,295.562913793104
2015-10-28,1.09230955,4498158206.71429072354386307431,304.442097019287
2015-10-29,1.12707436,4653559847.77460504335099523471,314.879462302747
2015-10-30,1.17145113,4856146703.1140938470385316944,328.492321157218
2015-10-31,1.11900853,4644825841.44993940047273079222,314.119508182349
2015-11-01,1.17301764,4878753858.82889236007667681552,329.854227644652
2015-11-02,1.29040009,5394306532.21225678152399933356,364.616627995324
2015-11-03,1.40849617,5932994875.23846606302220037679,400.923105201637
2015-11-04,1.41400867,6002025460.71014016770948785557,405.481681472823
2015-11-05,1.33554498,5690502775.90062392128986713472,384.341222969024
2015-11-06,1.29585462,5523574280.0133322613212984705,372.975417884278
2015-11-07,1.33922357,5725402504.34912150175745727886,386.504550847458
2015-11-08,1.29084893,5517763769.28316757897611907625,372.400129748685
2015-11-09,1.31634235,5639130421.82266900690359169371,380.495644360023
2015-11-10,1.1732578,5008045357.34487340238898637794,337.830502337814
2015-11-11,1.07637834,4580802011.52122092593496896375,308.922185856225
2015-11-12,1.17484219,5006262858.4196890898953913716,337.522988603156
2015-11-13,1.17320189,5003992427.35648083751855367332,337.278958211572
2015-11-14,1.15846495,4942389627.19110590869211263287,333.047117475161
2015-11-15,1.113692,4748983122.6824917053767623407,319.928021624781
2015-11-16,1.15257372,4916736893.13387132016674615783,331.132725014611
2015-11-17,1.16708912,4988027970.29710578791994271274,335.849786090006
2015-11-18,1.16637111,4987748561.8904471481810386619,335.744504967855
2015-11-19,1.13381269,4847544173.71876917315228712871,326.232145528931
2015-11-20,1.11922908,4785117550.71364225998392023328,321.940475452951
2015-11-21,1.13292142,4845464834.22247890703804804975,325.905231151373
2015-11-22,1.12503742,4814322324.5306989357392487492,323.716966101695
2015-11-23,1.12274649,4805162610.89762896209421054383,323.012556341321
2015-11-24,1.11232756,4761020548.93701143200663546947,319.961356527177
2015-11-25,1.14323112,4896144197.87751530504620728864,328.960457334892
2015-11-26,1.23571942,5303959481.1578629529920807608,356.255292518995
2015-11-27,1.24471977,5350019771.76384911027517720576,359.268824371712
2015-11-28,1.23492724,5311163382.55013861130596649664,356.567322618352
2015-11-29,1.28597204,5538066564.9598278516473713138,371.707612507306
2015-11-30,1.30285581,5624254420.34999158455212219589,377.389839859731
2015-12-01,1.25175777,5404346669.31477651391481211256,362.532375803624
2015-12-02,1.2400996,5356450093.1949153222130395858,359.22240414962
2015-12-03,1.24663471,5387370915.29092703562481380852,361.210068088837
2015-12-04,1.25296246,5419060652.71833049340911164576,363.241631794272
2015-12-05,1.34032565,5810458035.51508194588790853852,389.362958796026
2015-12-06,1.35140208,5871059363.2462673816529045648,393.319129748685
2015-12-07,1.35604281,5902776056.22206588921639724172,395.346588252484
2015-12-08,1.41573376,6180087600.81043806894364928736,413.798660432496
2015-12-09,1.4230962,6239102652.2007184582132663716,417.632671244886
2015-12-10,1.4147374,6212922055.64588100324643784418,415.729924313267
2015-12-11,1.53766856,6784598775.1167878270828643468,453.86148012858
2015-12-12,1.47529212,6517202920.1009311576960854651,435.85572238457
2015-12-13,1.46917519,6497029960.6986931247198916366,434.403466393922
2015-12-14,1.49347951,6627636825.5462748925642854073,442.991689655173
2015-12-15,1.5607304,6953313624.78067375090668672762,464.617871712449
2015-12-16,1.52430436,6798393278.41510537758930245824,454.142492402104
2015-12-17,1.52913908,6831562359.31205783606378792196,456.240134611338
2015-12-18,1.54887254,6937370780.10177543884277560973,463.175769725307
2015-12-19,1.5407991,6912583208.05213401189499278744,461.399907948568
2015-12-20,1.47646827,6626069348.6912373896763503299,442.15399006429
2015-12-21,1.46115451,6560055357.08081311317006988824,437.640129456458
2015-12-22,1.45244997,6526135996.72502367695073603534,435.268379018118
2015-12-23,1.47498552,6638784570.33063601831261800617,442.665727060199
2015-12-24,1.51648924,6838516283.21073432233608297778,455.878713033314
2015-12-25,1.51327284,6837963518.7499622146510227485,455.718825832846
2015-12-26,1.39046843,6277112534.64603793288407043234,418.221531560491
2015-12-27,1.40524438,6346584979.95239320390934625369,422.705894506137
2015-12-28,1.39984175,6323355781.12888549748908507392,421.052879602572
2015-12-29,1.43330598,6479562252.39190101176658376478,431.340021332554
2015-12-30,1.41549314,6401757885.32232319390209097344,426.043646990064
2015-12-31,1.42597532,6457880528.94390157789705178379,429.677153419053
2016-01-01,1.44202141,6534508443.28958148629946109866,434.678006428989
2016-01-02,1.44085731,6532503495.4207096396824042183,434.439877264757
2016-01-03,1.42578556,6469349717.04151099074750895221,430.136180011689
2016-01-04,1.4358758,6521136233.407531057560120799,433.44897106955
2016-01-05,1.43257229,6511107544.72124390024989257444,432.669502630041
2016-01-06,1.42542709,6482654224.85292771480459962274,430.677869666862
2016-01-07,1.51365061,6913797513.64105948674515918474,459.208940093513
2016-01-08,1.49531085,6839360304.4527402964727030016,454.134423728814
2016-01-09,1.48063286,6776462099.88367834903290445824,449.845216247808
2016-01-10,1.47362064,6759368695.870575187426417024,448.580216247808
2016-01-11,1.4731839,6768100684.94738625831983470326,449.033059029807
2016-01-12,1.44857001,6660477159.68141027138729535409,441.768157218001
2016-01-13,1.41794151,6519487114.25607567928420616672,432.310645236704
2016-01-14,1.4098903,6483404579.3467473514174800084,429.823224722385
2016-01-15,1.21085056,5549325125.13602387737764290333,367.823199883109
2016-01-16,1.2771992,5856183131.28861340943422794216,388.071204558738
2016-01-17,1.25902054,5773284492.58680308849044994544,382.482086499123
2016-01-18,1.26741248,5810919867.2902674103686303576,384.865166569258
2016-01-19,1.24584593,5710964765.31907131828728440426,378.161725014611
2016-01-20,1.3822596,6353808388.67853361065727995003,420.622924168323
2016-01-21,1.34524409,6184146146.48875078108589214252,409.298459672706
2016-01-22,1.25973209,5758959432.44259688254118433723,381.046459380479
2016-01-23,1.27705234,5841155071.38870371811088663476,386.370602571596
2016-01-24,1.33208711,6101039864.55541723054812761025,403.446926651081
2016-01-25,1.29373682,5929313467.6476598781098653843,391.986097311514
2016-01-26,1.29079002,5918124084.74964060664037132232,391.142935125657
2016-01-27,1.3020216,5972376363.826889247867574204,394.62753037405
2016-01-28,1.25165178,5735750655.04109327952194202443,378.900995616599
2016-01-29,1.2534027,5738850566.1346469600734510214,378.99999482291
2016-01-30,1.24726247,5714309199.15575020095901684872,377.262779076564
2016-01-31,1.21190019,5550547731.52696828231149990405,366.341687609585
2016-02-01,1.23041296,5626006658.7683173246253159671,371.22343509059
2016-02-02,1.236387,5653512455.50725223206599074869,372.927631209819
2016-02-03,1.22129665,5581946530.0788659147653360565,368.098206604325
2016-02-04,1.29128531,5911509153.57617015683581931554,389.723081239042
2016-02-05,1.27387646,5832548684.67682259990264743932,384.398413983051
2016-02-06,1.24218056,5686227481.10460991946618085864,374.631555523086
2016-02-07,1.24380766,5695806667.05345973804802896311,375.153917592051
2016-02-08,1.23006764,5631292826.37155355976712251854,370.814350327294
2016-02-09,1.23955252,5673897678.079752430755239672,373.5116128609
2016-02-10,1.25743769,5760079210.5464468624816521,379.082611630625
2016-02-11,1.25239109,5739959017.32974538950325297744,377.639165108124
2016-02-12,1.26735993,5812351827.981777847010578317,382.294456458212
2016-02-13,1.29090383,5924919898.9057575692010612741,389.598432472238
2016-02-14,1.34395157,6178327890.99350772497740118775,406.150669491525
2016-02-15,1.32080872,6075140750.1718402636228711855,399.26761864699
2016-02-16,1.34439265,6194735961.69608969988272803405,407.035309468147
2016-02-17,1.36891644,6322493985.02506708861361901008,415.324113383986
2016-02-18,1.387065,6415087710.93413785332899088502,421.289662981882
2016-02-19,1.37990407,6391283874.672160964700872215,419.626528541204
2016-02-20,1.44479793,6706222232.21441781241784640444,440.195760081823
2016-02-21,1.43896168,6685122328.61556973021600111806,438.718612681473
2016-02-22,1.43388713,6668480303.68745831746160120697,437.535295094097
2016-02-23,1.37701655,6403149531.07492067811281928315,420.032592609585
2016-02-24,1.38888584,6464806599.10070754014861272818,423.995112507306
2016-02-25,1.38869889,6467910003.9657895085032468452,424.090870251315
2016-02-26,1.4125491,6586419073.12342434122656401232,431.762241963764
2016-02-27,1.41577688,6606096233.13422907867292800066,432.947845996493
2016-02-28,1.41489813,6609903279.4430540710501325524,433.102262711864
2016-02-29,1.42718873,6682686401.79238114944052412307,437.775872589129
2016-03-01,1.40836687,6608375018.64571357498997401794,432.807867153711
2016-03-02,1.37665947,6461501370.36902140027001369352,423.079789392168
2016-03-03,1.36370699,6404713255.2509937735945704082,419.268821332554
2016-03-04,1.32762119,6234002294.22206401784876888478,407.990154295734
2016-03-05,1.29300875,6072369805.44948766301894117352,397.314453945061
2016-03-06,1.31351951,6171536521.16592175296470744416,403.705187463472
2016-03-07,1.34309201,6318508877.3351821519956590298,413.22936616014
2016-03-08,1.33712484,6292517671.84053639293346156504,411.425953243717
2016-03-09,1.3411659,6311299791.60673635933338572092,412.540703506721
2016-03-10,1.35270133,6371051280.01888614970798307661,416.340928696669
2016-03-11,1.36229072,6421253596.18682525790162583408,419.511934248977
2016-03-12,1.33231582,6281179669.50344622173335076548,410.264163296318
2016-03-13,1.33700014,6306152777.31162845249819827968,411.805882466394
2016-03-14,1.34667706,6357055522.54401202041541216484,415.026957276446
2016-03-15,1.34702813,6362394569.02727007553910765628,415.266400292227
2016-03-16,1.3520056,6390909675.8808629247251569032,417.024118468732
2016-03-17,1.35638731,6416617901.82791262386982565244,418.605363822326
2016-03-18,1.32505057,6269263237.37894212278318563116,408.901587405026
2016-03-19,1.32598423,6274070872.37597443605187719384,409.124429865576
2016-03-20,1.33522284,6320546194.18972279801857216714,412.056953828171
2016-03-21,1.33302131,6314994502.682409233191816017,411.601774050263
2016-03-22,1.34807127,6392939591.12011206088287840339,416.581653828171
2016-03-23,1.35020487,6406719798.52978768080412550691,417.378299532437
2016-03-24,1.33729801,6349632756.70635809192171428431,413.560239918177
2016-03-25,1.34555077,6394342216.9056327485748836793,416.373243834015
2016-03-26,1.34628144,6402845061.4476392954550152421,416.823096668615
2016-03-27,1.37287033,6536939368.00368738605418079258,425.454959848042
2016-03-28,1.36375683,6499748928.59248011871110431016,422.917446814728
2016-03-29,1.3408893,6392975294.16378172734498538558,415.863828755114
2016-03-30,1.3308193,6347049897.95073889451194096088,412.777697779076
2016-03-31,1.34039332,6397222798.80253803236081173012,415.956811221508
2016-04-01,1.3439179,6417948412.4883245549109224832,417.20066025716
2016-04-02,1.35165651,6458825358.77321466669002370138,419.763056691993
2016-04-03,1.35223224,6465094574.32061145517070722701,420.073578901227
2016-04-04,1.35014818,6458634885.3608464599862640067,419.540727878434
2016-04-05,1.35890201,6505849704.0950435290344444076,422.50136440678
2016-04-06,1.35566372,6498356367.01834080362568640355,421.907191233197
2016-04-07,1.35117853,6493044381.48962386759990199256,421.467220046756
2016-04-08,1.34214463,6451049192.28644810549718576144,418.643460549386
2016-04-09,1.34233375,6454519940.74052645217757231827,418.758635359439
2016-04-10,1.35084023,6505604052.68905742741068351724,421.954488544711
2016-04-11,1.35449753,6527552278.21082630884642346676,423.273044009351
2016-04-12,1.36654458,6593204703.35385253255111311016,427.427664582116
2016-04-13,1.35807492,6555532751.5374636006957322254,424.87251811806
2016-04-14,1.36084658,6572462489.192519520826707196,425.8565949737
2016-04-15,1.37555561,6649086869.04288765730308661125,430.724418760959
2016-04-16,1.37971516,6673608366.48062798084271161982,432.216313033314
2016-04-17,1.37038391,6630892248.94227877591961317488,429.339968731736
2016-04-18,1.37101446,6637226928.4747093961206985644,429.656933664524
2016-04-19,1.39507656,6761087094.17605447062482277792,437.568726183518
2016-04-20,1.41003606,6841606366.10558101750602450863,442.661653302163
2016-04-21,1.43844551,6990188725.32129598384296440757,452.164702805377
2016-04-22,1.42445756,6929485128.46193107502536031274,448.134421332554
2016-04-23,1.44126699,7020499800.86484429258039213696,453.914722969024
2016-04-24,1.46984701,7168468660.94390573196024246162,463.382871420222
2016-04-25,1.47288881,7199851372.9699518222693620568,465.31600666277
2016-04-26,1.48393742,7268046143.0456582466357183864,469.60876452367
2016-04-27,1.40953828,6900088525.33497961934272718096,445.741113091759
2016-04-28,1.4252343,6983948370.74167982502261378829,451.060061776739
2016-04-29,1.44285983,7077878361.23282702810575194915,457.009965225015
2016-04-30,1.42025882,6969413402.91067130184387855517,449.900484511981
2016-05-01,1.43481218,7050339456.94433466956156772796,455.010731151374
2016-05-02,1.40306525,6895933470.96278740015830550075,444.933061192285
2016-05-03,1.42352585,7001415141.70814756668286214805,451.628850379895
2016-05-04,1.41279571,6952734960.43855704112874242095,448.367967562829
2016-05-05,1.41534562,6969488309.2746764098109674776,449.336072472238
2016-05-06,1.45231269,7163035351.45502978099376120744,461.693862361192
2016-05-07,1.45028008,7159614274.27841692005758362716,461.361842489772
2016-05-08,1.44965118,7161816341.51587064777904754292,461.378872296902
2016-05-09,1.45525025,7196136872.09588734540143870298,463.462231677382
2016-05-10,1.41626148,7005655676.31582465646609548758,451.079668322618
2016-05-11,1.42414735,7050909678.58845684502000696312,453.896305260082
2016-05-12,1.42876187,7079071139.96004895898478931404,455.607255932203
2016-05-13,1.43336991,7106207246.51681356957114437444,457.241902688486
2016-05-14,1.43505829,7121496007.32815765337704547375,458.119524839275
2016-05-15,1.44303466,7165662908.812252806189475604,460.85772063121
2016-05-16,1.42545539,7079672667.30352652994658923946,455.224077323203
2016-05-17,1.41546718,7055170387.46000431304409365184,453.545777030976
2016-05-18,1.41776705,7071537380.2938654256770170176,454.486184102864
2016-05-19,1.36583656,6812043751.09273822386792534036,437.724187142022
2016-05-20,1.37946798,6886408789.57810973821020376407,442.396799240211
2016-05-21,1.38433791,6914147190.23458984427876927586,444.078207188778
2016-05-22,1.37324466,6861375740.90758761838982409399,440.558668848627
2016-05-23,1.38378129,6920164469.1275323215381198861,444.205057276447
2016-05-24,1.38792754,6944693717.89745574146566434264,445.674454938632
2016-05-25,1.40185071,7022213615.4312546295360983998,450.54952717709
2016-05-26,1.41287581,7084285953.3592666353946364969,454.43372238457
2016-05-27,1.46115986,7356966578.28262658388656318775,471.820117299825
2016-05-28,1.63473944,8280114126.29848173753010998969,530.910597895967
2016-05-29,1.61944736,8229636296.6903469169488971802,527.54971244886
2016-05-30,1.63256643,8324272914.34007326874578158852,533.493149035652
2016-05-31,1.62098355,8286178638.20888054357096048716,530.943692811221
2016-06-01,1.63749336,8392195818.18309222819624033362,537.613678842782
2016-06-02,1.63594156,8412124257.99983310868435352608,538.771243191116
2016-06-03,1.72607424,8904487503.58748659008817593792,570.175988252484
2016-06-04,1.73508921,8970073160.0857724089967550242,574.26620163647
2016-06-05,1.73449123,8986129385.0435066900387918655,575.137638047925
2016-06-06,1.76124697,9156104252.49228863109801989936,585.857149035652
2016-06-07,1.73648602,9042666517.59381138884402322862,578.469240677966
2016-06-08,1.74643017,9117116235.31957776314768060464,583.097585330216
2016-06-09,1.7262705,9025747144.12789436936082431731,577.101699707773
2016-06-10,1.73124783,9070269813.7593345057553987424,579.814993571011
2016-06-11,1.80308386,9473642440.131314697295712448,605.44955698422
2016-06-12,1.97978904,10492268215.9515788750365609911,670.39237434249
2016-06-13,2.05438766,11026130042.03846580751667433606,704.321778141438
2016-06-14,1.99146107,10725099628.49098569076526680167,684.948319403857
2016-06-15,2.00817303,10885155466.59626064911408732871,695.001468439509
2016-06-16,2.18424554,12022238062.35231943878254119976,767.420031268264
2016-06-17,2.12593041,11752362635.05541366139860738728,750.014633927528
2016-06-18,2.14155867,11885009701.5166640718570706058,758.28878012858
2016-06-19,2.15941186,12021287774.88397751561357909848,766.767132670952
2016-06-20,2.03279428,11330195008.74002477078954655726,722.497452367037
2016-06-21,1.88290437,10503218109.07042153580440821804,669.604204675628
2016-06-22,1.68209991,9332296532.04475069543383004524,594.832974634716
2016-06-23,1.77191858,9849794643.99923749844669186191,627.677855639977
2016-06-24,1.86988311,10423912097.7689133552477101282,664.126985680889
2016-06-25,1.87909186,10501107906.27620107082491282592,668.872684102864
2016-06-26,1.7731205,9899936557.105765078184619798,630.4342421391
2016-06-27,1.83085813,10244832743.90781074185579797912,652.244807714787
2016-06-28,1.81560781,10168283272.07215182934270472872,647.218768381064
2016-06-29,1.79144978,10034992396.69573432160126816128,638.586345645821
2016-06-30,1.88463722,10598500491.25872961154523965037,674.284814728229
2016-07-01,1.89054098,10651857252.19372260671430955434,677.512385739334
2016-07-02,1.95662702,11051093046.01134583781774687648,702.739316773817
2016-07-03,1.84470645,10421638625.0986404974462529248,662.55008591467
2016-07-04,1.89000024,10696206813.05576598633732037728,679.842453360608
2016-07-05,1.85502138,10514918763.33939493271628808797,668.165981297487
2016-07-06,1.87853142,10666561393.12621977446447255465,677.651333138515
2016-07-07,1.77579285,10076941251.76309638175983330396,640.053236119229
2016-07-08,1.8419359,10472925788.8824727106281232757,665.051708357685
2016-07-09,1.80354226,10268475401.44405141601988259155,651.941914026885
2016-07-10,1.79645545,10238516109.73841311819971411879,649.959340970193
2016-07-11,1.79504742,10244613016.31394695918611030773,650.272594681473
2016-07-12,1.84676287,10556967222.72947791425327141132,670.023127995324
2016-07-13,1.81377039,10373847348.58337184760205190996,658.333613383986
2016-07-14,1.81967435,10415546557.6145623083278771249,660.905960198714
2016-07-15,1.83455167,10508907502.59601534969984855085,666.758671127995
2016-07-16,1.82935184,10486838495.07230141514007264787,665.275622150789
2016-07-17,1.86895135,10737385138.64876243625894098186,681.089601987142
2016-07-18,1.8515086,10644500867.36973880984059171504,675.118579193454
2016-07-19,1.8472273,10638355650.5436037270193169106,674.660360315605
2016-07-20,1.82663887,10523629888.56164802784948242795,667.305364874343
2016-07-21,1.82456417,10517584702.33698051705918530157,666.851739333723
2016-07-22,1.7803472,10261726367.2259122904807899125,650.562911630625
2016-07-23,1.79860084,10370300477.4216183624731781859,657.377942957335
2016-07-24,1.80565737,10434679618.26265327284024472209,661.393979836353
2016-07-25,1.78771375,10336762400.05508306221359567472,655.119577849211
2016-07-26,1.78522608,10330035449.8593475240588257998,654.626339158387
2016-07-27,1.78796338,10357103755.9735461651596281596,656.275146873174
2016-07-28,1.78683669,10356977376.58144400933448869888,656.196453360608
2016-07-29,1.78935642,10379668577.63373714565547986373,657.557567504383
2016-07-30,1.78228347,10345981727.03585340853434612393,655.361730157803
2016-07-31,1.7008979,9864787253.92288948637768819682,624.804487142022
2016-08-01,1.6531908,9577091014.487367906309152207,606.50924792519
2016-08-02,1.44664432,8322316113.4690515858418096301,526.981148334307
2016-08-03,1.56457026,9008352671.23122945412773507744,570.347040911748
2016-08-04,1.59778327,9217879119.55300454788330370372,583.542158036236
2016-08-05,1.59141223,9183369996.80952968312114289189,581.279805669199
2016-08-06,1.61723105,9334928404.95464620327759323843,590.795402980713
2016-08-07,1.62732927,9398234418.0622821714789511144,594.73232402104
2016-08-08,1.6187062,9350293260.92968962358337176,591.629283869083
2016-08-09,1.6089797,9292773715.7565516035429784197,587.932138223261
2016-08-10,1.61532499,9326077816.29364744737840777935,589.968758328463
2016-08-11,1.61439329,9321130919.56073306185783361093,589.585884687317
2016-08-12,1.60770275,9284372607.8501938637372362516,587.19164956166
2016-08-13,1.60245343,9256660815.73498389131054507957,585.363581648159
2016-08-14,1.56450982,9036807001.99134375886998597744,571.387062536528
2016-08-15,1.55189891,8961568521.575513473575284378,566.564441320865
2016-08-16,1.58343489,9149988259.0048459208650481132,578.414924137931
2016-08-17,1.5706748,9075711005.32046884830181359742,573.663744418469
2016-08-18,1.56943471,9070477552.81444768570425848679,573.263191992987
2016-08-19,1.57097556,9082583293.0681042901691590733,573.958457919345
2016-08-20,1.58942926,9207752339.00336878583805837064,581.797070134424
2016-08-21,1.5862522,9193032110.3299832089203905584,580.79219257744
2016-08-22,1.5971444,9260345625.44484213236662391384,584.971897720631
2016-08-23,1.5907111,9224307340.65160828215645410466,582.627747399182
2016-08-24,1.58033884,9163250800.42428771979809459684,578.701831677382
2016-08-25,1.5702844,9121935090.28991384987125133251,576.033436586791
2016-08-26,1.57746065,9167883099.98445604855712299233,578.874653419053
2016-08-27,1.55410904,9031541039.33710190196721390167,570.200993746347
2016-08-28,1.56720759,9110313074.36318058380733287658,575.105232554062
2016-08-29,1.56317394,9084831917.79138473044789345279,573.429267562829
2016-08-30,1.56851349,9121919126.58093363349911958848,575.695698421976
2016-08-31,1.55808288,9068641074.08654538764415437057,572.272758328463
2016-09-01,1.55789624,9068833387.90032454218804555306,572.221702045587
2016-09-02,1.57001279,9143236775.51887109270131796832,576.846767387493
2016-09-03,1.63244029,9517104239.60242799236697280864,600.374406779661
2016-09-04,1.65865731,9679597555.77425536468586901984,610.538913325541
2016-09-05,1.64951295,9632908725.56047604093172120954,607.526964172998
2016-09-06,1.66267259,9720658910.82850146215623073238,612.995458270017
2016-09-07,1.6686166,9764079129.16100214793260540579,615.659819111631
2016-09-08,1.70667998,10001368208.78341280083337541076,630.550172004676
2016-09-09,1.68507108,9882367390.1114099157179043602,622.977884044418
2016-09-10,1.68900378,9911731006.3048222119920650465,624.752640444185
2016-09-11,1.64409449,9651109982.56174448656913328946,608.246675920514
2016-09-12,1.64235516,9643791009.0510086503057807968,607.70737270602
2016-09-13,1.64324029,9660708066.15801541609553467396,608.694296317943
2016-09-14,1.64445893,9673304501.9511013523284658847,609.41308766803
2016-09-15,1.63757095,9637285101.66781710319798574078,607.070262594974
2016-09-16,1.63843679,9650028004.85515385642343431175,607.806438047925
2016-09-17,1.63684292,9644518084.40565510976745981684,607.381449678551
2016-09-18,1.64735892,9711555637.1110028288476698661,611.533460315605
2016-09-19,1.63980889,9670291120.05947330789697282358,608.871306312098
2016-09-20,1.63608322,9663505284.91397198860979139978,608.371748626534
2016-09-21,1.60558003,9483251078.4693269427520475354,596.945756633548
2016-09-22,1.60186568,9462361163.23550425421806577215,595.564716540035
2016-09-23,1.61963842,9571647456.79607954864649150606,602.378784921099
2016-09-24,1.62065676,9577801209.22477761384549504743,602.687359731151
2016-09-25,1.61373559,9546177957.71337662980425162291,600.610054880187
2016-09-26,1.62933517,9645385465.7808676122379938345,606.778810637055
2016-09-27,1.62414841,9620782718.72566999530266753214,605.151613734658
2016-09-28,1.62251024,9614506858.02182095527773654634,604.686494389246
2016-09-29,1.62353046,9623794124.678961114952882102,605.202561952075
2016-09-30,1.63296882,9683127491.42284866025882750476,608.865840736412
2016-10-01,1.64973693,9788386393.68514260048536014486,615.408478842782
2016-10-02,1.63963562,9731252012.09873473087854274302,611.748578316774
2016-10-03,1.64023485,9745798527.48458679827912319048,612.590347399182
2016-10-04,1.63178451,9705918424.72273524892231784524,610.007881355932
2016-10-05,1.63673816,9741244516.8546972125026159125,612.147780946815
2016-10-06,1.63502177,9736318570.1318316854609986033,611.76086277031
2016-10-07,1.65057413,9835219693.76552596023055687812,617.905705143191
2016-10-08,1.65345115,9858736936.2102732156180746553,619.301001753361
2016-10-09,1.6471487,9824949668.7447440122851066972,617.101041320865
2016-10-10,1.64905635,9841576625.08290967614,618.0852
2016-10-11,1.71172286,10239107980.15145851829058992492,642.981387258913
2016-10-12,1.69165254,10138601014.0622056710236616808,636.59793220339
2016-10-13,1.68770306,10121241460.47686066947138347568,635.444095324372
2016-10-14,1.69764855,10188301722.13972159715806228369,639.586090298071
2016-10-15,1.6909697,10152757865.18570895552362073726,637.283759322034
2016-10-16,1.70485941,10243484390.88218898792661157663,642.913042548217
2016-10-17,1.69213973,10184328193.37034688041962097738,639.137536469901
2016-10-18,1.6808924,10128816473.60457736770579272033,635.576508591467
2016-10-19,1.66452177,10035204855.12808155445701595876,629.640708036236
2016-10-20,1.66126571,10019653453.96245497167068034058,628.598901110462
2016-10-21,1.66533193,10057724428.0703448081411336333,630.90620338983
2016-10-22,1.72581278,10435206532.32449580900664437687,654.508630976037
2016-10-23,1.71807394,10395776975.87273051641592201538,651.961956750438
2016-10-24,1.71141678,10366087956.43036582144876755817,650.027167153711
2016-10-25,1.72432365,10459168168.47574940596705843732,655.792505084746
2016-10-26,1.77111563,10768423416.41282876545098204538,675.109869316189
2016-10-27,1.79615707,10951865394.58949286289830452068,686.523327060199
2016-10-28,1.80415758,11014871259.51229997176018879816,690.390654938632
2016-10-29,1.8651885,11415942030.4333533177688514459,715.445469316189
2016-10-30,1.8226058,11160320004.18641487436344703608,699.333410987726
2016-10-31,1.81838639,11154651376.83372268822086645675,698.897727995325
2016-11-01,1.89570499,11661602264.25590478978215430231,730.578480011689
2016-11-02,1.91748494,11819079821.41225239195751085274,740.367055523086
2016-11-03,1.78730294,11015395929.73633563028309104271,689.939206954997
2016-11-04,1.82526343,11263773111.01153969971617231572,705.432016656926
2016-11-05,1.82779984,11287223328.45875448399373823556,706.819325569842
2016-11-06,1.84962453,11433552272.11860546728064680128,715.896879777908
2016-11-07,1.82330887,11279672698.35459690382242078904,706.181216773816
2016-11-08,1.83441017,11371496573.29223054207233764375,711.835846580947
2016-11-09,1.85565551,11527230203.5205959578765928671,721.50150993571
2016-11-10,1.83311387,11399414446.91643399240765702541,713.407615604909
2016-11-11,1.83712016,11437555198.37004434333596376585,715.703310637055
2016-11-12,1.80622068,11249568032.42735948976431430825,703.847551139685
2016-11-13,1.80498214,11247282883.5009255894834364273,703.626435300994
2016-11-14,1.80858594,11281043609.41976931625823082742,705.643584161309
2016-11-15,1.82341234,11389601875.225286269220129688,712.3471528346
2016-11-16,1.89261677,11866103842.55471759502229067561,742.050117592051
2016-11-17,1.87204522,11759913460.29110239779822819909,735.318080537697
2016-11-18,1.90458043,11989370149.7142966471893801244,749.57872729398
2016-11-19,1.90689799,12016856543.5941939871391727355,751.213819403858
2016-11-20,1.85356329,11684288236.45677997290570892058,730.350813617767
2016-11-21,1.86694042,11784055475.63625909223670944992,736.506983927528
2016-11-22,1.89259128,11969158598.50511324776431944328,747.997677966102
2016-11-23,1.86965336,11862392064.88180530601280093592,741.240317942724
2016-11-24,1.85483303,11801706386.8467991347233363304,737.35497597896
2016-11-25,1.85929274,11840408101.46250643346311825168,739.685200175336
2016-11-26,1.84525241,11761259693.54383022187747094728,734.652925891292
2016-11-27,1.82681448,11651916569.23644029823155484703,727.741115838691
2016-11-28,1.83082068,11690901052.29233673398751224064,730.082483752192
2016-11-29,1.83343351,11717307499.75249963329659726012,731.646435710111
2016-11-30,1.85741761,11887711385.8124124001694822724,742.20445131502
2016-12-01,1.88258493,12072806440.73908081595356512612,753.674910111046
2016-12-02,1.92399804,12372572705.25307379270911031556,772.302382729398
2016-12-03,1.89395129,12275023057.78686854727425451536,766.110468147283
2016-12-04,1.89327742,12280761670.18823397192474858064,766.380139099942
2016-12-05,1.85781173,12062506991.02084008002437009668,752.670726241964
2016-12-06,1.87197007,12167245303.91640451905164864379,759.117325774401
2016-12-07,1.88398255,12262999582.42183308444918451032,764.987650087668
2016-12-08,1.88724567,12307332318.11236837981587153788,767.659224634717
2016-12-09,1.89591358,12376661439.72578851053427816026,771.902321098773
2016-12-10,1.90150182,12435218177.92305487881736168584,775.474561309176
2016-12-11,1.8880226,12357187290.60583374464022323788,770.496150496786
2016-12-12,1.90486371,12487176640.97997275563870513422,778.506599064874
2016-12-13,1.90337593,12495712215.8346413868310998858,778.930694564582
2016-12-14,1.89626794,12465511590.93501786201181428768,776.963961484512
2016-12-15,1.89136263,12454114363.40649399105411155485,776.176781998831
2016-12-16,1.90373524,12552544959.28579355652767455344,782.230215897136
2016-12-17,1.91920336,12672277134.4085934939267121092,789.60293220339
2016-12-18,1.91892195,12690201567.15475094531772275424,790.632966526008
2016-12-19,1.91635095,12686012321.60807816664176038294,790.279031677382
2016-12-20,1.93543766,12839867132.7246920273886415441,799.777520748101
2016-12-21,1.99546268,13302370984.354395590569582233,828.4836792519
2016-12-22,2.05790608,13786050913.5807229223400345,858.50143395675
2016-12-23,2.17751843,14704091702.54855436120817024648,915.562438340152
2016-12-24,2.11635351,14313634478.37419727814456700037,891.155272063121
2016-12-25,2.12388831,14393350625.22614613735482776965,896.003279310345
2016-12-26,2.13574409,14510581584.57261464269449615232,903.201246639392
2016-12-27,2.18144466,14877875393.00062967063178346286,925.950810461719
2016-12-28,2.2923126,15747701991.6426937679766588502,979.960973991818
2016-12-29,2.26582772,15645099508.1843286132500289435,973.462559438925
2016-12-30,2.23030531,15449628184.76118995719445231387,961.182658153127
2016-12-31,2.2443903,15576600691.45347817216133707347,968.970597019287
2017-01-01,2.30193946,16033266654.24356431818721289416,997.257357977791
2017-01-02,2.33524167,16353949884.1826247231575977371,1017.07788609001
2017-01-03,2.35770988,16605797782.6060983841904388828,1032.60905318527
2017-01-04,2.55770131,18246459272.8670500350682152804,1134.49644535359
2017-01-05,2.23704042,16093073534.6352517948016311995,1000.49812893045
2017-01-06,2.00164999,14357133340.00649180631715160859,892.463955639977
2017-01-07,2.0252978,14535477925.19915499625939544327,903.453283635301
2017-01-08,2.04304794,14682692156.10263597869352256008,912.484997077732
2017-01-09,2.02053011,14539791012.75233376406391926449,903.508666803039
2017-01-10,2.02492109,14589725358.59504578476373013034,906.498947399182
2017-01-11,1.76845775,12689105756.60110470327771446469,788.314655990649
2017-01-12,1.81077416,12993377591.84082895205798585408,807.109833547633
2017-01-13,1.85366729,13311058415.80094243744875483941,826.746927410871
2017-01-14,1.83889611,13204919504.57305152479837457096,820.045157276447
2017-01-15,1.84823542,13279133499.88520116449158391333,824.547065166569
2017-01-16,1.86155157,13382203212.48578673630254549012,830.838035067212
2017-01-17,2.0228738,14595049001.04549974881726363665,906.026828112215
2017-01-18,1.96641888,14197733304.64966077527216294256,881.259815371128
2017-01-19,2.01003826,14538086246.36950132199036829168,902.263869959088
2017-01-20,1.99263298,14425971057.59524323784052496224,895.174516189363
2017-01-21,2.05421871,14900138988.9350285266857346154,924.46825949737
2017-01-22,2.04635127,14869891254.85207032454332383632,922.467077381648
2017-01-23,2.03609568,14817454247.528802321243403352,919.115744126242
2017-01-24,1.96451725,14313337496.11546303374798838528,887.743193804792
2017-01-25,1.97868447,14443134884.82899998883487840766,895.690033255406
2017-01-26,2.02100235,14783175189.419712080170094996,916.6674685564
2017-01-27,2.02710253,14846204348.19921678221492309,920.454463471654
2017-01-28,2.03067894,14885385214.56434132587193838233,922.774948568089
2017-01-29,2.00928142,14772073272.831842941100219782,915.63202314436
2017-01-30,2.01726706,14849253173.21636286142067578816,920.313260783168
2017-01-31,2.11732767,15628487117.56453603740694710729,968.499105669199
2017-02-01,2.1532295,15937996943.63664145543604688596,987.532590414962
2017-02-02,2.19051199,16265531107.6137271044254756,1007.7043659848
2017-02-03,2.19895326,16390057474.0205999318240494718,1015.30203945061
2017-02-04,2.23392412,16690305095.27906025660940737,1033.78597299825
2017-02-05,2.18915215,16382048518.6507602807408570294,1014.56787574518
2017-02-06,2.20253705,16524925787.739786034138368192,1023.3174811806
2017-02-07,2.25911131,17016323283.7024781199505084925,1053.62445902981
2017-02-08,2.25075614,16997945969.919444225462398098,1052.36764535359
2017-02-09,2.10032332,15875582287.6119327222245404554,982.751939450614
2017-02-10,2.12395089,16101928309.85863991684627290692,996.650153126827
2017-02-11,2.15345527,16341586121.8009241972000376462,1011.37532220923
2017-02-12,2.14002159,16261284050.1692223623914467426,1006.29646487434
2017-02-13,2.12270941,16160816994.28722253490743134735,999.953184979545
2017-02-14,2.14502476,16361100689.364063123569471978,1012.2134635301
2017-02-15,2.14664641,16390185070.0592364903417732858,1013.90384050263
2017-02-16,2.19057597,16762379131.786458305108627124,1036.80686475745
2017-02-17,2.22822443,17117844192.4154618109471904512,1058.66992033898
2017-02-18,2.22851853,17152166565.9073080701515510279,1060.66880488019
2017-02-19,2.22135058,17123499507.4084721209000127247,1058.78640035067
2017-02-20,2.27876692,17609111950.3154691693861115112,1088.68842922268
2017-02-21,2.35331243,18260742628.9665679888856102658,1128.85529316189
2017-02-22,2.3431243,18276384592.409335958579504211,1129.70179064874
2017-02-23,2.45151251,19235707719.648470833593752305,1188.86178550555
2017-02-24,2.42731203,19183549945.1445641980659584661,1185.48889158387
2017-02-25,2.35507801,18637641423.1621136964832458804,1151.60473687902
2017-02-26,2.41199874,19127510160.8391202460086814709,1181.71086586791
2017-02-27,2.42985611,19331042677.8968852654054300001,1194.15245014611
2017-02-28,2.41245373,19240193375.1757498481577085475,1188.39994073641
2017-03-01,2.48115883,19890971249.3226002320149978648,1228.45965061368
2017-03-02,2.53571034,20451610466.8588849898310503544,1262.93146738749
2017-03-03,2.57132568,20882073159.3722863297153228747,1289.36319111631
2017-03-04,2.52422599,20553410845.3840961684665080218,1268.94066440678
2017-03-05,2.53213829,20674531088.9906955427137922696,1276.27368293396
2017-03-06,2.53275359,20773693697.9682945894342049035,1282.25465663355
2017-03-07,2.43376828,20002004351.6064007694263388388,1234.47646206897
2017-03-08,2.27006537,18669956332.4421394079687693916,1152.13938924606
2017-03-09,2.34691879,19341675646.4429761973042397248,1193.45552659264
2017-03-10,2.16260738,17805414528.1530685304542629925,1098.53014903565
2017-03-11,2.31121876,19076606822.56936960277297113,1176.822921391
2017-03-12,2.41252703,19969348981.2464925856391504055,1231.74835663355
2017-03-13,2.41079093,20095585303.9993068080655527544,1239.39629631794
2017-03-14,2.41809563,20213788443.9207505193779778976,1246.53656487434
2017-03-15,2.43048179,20412475944.7997419486494606828,1258.65138147282
2017-03-16,2.27079494,19107082612.795194480349367076,1178.02075037989
2017-03-17,2.07020764,17390865796.4090135055804376542,1072.08253816482
2017-03-18,1.86260387,15616273829.91828759910878431695,962.569056165985
2017-03-19,1.97134108,16553684315.8390394189657525484,1020.22025353594
2017-03-20,2.00477708,16839982096.979826570994997668,1037.7563458796
2017-03-21,2.1395375,18043780427.8312446826294663012,1111.81826358854
2017-03-22,1.99485875,16836521393.3860409289897245814,1037.30257013442
2017-03-23,1.97800188,16690238569.8345506647384767744,1028.17285628288
2017-03-24,1.8009221,15180859744.88836191742631750124,935.063496201052
2017-03-25,1.86294639,15726018757.78431927670363273592,968.543329281122
2017-03-26,1.85054884,15637330055.0697900895813516664,962.95805458796
2017-03-27,1.99869446,16937527769.78211937782759125,1042.91919777908
2017-03-28,1.9993941,16975992129.243469561173152481,1045.16293161894
2017-03-29,1.98727297,16888869366.9131507353797549075,1039.68861578025
2017-03-30,1.98163667,16863366665.0685833725444732916,1037.98766142607
2017-03-31,2.0572416,17576059202.6793150098884072768,1081.74353109293
2017-04-01,2.06862352,17704285729.0077745779396381182,1089.52477182934
2017-04-02,2.09581972,17967082465.0059407023983797277,1105.56295575687
2017-04-03,2.16252803,18605064800.697920680714719826,1144.6647710111
2017-04-04,2.15325451,18562267490.4010992622812047309,1141.92191870251
2017-04-05,2.13735782,18465243241.9031810388346560692,1135.81164377557
2017-04-06,2.23959041,19423121348.04100666512636224,1194.59645938048
2017-04-07,2.22647362,19378952008.5567270346728259332,1191.73145108124
2017-04-08,2.21001181,19262050478.6518620180358018716,1184.41772033898
2017-04-09,2.2586269,19739605878.4196896657840932789,1213.63413980129
2017-04-10,2.24975256,19709558488.6137196439049358316,1211.64987621274
2017-04-11,2.27711178,20007123392.3051400440058070186,1229.78493290473
2017-04-12,2.24625621,19786878325.7815306771315048196,1216.11436785506
2017-04-13,2.16504122,19080058200.158035553609088996,1172.5583396844
2017-04-14,2.16522828,19110979963.0255407690432239024,1174.33323354763
2017-04-15,2.1659084,19133184038.4607765835597787588,1175.56218901227
2017-04-16,2.16125164,19104877159.588466680820563268,1173.6913798948
2017-04-17,2.18766073,19403345355.1546098564152546242,1191.90120146113
2017-04-18,2.20166725,19572080902.3397826585332999304,1202.13145803624
2017-04-19,2.21134437,19695202985.7113913228442257783,1209.56090888369
2017-04-20,2.25276621,20124634252.1024837728124968353,1235.80307451783
2017-04-21,2.26940479,20315048993.1109339755798135488,1247.33607025132
2017-04-22,2.26016436,20255646547.6507398642647868832,1243.55039257744
2017-04-23,2.26874872,20363116159.6665623078570306478,1250.00148322618
2017-04-24,2.27570599,20482974661.2788781420215309631,1257.23944225599
2017-04-25,2.3093693,20853953927.830392231723301764,1279.86471741672
2017-04-26,2.33216845,21127249693.5002467228237088652,1296.48545745178
2017-04-27,2.4099622,21934807898.820465085462080316,1345.8899556692
2017-04-28,2.40107994,21971246252.1613252566649780317,1347.98515552309
2017-04-29,2.41223986,22132776325.4993130497421861835,1357.71525341905
2017-04-30,2.44637619,22530551030.482908702655393176,1381.9563722969
2017-05-01,2.52560356,23429688179.586035992392588306,1436.9414880187
2017-05-02,2.55708418,23870824853.1342337644524908482,1463.81906846873
2017-05-03,2.6373993,24779848415.5986351836280808257,1519.40894447691
2017-05-04,2.64748386,25116127312.487246526239449536,1539.8300515488
2017-05-05,2.61101197,24955817064.9584655967505551626,1529.85044301578
2017-05-06,2.6710611,25667659227.9807133543715234434,1573.28550961426
2017-05-07,2.58516798,24903765677.1648531017053940715,1526.26777171245
2017-05-08,2.82026827,27498966293.8642137874278509576,1685.08649631794
2017-05-09,2.8500152,28059453523.55414672910963632,1719.22801355932
2017-05-10,2.92992045,29095394454.85681780913,1782.499
2017-05-11,2.98180004,29963413902.8703477737374672812,1835.48754821742
2017-05-12,2.75847679,27831028039.3293682412904422852,1704.66164108708
2017-05-13,2.86505128,29061941147.5224801000493051848,1779.84025669199
2017-05-14,2.87984317,29306517727.0960646293142984604,1794.59355055523
2017-05-15,2.77569902,28367766910.8482533160961115872,1736.88284611338
2017-05-16,2.7951762,28699671041.1694323434081677242,1757.02694856809
2017-05-17,2.85141326,29547967093.6758993693115950738,1808.74606469901
2017-05-18,2.96696988,30948090757.2181277469885498436,1894.24726455289
2017-05-19,3.05210147,32149666891.4129958714773439756,1967.54554769141
2017-05-20,3.14988555,33470438622.968808000735564668,2048.11767799532
2017-05-21,3.12275546,33426883468.0591911038460662476,2045.22249316189
2017-05-22,3.12461059,33981809835.2097619697486060248,2078.94350002922
2017-05-23,3.32739524,36901723759.6902810887376404044,2257.28836382233
2017-05-24,3.49513899,39484730821.8975877108563458788,2415.00722665108
2017-05-25,3.29706174,37929596573.3084329884428137465,2319.60137866745
2017-05-26,3.20703848,37276895994.592234540479410556,2279.4185836353
2017-05-27,2.87538901,33436141687.8776311474418582768,2044.30049982466
2017-05-28,3.1100624,36407677792.797504221977536819,2225.7008666277
2017-05-29,3.1715195,37377347497.670232060740036851,2284.71579748685
2017-05-30,2.99605054,35460724159.6808756701122438104,2167.26447790766
2017-05-31,3.14282004,37627969488.0600691676548528756,2299.43261025716
2017-06-01,3.24185226,39276917594.281714477626565416,2399.88763194039
2017-06-02,3.32189022,40583144831.741785341045745596,2479.4238943308
2017-06-03,3.38499502,41737117944.7181864420479469772,2549.55195151958
2017-06-04,3.33016911,41340173928.8318483554988622853,2524.99383354763
2017-06-05,3.49837338,43970582994.8507551842144697836,2685.31891671537
2017-06-06,3.68734337,47022020458.4229034487199133518,2871.34167735243
2017-06-07,3.45563714,44332360489.9114948485193338634,2706.76000885447
2017-06-08,3.54000799,45907248109.300101451714412066,2802.56354681473
2017-06-09,3.50908106,45950360176.6923400241595386091,2804.87226691993
2017-06-10,3.60375711,47781403186.462315231297394472,2916.3278597896
2017-06-11,3.64019441,48735252518.5232387144193653898,2974.21455920514
2017-06-12,3.22800548,43680483639.3929360641889399646,2665.43326995909
2017-06-13,3.24114582,44368699238.2953069903793024584,2707.13782402104
2017-06-14,2.919798,40057395197.5306068168286137379,2443.82445137347
2017-06-15,2.87371971,39505722189.92488594068085109,2409.886764173
2017-06-16,2.93413098,40599996749.8581623091519500676,2476.35909538282
2017-06-17,3.1272984,43496828049.154831637312996094,2652.75536335476
2017-06-18,2.93677553,41131354738.0078597858103670352,2508.21420742256
2017-06-19,3.00723619,42471552960.9854525380175825937,2589.64221338399
2017-06-20,3.14552423,44831129769.8073453048551150592,2733.22655628288
2017-06-21,3.02520974,43294504868.198529802563876039,2639.26131420222
2017-06-22,3.0574306,44076497262.9891009320734006352,2686.64751431911
2017-06-23,3.04158628,44069121017.0602425289128546309,2685.87047101111
2017-06-24,2.89910643,42044463424.7314912862935298214,2562.18914874342
2017-06-25,2.82389576,40990507139.0059032606955194027,2497.72894137931
2017-06-26,2.74177101,39823653207.1272899276367050291,2426.36505119813
2017-06-27,2.84709982,41534416501.004727248284532763,2530.34553600234
2017-06-28,2.86973355,42072043566.3992290045149286404,2562.79226420222
2017-06-29,2.83338619,41708958365.0119031224601766192,2540.44303161894
2017-06-30,2.7235698,40273314034.1382238416174972306,2452.71206428989
2017-07-01,2.67604439,39615784095.919446101006528786,2412.3662131502
2017-07-02,2.78455696,41370740410.530778865706595878,2518.8721873758
2017-07-03,2.8067694,41919072872.9677185473753438207,2551.92743173583
2017-07-04,2.84851858,42709513005.9959869006797407931,2599.74474991233
2017-07-05,2.84213614,42851713916.280330853716051765,2608.10489117475
2017-07-06,2.82784137,42775671822.7822679670923165679,2603.19547369959
2017-07-07,2.70091753,41015254601.1470177231223446687,2495.78092220923
2017-07-08,2.7563821,41968971042.301414457798409623,2553.4941581239
2017-07-09,2.70314378,41195531944.877199375254046894,2506.17321355932
2017-07-10,2.50667922,38130591475.4322488071278246828,2319.36689736996
2017-07-11,2.5040635,38132327588.873333574089515008,2319.16744061952
2017-07-12,2.5607933,39053724810.4255889330949430769,2374.88626645237
2017-07-13,2.52324473,38546113667.8528441050628917912,2343.73834824664
2017-07-14,2.38547763,36429802297.1090071689063447234,2214.82523728814
2017-07-15,2.15162881,32728965772.944728061343836189,1989.63319023963
2017-07-16,2.0725336,31435242737.0824701865084226961,1910.74954161309
2017-07-17,2.38704005,36457083232.4952959059067191786,2215.74629614261
2017-07-18,2.47286929,37909999048.264825631452908308,2303.7611458796
2017-07-19,2.41800668,37145789011.8485331023865104445,2257.06523588545
2017-07-20,2.98008325,46480191038.470751624178693093,2823.89792635885
2017-07-21,2.80324324,43888688549.801470939200100944,2666.1397182934
2017-07-22,2.956705,46587687276.1516410075690701004,2829.75405496786
2017-07-23,2.86830102,45333980388.0445965098122638348,2753.24386493279
2017-07-24,2.8571688,45371653214.67217766031083856,2755.1595242256
2017-07-25,2.63175728,42140998437.2407343778704183202,2558.69299894798
2017-07-26,2.58755545,41546656038.3208881702676905384,2522.32464628872
2017-07-27,2.70895213,43904304358.920056909938616136,2665.14754649328
2017-07-28,2.77596935,46029450421.365524833212695241,2793.83348486265
2017-07-29,2.65045335,44595098883.190990162789066828,2706.4507654588
2017-07-30,2.63429117,45307584907.52152067494778707,2749.3845277031
2017-07-31,2.66440296,47178656876.359045582118956844,2862.61129088252
2017-08-01,2.51234417,44955142942.6538489541672717744,2727.38918199883
2017-08-02,2.45667542,44346375082.6217356597158591015,2690.14567197545
2017-08-03,2.51633659,45993078912.946436539840473099,2789.74631244886
2017-08-04,2.52690325,47162212561.1249673590693268628,2860.27284324956
2017-08-05,2.8058202,53388101324.1567948342786097984,3237.42336329632
2017-08-06,2.74360243,53273260549.7180061214895523654,3230.11670894214
2017-08-07,2.8173808,55958912892.133324492578172272,3392.56241864407
2017-08-08,2.79701154,56512140518.2758392009869682232,3425.67661659848
2017-08-09,2.70304955,55223568848.8175617191343034664,3347.21543161894
2017-08-10,2.74911842,56711154619.9256401087532964192,3437.03215546464
2017-08-11,2.89608699,60405309923.4536593731227139639,3660.52053728813
2017-08-12,3.02040239,63886499823.2732642081558142963,3871.08240619521
2017-08-13,3.12865374,67074554585.0245565871858727942,4063.80105271771
2017-08-14,3.25544228,71056091038.3306502370642226764,4304.60393120982
2017-08-15,3.11536106,68677522428.055090815889811992,4160.0305458796
2017-08-16,3.22936466,72063128584.8299219266144347744,4364.67857463472
2017-08-17,3.14349195,71145509600.3207123610643564372,4308.51686142607
2017-08-18,2.97541172,67850449314.961073621109695747,4108.50716218586
2017-08-19,2.97749577,68714177176.7633362566928834069,4160.33245686733
2017-08-20,2.88932289,67489972146.054179401031481428,4085.8103943308
2017-08-21,2.8086644,65956479620.7685182249950715195,3992.62603524255
2017-08-22,2.84203031,67310734591.7686032142833391251,4074.33046125073
2017-08-23,2.86484514,68518128669.483822109598623935,4146.9153452367
2017-08-24,2.96780825,71479514205.143067211338551294,4325.81642799532
2017-08-25,2.96751747,71936367041.9425310475015049095,4353.13177255991
2017-08-26,2.94348577,71757759427.227190719630484119,4341.97871677382
2017-08-27,2.93116239,71814513227.3090893767473492646,4344.90344476914
2017-08-28,2.93365297,72397765180.8020672062731718742,4379.76392068966
2017-08-29,3.03875355,76054400821.4192105525670518932,4600.45683097604
2017-08-30,3.00669499,75835493879.9166326782111797408,4586.63273670368
2017-08-31,3.06677185,78386820017.2677661099653306032,4740.35621770894
2017-09-01,3.14249768,81337794501.0987885168006326575,4918.16624488603
2017-09-02,2.91990917,76002945696.5466680443274918326,4595.02001782583
2017-09-03,2.92473488,76512627999.71163163208912284,4625.296314436
2017-09-04,2.75162247,72377665590.7279484226540606576,4374.75349649328
2017-09-05,2.78742564,73700588640.7981833966002708375,4454.05253769725
2017-09-06,2.86204183,76249266221.9420188243374209056,4607.51652980713
2017-09-07,2.84583752,76716135705.652841451366100062,4635.11187580362
2017-09-08,2.66619471,71931549470.8458829164746246792,4345.45765634132
2017-09-09,2.65540041,71777423501.31228579461183448,4335.593449737
2017-09-10,2.59879339,70563816637.5046738895586172599,4261.84352104033
2017-09-11,2.56454296,69756780446.1307159069646502,4212.54757334892
2017-09-12,2.53102364,68967943043.7273619650636838306,4164.31943424898
2017-09-13,2.36797159,64386275390.193729094491067269,3887.11858679135
2017-09-14,1.99521056,53798171461.138298524874913765,3247.4687390415
2017-09-15,2.26320938,61290338938.4388568110404634048,3699.22294389246
2017-09-16,2.26588756,61497189146.616458821206120182,3711.23435067212
2017-09-17,2.26478555,61515659680.6261227149037631152,3711.85620397428
2017-09-18,2.47915064,67630392416.6534441100165289752,4080.42844301578
2017-09-19,2.38109715,65074126213.7399565634115588351,3925.73619023963
2017-09-20,2.3596557,64583212982.20698311074724275,3895.777078609
2017-09-21,2.19309389,59973710710.1648590393848267984,3617.24346580947
2017-09-22,2.19168978,60012665778.898427894530803914,3619.2137182934
2017-09-23,2.28253357,62613658233.7145810902132776238,3775.60059409702
2017-09-24,2.22242941,60983444860.3087453872416190492,3676.89694418469
2017-09-25,2.34287282,65000641700.0970008271197314178,3918.73807130333
2017-09-26,2.32052467,64532178189.603049002180110043,3890.09093687902
2017-09-27,2.4968666,69810133911.9431660508692175226,4207.78748538866
2017-09-28,2.47501585,69487291906.7240023419379183652,4187.76979631794
2017-09-29,2.44954557,68952490965.8071026458582951888,4155.01011981298
2017-09-30,2.54204123,71939347197.2122450868065641143,4334.54461250731
2017-10-01,2.56194858,72735515448.4749118719798541272,4382.08689801286
2017-10-02,2.55136556,72823227415.16936926367399505,4386.8757150789
2017-10-03,2.49742904,71499894904.3079905197664852787,4306.56464202221
2017-10-04,2.44055834,70014724886.3275641386653795136,4216.68482144944
2017-10-05,2.48286744,71727325779.5772741296165426229,4319.42091583869
2017-10-06,2.50112549,72508085068.8256829317814723553,4365.91571040327
2017-10-07,2.535902,73728225601.5511755422807035073,4438.85593308007
2017-10-08,2.61523452,76427540535.4746091656788606463,4600.73979661017
2017-10-09,2.68982061,79374073504.6497675933720676149,4777.53465692577
2017-10-10,2.65170924,78777862489.3841509708680611234,4741.07791496201
2017-10-11,2.68235621,80013973235.215718266330582366,4814.96711805962
2017-10-12,2.9735157,89641017955.6873451677473504798,5393.66898275862
2017-10-13,3.05039678,93313679743.7031897093486946486,5614.07751461134
2017-10-14,3.12159957,96177115401.5725686656255683412,5785.73831502046
2017-10-15,3.05072713,94597270274.9144119693277881772,5689.86505961426
2017-10-16,3.05813234,95711795297.9950682248268069724,5756.14881180596
2017-10-17,2.95026635,92967497516.9025661449488904965,5590.41632437171
2017-10-18,2.93164856,92869180097.057382599949788784,5583.8704257744
2017-10-19,2.96891932,94951570768.5952650000155114576,5708.31299094097
2017-10-20,3.09805688,99831583429.8111612476116771484,6000.88313033314
2017-10-21,3.09579617,100330967303.1758591983846319034,6030.20789275278
2017-10-22,3.04834116,99785408420.9961946707991699116,5996.59813880772
2017-10-23,2.93951363,97995045387.6064969812219949893,5888.25001665693
2017-10-24,2.73999189,91840948942.27969827287199504,5517.77535330216
2017-10-25,2.83167233,95486763245.2423155043103945826,5736.01780157802
2017-10-26,2.89701261,98235119083.1354014394626545169,5900.31772910579
2017-10-27,2.82258819,96105329948.1441803088742226613,5771.94504617183
2017-10-28,2.81072114,95952333223.8820590198125619748,5762.38857685564
2017-10-29,2.99284618,102830297805.967631242097561139,6174.72884482758
2017-10-30,2.94639905,101917736242.4570692213410237594,6119.25638398597
2017-10-31,3.07051562,107079598512.5558395769095812435,6428.51463705435
2017-11-01,3.17194342,112054780764.543541530191200807,6726.41183459965
2017-11-02,3.26783421,117354965529.1027714373272721356,7043.77793892461
2017-11-03,3.2996631,119945667659.349826076413452783,7198.63211075394
2017-11-04,3.37458714,123654520197.94040635848153928,7420.498078609
2017-11-05,3.31955857,122844997029.941988598268881247,7371.13902980713
2017-11-06,3.12842422,116425740138.2924533775697221769,6985.26384395091
2017-11-07,3.16064437,118655354623.0742443190041081312,7118.20254383402
2017-11-08,3.2777098,124219809813.650582532411543793,7451.21278667446
2017-11-09,3.10220792,118674036439.6205397703149813315,7117.73804967855
2017-11-10,2.86889448,110394640690.2210522346190645751,6620.56733635301
2017-11-11,2.7353594,105834744552.6943557443322529554,6346.72144915254
2017-11-12,2.4696982,97208941680.8806665461980263071,5829.09782758621
2017-11-13,2.72664306,108732927225.1000394910980747022,6519.44517212157
2017-11-14,2.74071229,109959806768.1318122403048382774,6592.37439713618
2017-11-15,2.97614814,121065675321.6165293607239345104,7257.37321215664
2017-11-16,3.15562228,130694771894.752660046342315607,7833.7044333723
2017-11-17,3.06551771,128964609345.1811137582104605371,7729.03327001753
2017-11-18,3.06748215,130097825616.508599480807701514,7796.15424108708
2017-11-19,3.12664738,133821250649.3633517050853956078,8018.32068848626
2017-11-20,3.18401839,138037628210.8137114608672085778,8269.87425745178
2017-11-21,3.07693153,135086085017.3908532245610714514,8091.99808357686
2017-11-22,3.11368282,137732274883.2000927896366822625,8249.59733021625
2017-11-23,3.0255203,134777502599.1250742564556526775,8071.66982144945
2017-11-24,3.04932356,137477016397.6320595930809820743,8232.42233313851
2017-11-25,3.19796528,146307124232.523825434538383181,8760.1654421391
2017-11-26,3.34857257,155673360858.2542182021114681047,9319.90331472823
2017-11-27,3.43189779,162556185991.1265492633621910784,9730.72857948568
2017-11-28,3.42405668,165941127001.2579565411477919934,9932.19418001169
2017-11-29,3.31618599,163754159022.2335241808119025368,9800.02755172414
2017-11-30,3.33958212,167061587627.630567203248898003,9996.71497194623
2017-12-01,3.55287307,180660238728.773870670425348928,10808.9583325541
2017-12-02,3.54526509,182786557318.003967199456663063,10934.8599856809
2017-12-03,3.59996863,187476359551.251332686640635476,11213.9426554646
2017-12-04,3.65371219,193323542670.467049803939576196,11562.1285669199
2017-12-05,3.65310274,196269467099.288011212376257444,11736.7540672122
2017-12-06,4.21096815,234018218656.5197715474235182,13992.1323372297
2017-12-07,4.7166582,284897231093.6847232615125486,17032.2933763881
2017-12-08,4.34686442,272654723142.062084443105717892,16298.4873386908
2017-12-09,3.96460494,251802084162.03134780020549638,15050.0219541204
2017-12-10,4.00840979,258944112666.204577151002422624,15474.9995432496
2017-12-11,4.25607302,282381336274.560652975391251334,16873.4977849211
2017-12-12,4.23927385,291794289206.287087911883077264,17433.9307381648
2017-12-13,3.93575963,276454960254.1678686551433056,16515.15257218
2017-12-14,3.8994793,277962079725.581868624034368574,16602.8928033314
2017-12-15,4.07868942,296400529142.786644525581461376,17702.0021721216
2017-12-16,4.43076633,328900754243.053588418875813635,19640.5138834015
2017-12-17,4.25193445,322413542662.87838333550130023,19250.467650789
2017-12-18,4.12995773,317960756085.217318825436731836,18982.0250242548
2017-12-19,3.80550806,295735113689.087902964298046498,17653.3260894214
2017-12-20,3.49226172,275665281880.297234094534912946,16453.6272603741
2017-12-21,3.30154348,261956195240.43542996755916884,15633.8336504968
2017-12-22,3.01016272,239730379597.738873287348543261,14305.7183436587
2017-12-23,3.11960008,249897014242.521963929614827,14910.8581049094
2017-12-24,2.92511724,235099787897.109549286389556899,14026.3468661601
2017-12-25,2.92950297,236038639186.125440130527332182,14080.9422600818
2017-12-26,3.23788307,263661836527.332123610860623943,15727.1454792519
2017-12-27,3.13118795,258022926528.27569606182138233,15389.0005739334
2017-12-28,2.90015736,239613730881.719630721495354138,14289.4522095266
2017-12-29,2.94080172,244377450683.453284932655035244,14571.7460821157
2017-12-30,2.60242905,217181833260.614292859262309961,12948.7158828171
2017-12-31,2.78726716,233525857337.398970092359063598,13921.4806414378
2018-01-01,2.69423548,225889069046.309721623658214246,13464.6536116306
2018-01-02,2.92544313,247556665257.4019044788629499,14754.322204851
2018-01-03,2.96026687,251880836192.964551783277476304,15010.2861595558
2018-01-04,2.94402195,252919562391.941328376338311188,15070.3007986558
2018-01-05,3.26196426,285288877071.049744666708857774,16997.2274079486
2018-01-06,3.24692954,287110018646.30038002555320027,17103.589279661
2018-01-07,3.04278121,272506803029.995299509875422775,16231.6949994155
2018-01-08,2.80152545,250808700833.852712668332230456,14937.4150894214
2018-01-09,2.69017079,241455084711.060449492371885134,14378.5862174167
2018-01-10,2.73334467,246363832772.1497080916022054,14669.0882656341
2018-01-11,2.45400706,221500211810.211219915896191164,13186.7549427236
2018-01-12,2.55762013,231654360390.864893148868814016,13789.4436639392
2018-01-13,2.63127775,239102527884.866069550833558937,14231.2250645821
2018-01-14,2.52606465,229885659812.64543156226898251,13681.0654611338
2018-01-15,2.50804935,228409454744.712902117385995598,13591.6961966686
2018-01-16,2.12079726,192122189325.598336120165066256,11431.0401052016
2018-01-17,2.07376393,187583518961.770573714980420267,11159.6085905903
2018-01-18,2.09352287,189060672392.106831747899641836,11246.0397302747
2018-01-19,2.129939,192349290678.459969871999207426,11440.2555616598
2018-01-20,2.37080852,214708366096.53857609443083824,12768.4045856224
2018-01-21,2.12617327,192101096596.448027351634068407,11422.3942589129
2018-01-22,2.00268788,180602489964.589877648920622751,10737.3505774401
2018-01-23,2.02766184,182511031584.194901179489416947,10849.3918793103
2018-01-24,2.09753554,188869372701.117318938905863568,11225.8961747516
2018-01-25,2.08000559,187285778784.177915212556917472,11130.4649473992
2018-01-26,2.05791562,185710159814.668493993321367495,11035.5546098773
2018-01-27,2.10883443,190535450013.263332599130737554,11320.9701852718
2018-01-28,2.15410037,195523140191.2315962711624656,11615.95871128
2018-01-29,2.06552658,187406934303.971137186573892715,11132.5543138515
2018-01-30,1.85916763,167681155315.0260551774203389363,9959.54671537113
2018-01-31,1.87794381,169220358167.2147175778846945,10050.0957971946
2018-02-01,1.69691999,152228490124.3571135323960186212,9039.86507510228
2018-02-02,1.66151934,147973235767.075801631807265196,8786.0773798948
2018-02-03,1.72878243,153818916042.4828307142558911925,9132.10032232613
2018-02-04,1.56184746,138988261291.4843954156640511038,8250.52689596727
2018-02-05,1.30831891,115403138216.8425858224272071924,6849.54255932203
2018-02-06,1.48101152,130399428701.5773477791499243306,7738.64395967271
2018-02-07,1.46484643,128491100334.8091400136306188992,7624.59538953828
2018-02-08,1.58085047,138514511804.0463071673482351459,8218.58085184103
2018-02-09,1.6660923,145976369437.045770101143341606,8660.45346785505
2018-02-10,1.64139497,143797692836.22005041687847334,8530.29280479252
2018-02-11,1.55971533,136504252153.844571700857541455,8096.72848129749
2018-02-12,1.71364615,150194552558.1890078611450095948,8907.67017913501
2018-02-13,1.64241903,143742306059.1623655129945877416,8523.96693191116
2018-02-14,1.81957973,159671225545.305111690207055656,9467.3010327294
2018-02-15,1.93482187,170472147641.710942885029365018,10106.7330835769
2018-02-16,1.9474862,171885093746.77613064050277052,10189.3164833431
2018-02-17,2.11360732,187025253743.345252134639074144,11085.5984143776
2018-02-18,1.99108492,176358525105.061918573179947897,10452.0919772063
2018-02-19,2.11485368,187977308411.433267522295627783,11139.3557305669
2018-02-20,2.12780635,189795615789.442142564246198862,11245.9323179427
2018-02-21,1.97827013,176534515366.040612938286499517,10458.8650888369
2018-02-22,1.84607258,166751211511.9077316937678104755,9878.15894272355
2018-02-23,1.89577059,171511934697.354165197411155167,10159.0656125073
2018-02-24,1.8093287,163553050808.4121418616438975025,9686.60177995325
2018-02-25,1.7940982,162165847541.7830261807924586104,9603.22747749854
2018-02-26,1.92409125,174158955811.752387678494368048,10312.3657130333
2018-02-27,1.98459986,179951719258.249073671516279392,10654.1072948568
2018-02-28,1.91774992,174109343264.625801359720361311,10307.0249663939
2018-03-01,2.0275908,184547764147.899094161462635919,10923.6308617767
2018-03-02,2.0411051,186096958181.244997269703131476,11014.0584672706
2018-03-03,2.11464502,193077560983.331599120219336112,11425.6805654588
2018-03-04,2.11715719,193722368144.781696573198967226,11462.5831975453
2018-03-05,2.124487,195063431904.73632942538391136,11540.6623205728
2018-03-06,1.96727059,180486990776.896668315632195889,10677.0352308591
2018-03-07,1.82720774,167423398664.396499121324236147,9903.0850490941
2018-03-08,1.72480924,157761648490.231965004027608186,9330.47545295149
2018-03-09,1.72471755,156893668418.032840298771159118,9278.13918439509
2018-03-10,1.6363096,148596430306.95575161040593604,8786.56042314436
2018-03-11,1.76958222,160909070237.820392626251126738,9513.53539976622
2018-03-12,1.70331347,154743067340.395358154674071585,9147.89018059615
2018-03-13,1.70702426,154975189713.203577095228723136,9160.54293278784
2018-03-14,1.53691592,139114167417.362385568211588971,8222.12723904149
2018-03-15,1.54749227,139915162067.516635236457124552,8268.58912244302
2018-03-16,1.56958433,141764332492.758346948848819008,8376.90449824664
2018-03-17,1.47896206,133397905025.337910360117504704,7881.66192051432
2018-03-18,1.5372127,138615372062.488773639912577968,8189.01671917008
2018-03-19,1.60262445,144522485138.70353188457140587,8537.0156233197
2018-03-20,1.66984764,150606160131.377007419196517371,8895.54717913501
2018-03-21,1.66685407,150352940228.21164543999127121,8879.5942565751
2018-03-22,1.6366036,147508129826.538686033660535288,8710.66493512566
2018-03-23,1.64830412,148557077215.3374530928771097608,8771.74632349503
2018-03-24,1.61787156,145851296752.913544355548150792,8610.9885163647
2018-03-25,1.58785272,142979716786.7121193091249919176,8440.61092255991
2018-03-26,1.54056226,138431086788.2358200129169118245,8171.18435447107
2018-03-27,1.47972397,132788930471.830731935572307451,7837.26531940386
2018-03-28,1.49995286,134435267323.918341495041653984,7933.64272969024
2018-03-29,1.34902071,120467962091.474420454064184985,7108.5708132671
2018-03-30,1.30076662,115797316246.971359108349207618,6832.14906633548
2018-03-31,1.31875342,117336032805.59008092337849184,6922.2812969024
2018-04-01,1.29804435,115353783450.5552911345409613725,6804.52487931035
2018-04-02,1.34269917,119245126357.496678229400897356,7033.25960958504
2018-04-03,1.41752889,125830793446.859987280426160503,7420.80051548802
2018-04-04,1.29795987,114986737237.4465695223816261775,6780.54360140269
2018-04-05,1.30312944,115303192510.122066649331015884,6798.42261659848
2018-04-06,1.26963243,112127244520.253051923468047652,6610.49234979544
2018-04-07,1.32349168,116823866081.9316259834306631465,6886.46947194623
2018-04-08,1.34758367,118933511741.821965236175744168,7009.99610432496
2018-04-09,1.29733763,114312345807.450527232824251707,6736.89282378726
2018-04-10,1.3143587,115680812980.7129840633598644725,6816.71861542957
2018-04-11,1.33919481,117868111083.2361792760369621175,6944.78585710111
2018-04-12,1.52215846,134168881347.635740959070830685,7904.33027527762
2018-04-13,1.52369622,134435317905.1425609992230430775,7919.06469462303
2018-04-14,1.54037773,135931951716.9185088465536374425,8006.41794330801
2018-04-15,1.60406337,141651021555.8256573571778710325,8342.27110140269
2018-04-16,1.54777167,136651223943.0263953766011366275,8046.98213354763
2018-04-17,1.51791712,133962964001.4248769100931612375,7887.73795791935
2018-04-18,1.57002305,138651452568.161316535967912745,8162.83486177674
2018-04-19,1.58612722,140540536590.647622696493060445,8272.96731589714
2018-04-20,1.69131108,150179907414.557016622003318975,8839.5011320865
2018-04-21,1.69378446,150605949404.933393416354212061,8863.54082904734
2018-04-22,1.68092587,149560185920.224913976725068257,8800.95908708358
2018-04-23,1.70339486,151783472514.1825533869668292645,8930.78463354763
2018-04-24,1.83531084,164063731529.1861288313528792075,9652.21378872005
2018-04-25,1.68455575,150535337359.1005023041551529785,8855.50893658679
2018-04-26,1.75708104,157507996556.2087877421389846055,9264.72742694331
2018-04-27,1.70402847,152705962191.951630466200083261,8981.33079018118
2018-04-28,1.77091583,158850242092.375394360390317314,9341.82468468732
2018-04-29,1.78054751,159806972877.0824382633850831255,9396.99762974869
2018-04-30,1.74740041,156963205214.354626213491805435,9228.7264836353
2018-05-01,1.71724649,154318371549.3277424427680074122,9072.16875745178
2018-05-02,1.7386519,156579110734.1754564103305822612,9204.12764056108
2018-05-03,1.83904816,165895717059.1439553261287371679,9750.70014640561
2018-05-04,1.82662477,164992728890.0460477213737206024,9696.64290999416
2018-05-05,1.84393794,166701785625.4536939408426743768,9795.92577206312
2018-05-06,1.80577797,163300448150.2404609247819477854,9595.08681940386
2018-05-07,1.75762436,158968267897.191487094057950626,9339.5108471654
2018-05-08,1.73387152,156820197635.074732959587133169,9212.36963471654
2018-05-09,1.74723256,158212056793.0222225668558107375,9293.04227352425
2018-05-10,1.69887071,153879420906.8271539717457675705,9037.53050905903
2018-05-11,1.58493865,143374163246.1665987958729521035,8419.75858737581
2018-05-12,1.5974431,144515816886.584117684683803944,8485.77526680304
2018-05-13,1.63680889,148109264820.5454115814423993065,8695.83309380479
2018-05-14,1.62361239,147701872957.3638201133350462335,8671.07417475161
2018-05-15,1.58958164,144606798197.35784245553500045,8488.463421391
2018-05-16,1.56132079,141887673799.424158511505263164,8327.75620134424
2018-05-17,1.50426871,137177363863.56127818701333097,8050.51623933372
2018-05-18,1.5392871,140303513702.6239504711058982095,8233.08645528931
2018-05-19,1.53821787,140257946353.7265288443123211695,8229.48293571011
2018-05-20,1.59036292,145078909990.9788929706172831875,8511.44883021625
2018-05-21,1.56883389,143172261405.3130658584788059465,8398.62312653419
2018-05-22,1.49717102,136520308521.8327961333803391375,8007.52653214495
2018-05-23,1.40810171,128238492182.1776319440488111725,7520.86767913501
2018-05-24,1.41826534,129185693215.822097460300151008,7575.62448597312
2018-05-25,1.39150485,126639864443.704077301459882929,7425.37567445938
2018-05-26,1.37360478,124965017826.205644751436106594,7326.30318644068
2018-05-27,1.37644815,125182866858.5230779074695827345,7338.19304441847
2018-05-28,1.33597351,121318022843.956510826544468648,7110.82388164816
2018-05-29,1.40088628,127179664640.7659630450510308095,7453.63372501461
2018-05-30,1.38664652,125848348159.245473829408963765,7374.6690490941
2018-05-31,1.40689168,127640237772.868801294430427267,7478.74186703682
2018-06-01,1.41524122,128357193539.522490311662835109,7519.83573728814
2018-06-02,1.43730299,130379250198.589441812902936353,7637.44825306838
2018-06-03,1.44919617,131499605436.8201221410022941545,7702.15793308007
2018-06-04,1.40952829,127837400289.081784313706215704,7486.65319959088
2018-06-05,1.43371987,129979876541.4782886597463851225,7611.14985271771
2018-06-06,1.44133056,130670649498.8660405050389687044,7650.77580713033
2018-06-07,1.44450247,130943482538.13354680951491816,7665.9478962595
2018-06-08,1.43712165,130216857183.816183606770028175,7622.60233021625
2018-06-09,1.42518183,129095529856.9509804233409640504,7556.17169783752
2018-06-10,1.27551954,115243033476.8174234240198682339,6744.73580099357
2018-06-11,1.29750932,117044251204.7885381059280146464,6849.45268731736
2018-06-12,1.23858038,111540839588.5577845286757968386,6526.69968001169
2018-06-13,1.20092906,107789140440.1920282953010759576,6306.51316803039
2018-06-14,1.2632478,113326836396.8716437684904925964,6629.77012419638
2018-06-15,1.22097074,109405898594.1402096926323049792,6399.67404646406
2018-06-16,1.23955794,111054415629.1092615036159116544,6495.31530917592
2018-06-17,1.23172728,110304156582.0677146975835551996,6450.69397282291
2018-06-18,1.28056779,114646121395.0442496732172011412,6703.81258971362
2018-06-19,1.28664559,115149917753.7761353238316451584,6732.50880917592
2018-06-20,1.29123078,115517012013.5964605979774252805,6753.20682583285
2018-06-21,1.28466547,114969657640.7098152894089467185,6720.37323436587
2018-06-22,1.16113556,103676418199.365878578777256675,6059.5758591467
2018-06-23,1.18384639,105650371448.3176757979875811975,6174.22577936879
2018-06-24,1.17963703,105188860295.9923993898767558278,6146.48719491526
2018-06-25,1.19907224,106861963419.5341368237132230107,6243.53544097019
2018-06-26,1.17183193,104350132616.9920292598907962627,6096.12876621859
2018-06-27,1.19000509,105096510904.9511764971735469814,6139.18968322618
2018-06-28,1.13776355,100305218848.8381333142344406084,5858.63577819988
2018-06-29,1.20834141,106519491432.559562320199441007,6220.9137150789
2018-06-30,1.23851505,109178385108.656889114761482404,6375.5412314436
2018-07-01,1.23860628,108947955192.7598213119439624992,6361.40253886616
2018-07-02,1.28633397,113189218473.44631679538635416,6608.367157218
2018-07-03,1.26579418,111313526945.098786339417162743,6498.3078591467
2018-07-04,1.28137705,112712483433.1309021822773930232,6579.33337638808
2018-07-05,1.27324533,111969299124.0987705386173632274,6535.29840268849
2018-07-06,1.28661278,113064628503.0092311669165459284,6598.45909585038
2018-07-07,1.31378163,115466335325.7954657034291461448,6737.85608036236
2018-07-08,1.30865599,114915153080.6485150476860414044,6704.91998012858
2018-07-09,1.30098801,114225570190.2175733925803924613,6664.02409351257
2018-07-10,1.2330456,108153424172.7251293975766899568,6309.08400409118
2018-07-11,1.24746562,109345176286.2497973546448769464,6377.97651139684
2018-07-12,1.20621817,105609860436.2787508006332784584,6159.46667621274
2018-07-13,1.21722522,106470007126.7994013115434617594,6208.98557188779
2018-07-14,1.22667095,107271377986.8074265539308893584,6255.11247866744
2018-07-15,1.24480827,108868108961.5527701099886632928,6347.60427381648
2018-07-16,1.31568081,115107492547.9340927349109300332,6710.80743746347
2018-07-17,1.43309368,125581453880.8043410914989475918,7320.59482787843
2018-07-18,1.44339934,126548604827.3518232902732322144,7376.03833927528
2018-07-19,1.46018625,128125757556.500946896217282124,7467.0342980713
2018-07-20,1.43265396,125741438718.3173983241560978728,7327.25668293396
2018-07-21,1.44833778,127183775645.9037760505773466174,7410.56562039743
2018-07-22,1.44583406,127010416903.0318580817515644116,7399.48374693162
2018-07-23,1.50619599,132462078575.7177875497425969256,7716.15862741087
2018-07-24,1.63581402,144177249065.0913834980969063196,8397.61652162478
2018-07-25,1.59635249,140849259157.118602084779493296,8202.72039538282
2018-07-26,1.5404035,135906762897.290902315361299992,7913.93077819989
2018-07-27,1.58953743,140386151038.546642387304967768,8173.7746113384
2018-07-28,1.59195773,140685854280.0242862321251209746,8190.36005669199
2018-07-29,1.59809411,141377467178.6177371663409175517,8229.60583869083
2018-07-30,1.5863148,140398779908.7897271736553062703,8171.83951928697
2018-07-31,1.50002457,132738197932.6344122930604456069,7725.13303594389
2018-08-01,1.47548838,130545588661.312704576538879242,7596.6980119813
2018-08-02,1.46550321,129631992555.4635811256283777502,7542.69466189363
2018-08-03,1.44098379,127389926459.2260876817018700264,7411.34425014611
2018-08-04,1.36290424,120372902126.710833084783225904,7002.2086528346
2018-08-05,1.36894032,120892012705.7245721304842713096,7031.58775102279
2018-08-06,1.35040999,119156635794.6150436345215799665,6929.99089421391
2018-08-07,1.31126727,115603003795.485194150379831264,6722.57843278784
2018-08-08,1.22457474,107787755829.105427050336367815,6267.3886735827
2018-08-09,1.28263103,112799626411.7474506654936916243,6558.09690794857
2018-08-10,1.20148237,105548767057.1032129677008978624,6135.75185856224
2018-08-11,1.23709272,108624141324.5420192741975802696,6313.74931180596
2018-08-12,1.237715,108652588482.8842489400602965424,6314.69165575687
2018-08-13,1.22859486,107823918261.5745203305629744552,6265.84804383402
2018-08-14,1.21462636,106440242655.5744469458038262544,6184.82908562244
2018-08-15,1.23272558,107922340390.8485247732601137816,6270.21479865576
2018-08-16,1.23701888,108288222390.637455341515302963,6290.7504552893
2018-08-17,1.28997856,112988510838.9441771481908052225,6563.07828872005
2018-08-18,1.25820087,110181522339.7500430487688868485,6399.28744681473
2018-08-19,1.27574994,111767485648.8838858678669668985,6490.71612711865
2018-08-20,1.23354388,108029450488.8154500360759871884,6272.95272881356
2018-08-21,1.27272294,111487842735.8121440335141568481,6473.07603945061
2018-08-22,1.25162869,109639314166.2187866548210089398,6365.00983167738
2018-08-23,1.28108729,112259350133.7996602927574266964,6516.40902542373
2018-08-24,1.31632801,115395254895.6150080074311708882,6697.73187872589
2018-08-25,1.32478942,116228582999.4983158461923897454,6745.43893921683
2018-08-26,1.31333891,115285547056.6240958254616982196,6689.86933313852
2018-08-27,1.34163355,117874048946.5724500674737317472,6839.15895236704
2018-08-28,1.38993223,122262155771.8433565093491764412,7092.97380829924
2018-08-29,1.37670606,121247981675.3254147274414953572,7033.42806808884
2018-08-30,1.36359134,120115626733.4755477035285590151,6966.96374371713
2018-08-31,1.37493819,121132253239.8893672894999944227,7025.14078024547
2018-09-01,1.40711254,124029007769.2842331182103424634,7192.35254734074
2018-09-02,1.42507788,125668549341.9008005135878028104,7286.66779105786
2018-09-03,1.41924297,125178060647.4215982023870178,7257.47021391
2018-09-04,1.43842941,126937601872.3862110709382517676,7358.81147895967
2018-09-05,1.32907873,117152434088.974128010078587232,6790.89732846289
2018-09-06,1.27139307,111940508598.9137748370833921042,6488.07593687902
2018-09-07,1.25683206,110582390617.6578362880197443641,6408.65362244301
2018-09-08,1.21428401,106782962630.3261339809752616321,6187.79050233781
2018-09-09,1.22689803,107856240949.9079068625247629703,6249.24631034483
2018-09-10,1.23657997,108663237923.101124215064056476,6295.3886025716
2018-09-11,1.23448848,108381492630.1318097123948642229,6278.42463968439
2018-09-12,1.24485106,109242573049.282806701165167515,6327.53636323787
2018-09-13,1.27856168,112075206592.993967741339606583,6490.91231648159
2018-09-14,1.27941999,112151244738.979589588709342888,6494.69547895967
2018-09-15,1.28532707,112671557069.802131181895636016,6524.16566744594
2018-09-16,1.28016559,112220687641.7463867045040266288,6497.40470134424
2018-09-17,1.23381568,108106617083.933166508761169218,6258.59487492694
2018-09-18,1.25024052,109530014226.912576706890223932,6340.34779018118
2018-09-19,1.25910583,110295726992.948705769848976762,6383.95187580362
2018-09-20,1.28206545,112289138730.936496925510801576,6498.60711104617
2018-09-21,1.3314931,116492037710.8163581069282295058,6741.14289888954
2018-09-22,1.32462421,115888679519.13030619396460916,6705.47605113969
2018-09-23,1.32411544,115860820198.54162473944782644,6703.13684950321
2018-09-24,1.29944603,113684901515.99105220922442215,6576.5450032145
2018-09-25,1.26947306,110930883871.087133073153150932,6416.44402162478
2018-09-26,1.27892467,111751327298.902807235028800457,6463.25040356517
2018-09-27,1.3210537,115474621398.5755149990333671364,6677.90048860316
2018-09-28,1.31014502,114540210219.8082730551750206196,6623.12615984804
2018-09-29,1.30289231,113884705996.9722718226439523548,6584.49914757452
2018-09-30,1.3069717,114243836027.33710282790847154,6604.485028346
2018-10-01,1.29942083,113518672787.2420502823796193496,6561.81383226184
2018-10-02,1.28953035,112611317628.3971447214311333782,6508.72093863238
2018-10-03,1.2814305,111857194576.8611056094414104212,6464.45684365868
2018-10-04,1.29764795,113268081862.6405762643376253464,6545.28566773816
2018-10-05,1.30556584,113968639381.9673465832299723739,6585.14957977791
2018-10-06,1.298913,113378821806.6297477625404162906,6550.47831589714
2018-10-07,1.30175802,113634349430.0111606842723480138,6564.56826008182
2018-10-08,1.30960738,114339930572.2296564408084786089,6604.68527410871
2018-10-09,1.30696334,114103829682.0483704362254894291,6590.42862215079
2018-10-10,1.29493068,113053807013.2267443442753555966,6529.10243600234
2018-10-11,1.22741162,106661946180.8367030887886334954,6159.25164260666
2018-10-12,1.23438108,107233687733.8427724234601243875,6191.67722326125
2018-10-13,1.23595286,107348671929.7830987403096726121,6197.68569637639
2018-10-14,1.23348719,107101025152.5462730759454547607,6182.87934424313
2018-10-15,1.28526524,111615002027.0938351744855073097,6442.71541408533
2018-10-16,1.28989252,111958908236.7981840750089602061,6461.93715926359
2018-10-17,1.28666145,111637252664.8018651915749689566,6442.73070017534
2018-10-18,1.27802221,110846868324.4093826316335701661,6396.47981209819
2018-10-19,1.2749913,110625950760.1284385700239032044,6383.07784015196
2018-10-20,1.28642152,111073715079.6297675886078281513,6408.25274634717
2018-10-21,1.28793139,111207633040.7658590340707150903,6415.34050292227
2018-10-22,1.28689576,111093386674.0609463478348882798,6408.03363559322
2018-10-23,1.28492912,110896863051.5977309391983456701,6395.98766686149
2018-10-24,1.2887609,111214824905.2326557703357177207,6413.80364114553
2018-10-25,1.28694965,111026747755.475875781879970263,6402.3248591467
2018-10-26,1.28863398,111069127245.8811875538731578281,6404.10855230859
2018-10-27,1.28980748,111171887419.0782384335763673039,6409.40532758621
2018-10-28,1.28937475,111135017069.5133277680000586642,6406.63325306838
2018-10-29,1.26107732,108655584101.008598427863540549,6263.0417346581
2018-10-30,1.26329155,108825982078.5493146741244975119,6272.16772822911
2018-10-31,1.27073654,109431340954.1764225368572278329,6306.31693132671
2018-11-01,1.27883905,110079709390.0442890265236686555,6342.97750058445
2018-11-02,1.27995054,110181145790.3643243916404667982,6348.16858270018
2018-11-03,1.276901,109920796924.690716380611401415,6332.43413296318
2018-11-04,1.29459494,111457995144.9934843446732651275,6420.42200029223
2018-11-05,1.29123581,111166153093.6581979161272632125,6402.94683898305
2018-11-06,1.2989943,111839648400.0074662556130448075,6441.14521887785
2018-11-07,1.31084446,112887229255.9348775401002938725,6500.86980508475
2018-11-08,1.29195817,111262585491.1149231695015739367,6406.75293746347
2018-11-09,1.2768824,109963654429.7375267144631152637,6331.37876709527
2018-11-10,1.28133653,110351534110.3034958810431411884,6353.11273407364
2018-11-11,1.27781403,110055678439.9506488371896617468,6335.41420397428
2018-11-12,1.27501457,109810368310.3221532971637815372,6320.65605376972
2018-11-13,1.26499475,108903885882.585428470957476372,6267.9379912332
2018-11-14,1.12750028,96860778728.2976694067559497596,5574.25834891876
2018-11-15,1.12835655,96249271453.672309430306040192,5538.56060783168
2018-11-16,1.12138354,95518590232.071634513035367077,5496.01623115137
2018-11-17,1.12295891,95616781735.517364877581221578,5501.09234044418
2018-11-18,1.13432294,96568855949.37880850129381306,5555.3763383986
2018-11-19,0.98256686,83310144258.678041891657495876,4792.20002367037
2018-11-20,0.89259762,75065364647.62799192044058785,4317.53067007598
2018-11-21,0.94205218,79101301550.272875033365433942,4549.32200993571
2018-11-22,0.89310508,74835645350.615631346067719956,4303.61554850964
2018-11-23,0.89181194,74603724123.317620995175175296,4289.89285330216
2018-11-24,0.79317203,66200862128.508293707867261632,3806.31692489772
2018-11-25,0.82453777,68651345825.213465517767377744,3946.85087434249
2018-11-26,0.77562836,64367741558.115172921106989639,3700.28599269433
2018-11-27,0.7940544,65700666907.910880084892328499,3776.55590531853
2018-11-28,0.88549955,73220966864.7583333250718743385,4208.47526914085
2018-11-29,0.89130855,73758300790.5536991811588009143,4239.03948831093
2018-11-30,0.8373706,69140104360.4770945201180402939,3973.33405230859
2018-12-01,0.8734641,72187184141.7987013056657394626,4148.07372559906
2018-12-02,0.86368527,71334608466.9663693711925864317,4098.74676388077
2018-12-03,0.80763958,66906066119.821583663460224568,3843.9766659848
2018-12-04,0.81335924,67765212056.5153642603477752966,3892.95164699006
2018-12-05,0.78473772,64578231888.3631930378584502862,3709.52085827002
2018-12-06,0.74841821,61145021210.2217447173299333171,3511.96898158971
2018-12-07,0.72100902,58730237821.2062718822995485424,3372.99569257744
2018-12-08,0.72908961,59344289381.6088576446022175713,3407.95119462303
2018-12-09,0.75773343,61657037841.0864340163465801016,3540.43957597896
2018-12-10,0.73200608,59453278421.0812327587213747071,3413.59258416131
2018-12-11,0.7222971,58395608029.6806327743703090756,3352.56420017534
2018-12-12,0.73845418,59627831863.2595352496121971312,3423.01291788428
2018-12-13,0.7044642,56799486057.979277280414510683,3260.34158240795
2018-12-14,0.69277432,55735757119.7476041340559966496,3198.94747369959
2018-12-15,0.69048064,55499970403.6160496105660977088,3185.07404383402
2018-12-16,0.69338644,55684747402.3057634004475793984,3195.41455523086
2018-12-17,0.75972613,60984890679.2186105729798268716,3499.15648188194
2018-12-18,0.79650093,63785762864.4199082910429012905,3659.52737931035
2018-12-19,0.80573894,64458441787.6828375927420838311,3697.72530333139
2018-12-20,0.88611656,70915331739.3538363292499523537,4067.73770777323
2018-12-21,0.8376707,66935811078.2099498601140653557,3839.08510841613
2018-12-22,0.86519497,69138915729.3505011298403875625,3964.94611630625
2018-12-23,0.86090691,68759096491.7920008556281838587,3942.66699590883
2018-12-24,0.88260111,70465033648.7617875142858253607,4040.04578959673
2018-12-25,0.82260882,65615679049.5547452768371697801,3761.58401081239
2018-12-26,0.83308567,66426839657.0542223761524658246,3807.65745353594
2018-12-27,0.78552581,62558281192.8898682298684286681,3585.46053594389
2018-12-28,0.85252346,67723844318.077258529402255775,3881.05488486265
2018-12-29,0.84031284,66719803689.5948120535549635628,3823.13832612507
2018-12-30,0.8415034,66767819607.356781797670893088,3825.4074628872
2018-12-31,0.81213582,64362719883.8075090124389729974,3687.19994009351
2019-01-01,0.8391035,66480521038.5799134434461056612,3808.11783167738
2019-01-02,0.85907301,68060451677.633745535180229328,3898.1974880187
2019-01-03,0.83487141,66080741974.7175718420650323556,3784.38863471654
2019-01-04,0.8447265,66841085193.63053449482203347,3827.52459438925
2019-01-05,0.83856669,66343950645.2552398892164873872,3798.61395499708
2019-01-06,0.89346662,70671645673.5018003510691639476,4045.99377498539
2019-01-07,0.8841578,69893107437.6766841150831554152,4001.01827819988
2019-01-08,0.88278743,69754882486.37995013163123108,3992.6227893045
2019-01-09,0.88542141,69966387406.0906506769834900731,4004.25903565167
2019-01-10,0.80976747,63397403557.8366262615236887886,3627.90345002922
2019-01-11,0.80976244,63338716516.6204679544137656341,3624.16142109877
2019-01-12,0.80855945,63220183068.5521964128637835741,3617.02207831677
2019-01-13,0.784834,61332359877.665187509135813687,3508.6701081239
2019-01-14,0.82050798,64105874435.5810718768305561405,3666.94519374635
2019-01-15,0.80090242,62614404280.6273616018261841946,3581.29301548802
2019-01-16,0.80691139,63069620481.6909896463713263939,3606.98657568673
2019-01-17,0.81482992,63654910176.6918498010165917768,3640.12913062536
2019-01-18,0.80838072,63124243900.5625716641309774109,3609.42673611923
2019-01-19,0.82616434,64492311837.1312231730904286872,3687.30196113384
2019-01-20,0.79319975,61893394902.5521270853674097449,3538.31372296903
2019-01-21,0.79297133,61852964024.41033920902690235,3535.623393045
2019-01-22,0.80398567,62588022843.1382097347661418152,3577.30834979544
2019-01-23,0.79874618,62149856463.4920962033398587926,3551.89382115722
2019-01-24,0.80256605,62431708688.3927691737003543808,3567.58893366452
2019-01-25,0.80172488,62328681312.4729519415513043264,3561.35049795441
2019-01-26,0.8011809,62259909455.5557671265419037696,3557.03991525424
2019-01-27,0.79718191,61925952432.7135410451373254144,3537.61413062536
2019-01-28,0.77522856,60136836871.7725315857339944256,3435.05251402689
2019-01-29,0.76708054,59456263677.0655341094706902528,3395.82376329632
2019-01-30,0.77747695,60198733501.0251744387496257056,3437.89586616014
2019-01-31,0.77173662,59719179106.5204934651573804112,3410.13161601403
2019-02-01,0.78014383,60337481687.7933436872854734656,3445.04989129164
2019-02-02,0.78422167,60639445325.1944171724146432064,3461.93511747516
2019-02-03,0.77343528,59788561219.227631916801871,3413.02161630625
2019-02-04,0.77384742,59766211643.2220456925207072816,3411.38796171829
2019-02-05,0.77765737,60036651913.4687769640901516736,3426.46501139684
2019-02-06,0.76510945,59010514041.8603398860968534992,3367.50636499123
2019-02-07,0.76378864,58866543276.5574182103261282448,3358.87359906487
2019-02-08,0.8216013,63318521615.3484503389336788216,3612.47961922852
2019-02-09,0.82367897,63479353867.5359377402141288104,3621.26812098188
2019-02-10,0.8284814,63849540740.750987439388591386,3642.0223591467
2019-02-11,0.81717159,62954869798.228266457993620174,3590.6184836353
2019-02-12,0.81707553,62912990081.1008306536546356164,3587.90246580947
2019-02-13,0.81622357,62712619511.9701038045044579658,3576.08537258913
2019-02-14,0.81324408,62470420539.833726726061879264,3561.91638340152
2019-02-15,0.81432592,62530283212.9632877257313785894,3565.00692372881
2019-02-16,0.81951471,62883052978.7409069122582349096,3584.73600263004
2019-02-17,0.82849268,63557220976.435877562261118086,3622.7574289889
2019-02-18,0.88420768,67834397006.0979913639682942372,3866.12921712449
2019-02-19,0.89133025,68356190719.6476349994872598186,3895.43521098773
2019-02-20,0.89885411,68997433564.0192446191153173824,3931.61382904734
2019-02-21,0.89047082,68312619006.287015904611585324,3892.26179427236
2019-02-22,0.90331002,69304143089.3207199664057392704,3948.30051052016
2019-02-23,0.94072884,72152438351.1962646799708840084,4110.15112127411
2019-02-24,0.8599356,65909970410.027916387435864138,3754.18378988895
2019-02-25,0.87606044,67107739353.2488209080980769778,3822.01869666861
2019-02-26,0.87035678,66661611759.6545904685571228912,3796.17506838106
2019-02-27,0.8713884,66724622413.066467841189382951,3799.3819924021
2019-02-28,0.87032071,66618735760.469952930267635007,3792.94772296902
2019-03-01,0.87459349,66937068309.4102391831061704816,3810.63269257744
2019-03-02,0.87461492,66925976280.7395838394648808138,3809.64339099942
2019-03-03,0.86848471,66453961889.5525641279689218548,3782.38187025132
2019-03-04,0.85007558,64980604713.9563811251450227536,3698.16185505552
2019-03-05,0.88264283,67482252731.446048726793458327,3840.1280490941
2019-03-06,0.88556451,67697013071.8337533348701008046,3851.99842548218
2019-03-07,0.88659022,67772832796.4894179162628707462,3855.92316832262
2019-03-08,0.88315552,67486497838.1096755045387327704,3839.23355289304
2019-03-09,0.89955742,68743532749.4193335794786100142,3910.36116656926
2019-03-10,0.89825462,68636793205.241997603246810603,3903.9119509059
2019-03-11,0.88665284,67723358556.2617715805984187333,3851.56892168323
2019-03-12,0.88880804,67859421694.2565633198889906346,3858.91482378726
2019-03-13,0.88736975,67743576013.38019743192247144,3851.95746639392
2019-03-14,0.88808394,67783152660.2225871538868676832,3853.78326504968
2019-03-15,0.89930632,68637177203.578746016525643359,3901.91420689655
2019-03-16,0.92006352,70191204954.5505918446627370392,3989.79607685564
2019-03-17,0.91484274,69799925361.8735193952525933882,3967.14349444769
2019-03-18,0.91560369,69848322303.8192418295493224932,3969.44014582116
2019-03-19,0.92168535,70327329421.2378851709302680027,3996.16790356517
2019-03-20,0.92967286,70942373769.1728893164032691395,4030.65527586207
2019-03-21,0.91748018,69992329935.5405673707446326213,3976.27385008767
2019-03-22,0.9194745,70134369289.9228548333530772252,3983.88764582116
2019-03-23,0.91913227,70104412361.2612412678762142061,3981.77603302163
2019-03-24,0.91670464,69916267990.345505725497808389,3970.6669880187
2019-03-25,0.90273487,68824251372.2099576136353533682,3908.23883869082
2019-03-26,0.90526912,68998541590.7156948783859581227,3917.76340210403
2019-03-27,0.93039612,70930025424.3538832571921631764,4027.00791788428
2019-03-28,0.92674903,70654287127.7362171925270155084,4010.93746201052
2019-03-29,0.94438915,72045026127.6744216165338650497,4089.46104003507
2019-03-30,0.944965,72094945657.3474703381805182565,4091.89103834015
2019-03-31,0.94641855,72144816858.7714185488649443403,4094.31781472823
2019-04-01,0.95655086,72928925679.5451215042524480285,4138.41780771479
2019-04-02,1.12892016,86425014362.7593650745177055993,4903.71946206897
2019-04-03,1.14051964,87429739701.3323748630578838339,4960.22760274693
2019-04-04,1.12838804,86575394892.7743734206035824633,4911.26970245471
2019-04-05,1.15614507,88735160417.7885955106264888125,5033.22548369375
2019-04-06,1.15841744,88940169566.4819670272203176455,5044.35684593805
2019-04-07,1.19121228,91501582075.6100499015138142843,5189.11195558153
2019-04-08,1.21179209,93174379314.253471890113193468,5283.42302483928
2019-04-09,1.19099798,91633783207.7218655725390433475,5195.57790882525
2019-04-10,1.21651316,93692375038.2239676718173678342,5311.74160327294
2019-04-11,1.15695368,89097245091.8547829690122426409,5050.66600859147
2019-04-12,1.16368455,89674788551.8847614055740697805,5082.86143202805
2019-04-13,1.16156591,89540963596.1776311880981753744,5074.79069257744
2019-04-14,1.18135304,90995893159.3786761725704029952,5156.80404061952
2019-04-15,1.15555322,88995066459.080975293776022732,5042.89773845704
2019-04-16,1.19224124,91882212812.3664419156674712802,5205.96295745178
2019-04-17,1.1961381,92251086788.7686827431003633332,5226.35221519579
2019-04-18,1.20765693,93181427266.9053676943793429,5278.5023395675
2019-04-19,1.20719787,93393585300.0212795924952634206,5289.95121911163
2019-04-20,1.21246475,93826393814.3732784485496004642,5313.97326212741
2019-04-21,1.20835451,93515072337.7418118070600700292,5295.73382817066
2019-04-22,1.22794551,95079212191.4359954774036943772,5383.79997533606
2019-04-23,1.2632969,97931659198.8865738478905367256,5544.86271186441
2019-04-24,1.238908,95948460473.542102347837634188,5431.94791963764
2019-04-25,1.17030753,90582999173.148232068161375683,5127.67316738749
2019-04-26,1.17673094,90990043973.0887350936804001872,5150.16466066628
2019-04-27,1.18413668,91557969329.1491481410875267676,5181.80776364699
2019-04-28,1.17650667,90982937914.7186233765550761668,5148.66961542957
2019-04-29,1.17708337,90995741358.4320606213064125484,5148.80049327878
2019-04-30,1.20333737,93087172974.794137248742505208,5266.61820251315
2019-05-01,1.21799733,93956778572.9971905886590187488,5315.17532904734
2019-05-02,1.23567987,95347182688.0216927243528484688,5393.12937638808
2019-05-03,1.2951638,100048291063.757148558271237972,5658.43038836938
2019-05-04,1.32099457,102113834632.845733785081463398,5774.71242869667
2019-05-05,1.30956777,101303278127.085775242129533848,5728.35170222092
2019-05-06,1.29939268,100665647010.0726036245086046244,5691.68837405026
2019-05-07,1.32870246,103045876595.7641873854910216,5825.744893045
2019-05-08,1.35126305,104933062109.929397230165100574,5931.8005949737
2019-05-09,1.39928506,108807007514.7336668393037792984,6150.14044476914
2019-05-10,1.44472955,112484857374.9059959565563307356,6357.46349357101
2019-05-11,1.6543368,129617193425.3250891641997139116,7325.08286031561
2019-05-12,1.56569495,122863288682.215542465335650445,6942.62317451783
2019-05-13,1.74753483,138033162705.4024757933645033336,7798.90573600234
2019-05-14,1.77133721,140820867693.55133845298657271,7955.5576823495
2019-05-15,1.81667469,145432203252.087067933404139188,8215.2068383986
2019-05-16,1.72799889,139195067372.1657833055614075356,7862.07160233782
2019-05-17,1.61073752,129734247988.1042103137710005312,7326.92068188194
2019-05-18,1.59950822,128881732029.3762422968499206932,7277.98756341321
2019-05-19,1.80201739,145575486043.3400022871271114148,8219.74278696669
2019-05-20,1.74723194,141365770225.3029586257106237112,7981.13937895967
2019-05-21,1.74497388,141428315610.964527877660286244,7983.80847738165
2019-05-22,1.67542929,135848233112.8089821989039648128,7667.90211484512
2019-05-23,1.72268374,139930988343.833541922675554942,7897.4712936879
2019-05-24,1.73899884,141534352370.6800176351372237504,7987.10036762127
2019-05-25,1.75307893,142868475004.5567874757363346944,8061.59176072472
2019-05-26,1.89396436,154759118458.6845668356834890752,8731.52495587376
2019-05-27,1.90714924,156288718134.0543080125823914414,8816.78670835769
2019-05-28,1.88105961,154575429830.096202277135768746,8719.12584833431
2019-05-29,1.84071984,153466072521.3933629893017530304,8655.48850613676
2019-05-30,1.75787076,146676472971.8471135194629951968,8271.62196317942
2019-05-31,1.81476063,151735657705.73097275304510656,8556.222185564
2019-06-01,1.81246057,151726713913.3333391075285150092,8554.80732963179
2019-06-02,1.8504971,155102798137.0000158480192262098,8744.35374547049
2019-06-03,1.72701182,144987698066.7267743137592493168,8173.40127054354
2019-06-04,1.62636908,135716749976.0527104413573576312,7649.93933196961
2019-06-05,1.65612566,138368734753.6056894211723120832,7798.54446639392
2019-06-06,1.651342,137996648982.4002212180383570052,7776.71332612507
2019-06-07,1.70183629,142399676820.0609899253296262,8023.950093045
2019-06-08,1.6835165,140918677619.8627164817746965284,7939.80515488019
2019-06-09,1.61842434,135506326143.5726741797943419852,7634.06575073057
2019-06-10,1.69111483,141898544054.9128764644144206348,7993.30253857393
2019-06-11,1.67511723,140655515443.2798467843403756704,7922.48362711864
2019-06-12,1.72008481,144650582356.8597857439194071416,8146.75612507306
2019-06-13,1.73649236,146193480447.3322807824524398916,8232.77734137931
2019-06-14,1.82901577,154473128274.7468938683488718056,8698.00481502046
2019-06-15,1.85878621,157199041113.7754150871928904708,8850.58481601403
2019-06-16,1.88896018,160214175079.2246050798499195756,9019.51700672121
2019-06-17,1.9511578,165932624581.0021419748251661164,9340.57218877849
2019-06-18,1.88755922,160738189334.1466520353931537366,9047.13274447691
2019-06-19,1.93150882,164985850921.2929379953640008856,9285.05567656341
2019-06-20,1.98086596,169652535888.8181525302403943008,9546.71977819988
2019-06-21,2.08422475,179208052894.242544019293314992,10083.4863136762
2019-06-22,2.19688103,189922492509.647600231179815248,10685.2952327878
2019-06-23,2.2136737,191886656298.959561062077572184,10794.4276963764
2019-06-24,2.24706654,195640133811.351516912351951486,11004.2069094681
2019-06-25,2.37982686,208498744036.433431542528067842,11726.2638308007
2019-06-26,2.57176389,228745194861.05645052883266177,12863.4606849795
2019-06-27,2.21524309,197580309100.857802022156037414,11109.7978418469
2019-06-28,2.44168454,219807626215.012778509114335096,12358.2079582116
2019-06-29,2.35329242,212472603036.356174644744620242,11944.3515473407
2019-06-30,2.13021037,192894947241.469401865996498292,10842.6167109877
2019-07-01,2.07558255,188055893488.625895230100385326,10569.5517282291
2019-07-02,2.11000412,191573891684.421972468154769796,10766.0833162186
2019-07-03,2.33157806,212702475873.982307847860264636,11952.0248935126
2019-07-04,2.17425127,198933374582.882120338084823742,11177.0103787551
2019-07-05,2.13840364,195780355764.330089354965496784,10998.3991004676
2019-07-06,2.17712562,199540374640.74243202094948184,11208.225600526
2019-07-07,2.22256119,203976688321.280599328225741004,11456.1836039158
2019-07-08,2.37905472,219377585918.448644418912331368,12319.6228758036
2019-07-09,2.41917807,224022488886.53968679023902872,12579.107616014
2019-07-10,2.31328701,215630337157.472005833230438134,12106.7829313267
2019-07-11,2.15704038,201184389109.26906074824350196,11294.678028346
2019-07-12,2.24857787,210446887987.891956917768976948,11813.3237158971
2019-07-13,2.15890911,202156723717.65469834025199956,11346.837148159
2019-07-14,1.95875859,183223251318.830273218624293328,10283.0757891292
2019-07-15,2.07837284,194705554172.640805224850049108,10926.3802741087
2019-07-16,1.80452153,168792705558.271655898486450813,9471.14086475745
2019-07-17,1.84011447,172439830467.3199804893869068416,9674.88246113384
2019-07-18,2.02312657,190368702559.675340552367539712,10679.8906896552
2019-07-19,1.9920017,187751704487.2281826593308261,10532.2027291058
2019-07-20,2.0519756,193666411427.28402141383177088,10862.6485479252
2019-07-21,1.99813946,188819945031.77559166373956864,10589.7064907656
2019-07-22,1.94697902,184005658485.48171096650601056,10318.5609251899
2019-07-23,1.86302934,175964578119.5781728120892217332,9866.64894038574
2019-07-24,1.84274782,174664328143.399862775160235853,9792.78753652835
2019-07-25,1.86177246,176544952190.2055085402752955288,9897.18678603156
2019-07-26,1.84937883,175486349266.789795280694214005,9836.69678813559
2019-07-27,1.7764295,168546269397.1949280620080472988,9446.67205207481
2019-07-28,1.79184692,170050073655.0765122729533048392,9529.78879193454
2019-07-29,1.75506806,169612691475.5826271174605704288,9504.15891595558
2019-07-30,1.76975529,171145748173.1608409530891702832,9589.10920601987
2019-07-31,1.85482085,179553898940.370627615716473392,10059.0040189947
2019-08-01,1.91516898,185664640930.413122285237838336,10400.3070143776
2019-08-02,1.93668955,187996689088.016484952077715936,10529.6944544126
2019-08-03,1.98633631,193032157623.26468739737444952,10810.4216686148
2019-08-04,2.0166431,196199326743.02443557107233292,10986.5089291058
2019-08-05,2.15209305,210569737010.31191538801219496,11790.0239375804
2019-08-06,2.07763358,204046558538.073815649052807626,11423.4970017534
2019-08-07,2.16935722,213782385228.515811077625772773,11967.2735473407
2019-08-08,2.15713659,213284826434.711008805925035212,11938.2346108708
2019-08-09,2.13982687,211879263223.908325453014447516,11858.3410984804
2019-08-10,2.03923311,201991078712.939531856457127944,11303.7305618936
2019-08-11,2.07768124,206059922092.75043098505254576,11530.195242256
2019-08-12,2.04944243,203478588609.637626914426796735,11384.6962465809
2019-08-13,1.95417056,194248112858.1886020191767935,10867.05475827
2019-08-14,1.8019476,179204378646.90860137812242024,10024.3795917008
2019-08-15,1.85280853,184332141843.517208307434076945,10310.0858696669
2019-08-16,1.86332594,185481788307.19919661886007787,10373.3219028054
2019-08-17,1.83353888,182526956765.83365846954336403,10207.1555616598
2019-08-18,1.85527013,184763389454.27632965042266339,10331.3099760374
2019-08-19,1.95283046,194681043998.758470694788031365,10884.6297744009
2019-08-20,1.92992501,192676295263.20172971252212268,10771.3923793688
2019-08-21,1.80967076,180627040560.038000014304702645,10096.8302238457
2019-08-22,1.81392145,181054264797.708308628675347027,10119.7145248393
2019-08-23,1.85888092,186341894023.237584255908233649,10414.1441725891
2019-08-24,1.81099778,181583695633.265729615758409078,10147.0871548802
2019-08-25,1.8021966,180767017751.046404074443407128,10100.3567783752
2019-08-26,1.8474094,185478932955.073218470615712267,10362.6434723553
2019-08-27,1.81156248,182016172175.13651034407511106,10168.221571654
2019-08-28,1.73309226,174097062903.8222142822085360761,9724.79997808299
2019-08-29,1.69107373,169775503540.7651346378183259048,9482.31173495032
2019-08-30,1.70811556,171502153433.9335727916275905017,9577.67882349503
2019-08-31,1.71310224,172011746947.5962965413236844475,9605.02446142607
2019-09-01,1.7403943,174857169693.8096219291257375875,9762.93655689655
2019-09-02,1.84745992,185880621503.5058725615944522,10377.3383845704
2019-09-03,1.88765943,190227159592.648578353468516625,10618.7815058445
2019-09-04,1.87870879,189500976756.556516591809310225,10577.2410839275
2019-09-05,1.8773914,189575535962.122140613914455255,10580.1846995909
2019-09-06,1.81873604,185128360457.92684901493712511,10330.8497312098
2019-09-07,1.84632204,188080767892.951993714496195696,10494.5069649328
2019-09-08,1.83013043,186540270101.033719717563275681,10407.2656573933
2019-09-09,1.81652807,185218386705.913612393287637341,10332.4644424313
2019-09-10,1.77328813,180822381553.507686058348020081,10085.9519243133
2019-09-11,1.77786135,181853200818.792680363393893737,10142.1480603741
2019-09-12,1.82231036,186557392548.066551036505559561,10403.3599707773
2019-09-13,1.81108514,185536329258.676652350688769012,10345.3387469316
2019-09-14,1.813611,185881272898.923461694678080703,10363.4528963179
2019-09-15,1.80307986,184872765327.686928324672063663,10306.1696674459
2019-09-16,1.79436332,184026415588.66184880928209451,10257.822761543
2019-09-17,1.78283665,182929195196.496732495250435942,10195.6111811806
2019-09-18,1.77473473,182336024903.432476616204179868,10161.3188664524
2019-09-19,1.79282081,184276366928.335612208341622594,10268.3926291642
2019-09-20,1.77523927,182532056233.318136275530280685,10170.1251161309
2019-09-21,1.74318445,179255413645.737849906748488135,9986.4061081239
2019-09-22,1.7535283,180364159936.057203362804618525,10047.0134748685
2019-09-23,1.69241697,174018067346.8272269655980473335,9692.74104792519
2019-09-24,1.5076985,154661954271.2480159046849164945,8613.67124850965
2019-09-25,1.47778949,151275587933.5910648446209056253,8424.15764640561
2019-09-26,1.42454001,145322739599.2204639667467491367,8091.69529924021
2019-09-27,1.44132571,147043914260.4340364623734833656,8186.77963927528
2019-09-28,1.44491153,147333213816.3458023203951746961,8201.97901344243
2019-09-29,1.42120643,144877514939.0163058128255784413,8064.50806236119
2019-09-30,1.45994759,148804744751.313117438121599708,8282.3654541204
2019-10-01,1.46687818,149397874177.0148043835827387771,8314.55139012273
2019-10-02,1.47560342,150275449305.6610098625514165556,8362.53073232028
2019-10-03,1.45721375,148346417594.8999821909704470026,8254.33991028638
2019-10-04,1.44209083,146768142907.4150516317989752298,8165.68615125658
2019-10-05,1.43793767,146351909719.4592329936460753385,8141.63371379311
2019-10-06,1.38789488,141207071248.8646554355820529545,7854.60981297487
2019-10-07,1.45350223,147900136388.732000769492916392,8226.02342928112
2019-10-08,1.44711351,147271106418.690866457662025831,8190.1151207481
2019-10-09,1.5187746,154626316412.426999371130025831,8598.3319207481
2019-10-10,1.51523934,154279677488.7219175129408592934,8578.09037931034
2019-10-11,1.4650268,149111820478.6240354744025651085,8289.85402893045
2019-10-12,1.47085893,149735357197.118231090857786286,8323.7501440678
2019-10-13,1.46532541,149165443074.7483746744451819467,8291.25065143191
2019-10-14,1.46837588,150171135374.6008883192011608989,8346.36843658679
2019-10-15,1.43701211,146846350584.017573407772025172,8160.71262752776
2019-10-16,1.41022441,144038130124.3957197950135810184,8003.85592314436
2019-10-17,1.42275851,145288400109.1214088896490276288,8072.48938229106
2019-10-18,1.40337963,143267715788.6464220376444076902,7959.33199357101
2019-10-19,1.40147566,143086440876.4854173470957849269,7948.47733722969
2019-10-20,1.4480022,147876063651.31284481053306456,8213.70903927528
2019-10-21,1.44819078,147855396336.0314293849322094732,8211.65455873758
2019-10-22,1.41660892,144587259213.9694832333460551408,8029.20537288136
2019-10-23,1.31849373,134317490459.4315355730982952542,7458.03585680889
2019-10-24,1.32043974,134263882621.1246409427890692164,7454.37113816482
2019-10-25,1.53033296,155933669952.4719833622243575874,8656.65517755699
2019-10-26,1.63052996,166631506034.1533605724034129426,9249.64676095851
2019-10-27,1.68313273,172203011254.276438469492487481,9558.15604400935
2019-10-28,1.63844571,167913113181.6503385238051932966,9319.17814167154
2019-10-29,1.65571824,169947332705.5965269503965833745,9431.20712390415
2019-10-30,1.61181743,165487489406.2506852100342072749,9182.85506516657
2019-10-31,1.60646394,165005606900.3669672697108195915,9155.27729877265
2019-11-01,1.62077063,166752723154.5037564074537476332,9251.38129345412
2019-11-02,1.62876338,167648074937.7477830100351942912,9300.19083752192
2019-11-03,1.61294847,166031641060.6779694298002274976,9209.63869608416
2019-11-04,1.64848919,169810017601.1923965127577069505,9418.36013062537
2019-11-05,1.63757092,168247901531.6903291031967117278,9330.78722296902
2019-11-06,1.64148312,168698728156.0519430291447518178,9354.93338229106
2019-11-07,1.61571232,166114161586.6730507070003215519,9210.74822238457
2019-11-08,1.54350145,158564167664.9426615069056746072,8791.33393495032
2019-11-09,1.54712396,158930846702.9261045183674876968,8810.78456195208
2019-11-10,1.58742033,163136392079.5165113416661709101,9042.89072320281
2019-11-11,1.52978275,157205264288.9350158964133811125,8713.20792957335
2019-11-12,1.5426696,158586794627.1568436534423993686,8788.95814295734
2019-11-13,1.5361222,158200496544.8643699077924564384,8766.72943050848
2019-11-14,1.51523438,156029949234.4839316646514972357,8645.43580362361
2019-11-15,1.48420069,152806067826.9544480257732789261,8465.87788854471
2019-11-16,1.48640991,153034960323.9181751027714681604,8477.69024284044
2019-11-17,1.4912036,153547224951.4072623826046627375,8505.16122326125
2019-11-18,1.43585132,147755065062.985629222005617716,8183.53341350088
2019-11-19,1.42462588,146565470021.2803661004105125287,8116.82067258913
2019-11-20,1.41836156,145852722323.8095401138994930618,8076.55466008182
2019-11-21,1.33896278,137481479122.467445623947093511,7612.2774880187
2019-11-22,1.28344958,131447679172.1834235646643109321,7277.52427323203
2019-11-23,1.29339001,132318073497.7899834780192574192,7324.83617855056
2019-11-24,1.22636138,125438714449.2562118699023965063,6943.38065604909
2019-11-25,1.26222308,128984724285.6019012489007918784,7139.04468597312
2019-11-26,1.26841696,129472508033.3164974181327410983,7165.43773027469
2019-11-27,1.33297166,136016204690.156663805327825486,7526.86381654004
2019-11-28,1.31736129,134395456014.396287606936177154,7436.3363817066
2019-11-29,1.37249236,140036528598.1324652336117756154,7747.73804208066
2019-11-30,1.33947241,136586360852.2176636827821926756,7556.19372121567
2019-12-01,1.31531292,134096317371.9391280975164047316,7417.72720601987
2019-12-02,1.29871273,132312381312.9350780077351881464,7318.31252180012
2019-12-03,1.29767248,132112273441.057782570463802897,7306.44623331385
2019-12-04,1.28246605,130474208009.9158818725708750184,7215.02034482759
2019-12-05,1.31656246,133906647429.96992235328067511,7404.0867949737
2019-12-06,1.34019312,136273617300.681720576519587848,7534.2083559322
2019-12-07,1.33632666,135887592947.5668271401369925936,7512.06140263004
2019-12-08,1.33937263,136206847609.7650579520539225072,7528.94026943308
2019-12-09,1.30638835,132806403797.400114087199800285,7340.22745908825
2019-12-10,1.28784015,130863289278.4673358710033251404,7232.09178375219
2019-12-11,1.28292787,130302879541.049564413298609693,7200.46444599649
2019-12-12,1.28218893,130177025517.0180432263580957568,7192.84902425482
2019-12-13,1.29164777,131132882825.6256715041360987128,7244.90372004676
2019-12-14,1.26106197,128000507531.3139801679391104746,7071.10709029807
2019-12-15,1.26826677,128738856951.9468818183372940502,7111.28666995909
2019-12-16,1.22841184,124608648045.6669935322146722284,6882.39579532437
2019-12-17,1.18120445,119669663001.916329846865148811,6608.96197983635
2019-12-18,1.30300236,131916225311.62929256797066252,7284.6254836353
2019-12-19,1.27839546,129422936633.5410118304909683014,7146.16763763881
2019-12-20,1.28507153,130126090249.6458239052544313376,7184.21917206312
2019-12-21,1.27731542,129346265139.518515246263103526,7140.29801127995
2019-12-22,1.33772206,135504930440.2474051545144872976,7479.40240789012
2019-12-23,1.30974111,132661793688.078014085568605314,7321.7487238457
2019-12-24,1.29430833,131112709026.9189467334094937984,7235.62908381064
2019-12-25,1.28852354,130318672681.6093736472321553248,7191.17416569258
2019-12-26,1.28945009,130396495065.2011486334016786976,7194.63975832846
2019-12-27,1.29743017,131180081114.360369760575016519,7237.15044728229
2019-12-28,1.30991222,132453312459.403693073094865164,7306.64330829924
2019-12-29,1.32663778,134007321546.4902612459409301,7391.578521391
2019-12-30,1.29751611,131082017205.220595088319256956,7229.3971006429
2019-12-31,1.28681852,129970799112.1824561088895462538,7167.39505464641
2020-01-01,1.28743526,130045090385.5206631467723324324,7170.63186879018
2020-01-02,1.24755453,125998424153.414424305007492312,6946.82526914085
2020-01-03,1.31328518,132697278148.877248513691426456,7315.3093603156
2020-01-04,1.31850725,133217976217.072860730231639455,7343.16419438925
2020-01-05,1.31891454,133275875181.570043372314882439,7345.53069181765
2020-01-06,1.39343235,140914223163.34763037162555478,7765.7977346581
2020-01-07,1.45871525,147651200706.5870803951379659688,8136.08684190532
2020-01-08,1.44434936,146279253219.0685602251837658634,8059.69952887201
2020-01-09,1.40023893,141892197199.8546020994013437228,7817.13609322034
2020-01-10,1.45520178,147582961219.6085781070288909452,8129.81791992987
2020-01-11,1.43755242,145823708888.979044737925701014,8032.00549503215
2020-01-12,1.46084233,148245508556.6381591808950921044,8164.54999316189
2020-01-13,1.45276596,147486087356.7532207200900140892,8121.92566762127
2020-01-14,1.57463765,160363065666.570366681246938865,8830.16787346581
2020-01-15,1.56868373,160039732750.469976162620118377,8811.44820251315
2020-01-16,1.55078627,158372266764.6233926430916795432,8718.68699801286
2020-01-17,1.58368313,161911295166.5579874162947470292,8912.54190414962
2020-01-18,1.58583813,162210132689.592508897789518966,8928.1807565751
2020-01-19,1.54314165,157851016737.1088232908679264184,8687.35483664524
2020-01-20,1.53413892,156938999926.55889665871179748,8636.2587862069
2020-01-21,1.5503965,158674938268.758715289061402732,8730.86756019871
2020-01-22,1.53544323,157183956412.8165280123248226068,8647.90047399182
2020-01-23,1.48547764,152083761530.0343781179372763656,8366.38461396844
2020-01-24,1.49494018,153136024721.9235831034115204164,8423.39095815313
2020-01-25,1.4807681,151723896967.7876734464443345056,8344.77456896552
2020-01-26,1.52095733,155904701538.4812894302974641312,8573.87480958504
2020-01-27,1.5779271,161884843101.657659411929975242,8901.95928486265
2020-01-28,1.64585254,169092343462.29311239502889941,9297.3883176505
2020-01-29,1.64528656,169375757160.8007379371778253478,9311.94754354179
2020-01-30,1.67702648,172977064840.9766048406163649344,9508.92096493279
2020-01-31,1.64732688,170235489635.295466911253380512,9357.28478240795
2020-02-01,1.650978,170700764231.181201706936205418,9381.88602863822
2020-02-02,1.64356756,169944201721.525141606813545062,9339.38706312098
2020-02-03,1.6319591,168877320922.922723420249134008,9279.81252051432
2020-02-04,1.61069803,166741659168.927222203088129767,9161.62719772063
2020-02-05,1.69086813,175251271661.809670341193780563,9628.13677586207
2020-02-06,1.70571675,177290742754.48120534793940191,9739.2804364699
2020-02-07,1.7097118,178418176338.2741304495648825474,9800.27939982466
2020-02-08,1.72664271,180456453565.4794559705636076557,9911.29340841613
2020-02-09,1.76640757,184841757420.967946629123477765,10151.0832026885
2020-02-10,1.71346985,179781557317.7013181070864153541,9872.36187305669
2020-02-11,1.7792319,187082260809.493091269898025682,10272.2225558738
2020-02-12,1.79208365,188701754427.225295471662216434,10360.1352229106
2020-02-13,1.76851563,186449612688.874865313673394376,10235.4973226184
2020-02-14,1.7883096,188764467553.960068941467513268,10361.6156901812
2020-02-15,1.71075719,180586089679.5512105343831490575,9911.72432700175
2020-02-16,1.71695434,181338404100.2771523676442370402,9952.04661157218
2020-02-17,1.67061779,176456501278.737389161831406759,9683.0796277031
2020-02-18,1.75425426,185809970500.276900158634335326,10195.3037904734
2020-02-19,1.65794069,175633653604.3667579091824732264,9636.00229865576
2020-02-20,1.65435215,175248312859.8305383405714284878,9614.03012244302
2020-02-21,1.66881312,176866847060.1425353896772656561,9701.79750268849
2020-02-22,1.66379813,176400759691.9530577854957466212,9675.24905756868
2020-02-23,1.71384131,181844233521.0456105476170570119,9972.84242308591
2020-02-24,1.65765413,175938223869.0697380832833021561,9648.00788310929
2020-02-25,1.60369037,170416481768.1571239190088579313,9344.28714009351
2020-02-26,1.51151916,160484737731.9496470424102420767,8798.88894856809
2020-02-27,1.50901158,160138648318.0940650094964775022,8779.02948188194
2020-02-28,1.50435395,159637227806.1161779251655587687,8750.59344599649
2020-02-29,1.47581569,156578133370.523179621628884258,8582.09029964933
2020-03-01,1.46928146,155861469107.4843258590584615603,8541.77389392169
2020-03-02,1.53109223,162527997441.3909649657450578931,8906.21475645821
2020-03-03,1.50704354,160037302982.889476063166813303,8768.81061420222
2020-03-04,1.50859699,159828523652.1694686107013657819,8756.36957218001
2020-03-05,1.56090164,165436849061.7272478016280686189,9062.61580274693
2020-03-06,1.57478419,166996546604.0724857655612721872,9147.08505897136
2020-03-07,1.53210003,162472116275.4523478898918772988,8898.30695675044
2020-03-08,1.39731984,148087581459.6874784244496322031,8109.61454114553
2020-03-09,1.36296685,144208663316.8568152274806434702,7896.38531987142
2020-03-10,1.3667676,144469037207.9866817938013443395,7909.92787545295
2020-03-11,1.37532279,145018062262.1185462973679816319,7939.34133477499
2020-03-12,0.87746909,90594963612.1410257615783149836,4959.31341437756
2020-03-13,1.00230839,102813464913.3321137107245603778,5627.69238836938
2020-03-14,0.91943052,94006442635.7461698727940016595,5145.17250642899
2020-03-15,0.9586443,97914100475.669495419736153778,5358.61066335476
2020-03-16,0.9005596,91605131343.438584894103717926,5012.92738778492
2020-03-17,0.97465625,98992911188.380434085915581845,5416.7547106955
2020-03-18,0.97098752,98556166961.5371677083874841651,5392.48783594389
2020-03-19,1.11612479,113387926283.638926670836765955,6203.5516320865
2020-03-20,1.11275432,112858928752.3330563691649308917,6174.14947603741
2020-03-21,1.11317824,112899238722.3712544534540411684,6175.83102220924
2020-03-22,1.05120625,106596676162.6199836815018057687,5830.56097960257
2020-03-23,1.16908967,118596229879.9552150167255298599,6486.40865733489
2020-03-24,1.21902362,123885010000.7307551171683857339,6775.05761893629
2020-03-25,1.20405859,122336819602.8687459591104227818,6689.96901285798
2020-03-26,1.21539093,123529655865.112577234980783377,6754.46033606078
2020-03-27,1.168733,118720168235.1358203385382261774,6490.79541502046
2020-03-28,1.12273873,113993881635.1035657020111497747,6231.81989023963
2020-03-29,1.06488351,108024157456.3316817538233733815,5904.85758679135
2020-03-30,1.16111925,117769335877.1636490558174653682,6436.90570017534
2020-03-31,1.16086021,117699377550.735958169330194677,6432.3832421391
2020-04-01,1.20232747,121567948718.7866365200371092092,6643.11000870836
2020-04-02,1.2293196,124319187619.5612220315012923378,6792.74222209234
2020-04-03,1.22207588,123582890115.2634587681838618318,6751.90255178258
2020-04-04,1.24154011,125574707299.7608798914367861359,6859.98916867329
2020-04-05,1.22896481,124323256506.5398740625975259818,6790.81247264758
2020-04-06,1.31870276,133623484237.360513874382254665,7298.17374517826
2020-04-07,1.29919781,131613942980.8883743297798361236,7187.59333664524
2020-04-08,1.33180003,135007499015.4843928139437381838,7372.19476399766
2020-04-09,1.3184332,133691736771.8357196657088799433,7299.57918790181
2020-04-10,1.24393645,125651576499.1471910809375810573,6859.82267475161
2020-04-11,1.24828502,126093134474.8579738366572133131,6883.18222895967
2020-04-12,1.26554137,127855655280.2023663365418973493,6978.66628661601
2020-04-13,1.24500204,125761756556.4857609256777013328,6863.57553319696
2020-04-14,1.24727346,125995393496.6152277909350517804,6875.53850344828
2020-04-15,1.20252464,121426948476.3613133895366817564,6625.47577510228
2020-04-16,1.29329091,130646764661.2940610627145959595,7127.79228223261
2020-04-17,1.28483033,129807584723.9176323930180723315,7081.39519842197
2020-04-18,1.31739282,133147082134.6483714782750083585,7262.79234360023
2020-04-19,1.29699559,131097348953.04719166666598426,7150.2442154588
2020-04-20,1.24397211,125666280331.4737096570389433965,6853.27341478667
2020-04-21,1.2473842,125993555759.756115359777334652,6870.42369865576
2020-04-22,1.29301523,130649148893.3350764237999670365,7123.65691992987
2020-04-23,1.35798226,137355657612.580649013386089567,7488.60516528346
2020-04-24,1.3603772,137696355773.9133537577963981305,7506.44331648159
2020-04-25,1.36573263,138283235766.525472118610360246,7537.73820911748
2020-04-26,1.39182404,140980890871.959953292202873019,7684.06852168322
2020-04-27,1.40592618,142708646056.542143720334093499,7777.49151858562
2020-04-28,1.40416612,142584301338.0665139264180723315,7769.89969842197
2020-04-29,1.57124906,160803082691.9365400759833479315,8761.83716954997
2020-04-30,1.54783671,158809421388.64795414529442914,8652.4109912332
2020-05-01,1.58149669,162553244139.453227958506632879,8855.53525827002
2020-05-02,1.60183196,164804644177.0962283932388695815,8977.28170537697
2020-05-03,1.58639791,163345766860.56670378181853347,8896.7956383986
2020-05-04,1.58241067,163090820830.5718905574304545785,8881.95430450029
2020-05-05,1.59959352,165016848605.142116849803048215,8985.8795993571
2020-05-06,1.64574813,170193754397.317370858829336555,9266.8130730567
2020-05-07,1.76246608,183563057935.821470147642567406,9993.75317685564
2020-05-08,1.73504927,181110769243.215138081652790547,9859.32360461718
2020-05-09,1.68527866,175947135264.4346154391842991405,9577.33892238457
2020-05-10,1.53444392,160124072157.514017271934478761,8715.03329322034
2020-05-11,1.51427708,157872468635.626332374103399106,8591.65288433665
2020-05-12,1.55398556,162025896130.157584244592817326,8817.25068112215
2020-05-13,1.64026769,171326433776.8250374252507149676,9322.99720204559
2020-05-14,1.72149026,180122509712.8674078063469180108,9801.26948772647
2020-05-15,1.63770129,171411642923.9241529908850947888,9326.87585891292
2020-05-16,1.64923495,172679781082.16857709661096938,9395.4753893045
2020-05-17,1.69855053,177961786342.589850905332004184,9682.5324811806
2020-05-18,1.7030904,178784109758.025250325457764454,9726.85002209235
2020-05-19,1.70545218,179293853008.8648160139723028528,9754.20146201052
2020-05-20,1.66337697,174916798054.94452485279757132,9515.702550263
2020-05-21,1.58611169,166709322797.2721944831661874426,9068.80122933957
2020-05-22,1.60231403,168425526445.2076435019424665001,9161.81503389831
2020-05-23,1.60568496,168833981124.7175158639381515125,9183.66212507305
2020-05-24,1.54008682,161901602383.70031566897055329,8806.23065715956
2020-05-25,1.55903037,163801506583.1173005905507043675,8909.19258153127
2020-05-26,1.54624899,162446796724.5670042119619068025,8835.13725336061
2020-05-27,1.60359036,168594311360.4418852411777797795,9169.05743921683
2020-05-28,1.67222784,175942441112.0105184881454262152,9568.26185300994
2020-05-29,1.64770853,173451927876.1158414483475142792,9432.41333343074
2020-05-30,1.69215433,178229021212.6991439241537898725,9691.68049117475
2020-05-31,1.64704955,173498114784.0878698211323165189,9433.94384663939
2020-06-01,1.77456298,187579162621.120194625030872833,10199.1350542373
2020-06-02,1.65555855,174955641656.2030570297238918423,9512.34653302163
2020-06-03,1.67699652,177353695666.6833650718649961088,9642.27340035067
2020-06-04,1.70498933,180509824980.4644042057608162918,9813.36067913501
2020-06-05,1.67491159,177366559896.120063982754430882,9641.8916225599
2020-06-06,1.67895972,177871013185.5300461845339930618,9668.67053857393
2020-06-07,1.69210512,179332370530.2646891389864765232,9747.58011104617
2020-06-08,1.6929366,179742635817.0347882377100017296,9769.34236148451
2020-06-09,1.69357425,179937869950.949232407588847816,9779.42216566335
2020-06-10,1.71128591,181953971577.1867117752672677656,9888.44417469316
2020-06-11,1.60651966,170722019602.6722012156248649684,9277.45116931619
2020-06-12,1.63695561,174020249655.499893519612717981,9456.16153331385
2020-06-13,1.63756141,174124777106.1534317522128043856,9461.33379865576
2020-06-14,1.61687359,171956092423.66222767849739706,9342.955635301
2020-06-15,1.63326898,173775784553.950145444182767847,9441.38321127995
2020-06-16,1.64602728,175233403355.5358139469638194916,9520.09194827586
2020-06-17,1.63347313,173927344699.7409837394461700398,9448.69356060783
2020-06-18,1.61930293,172853988352.5289294938824633152,9389.99076639392
2020-06-19,1.601515,170947837087.2992191342009388776,9285.99158293396
2020-06-20,1.61343538,172268442692.2297446807086302932,9357.29246446522
2020-06-21,1.6005863,170941759573.1369831874347330312,9284.76937182934
2020-06-22,1.66795041,178312062949.3344724601159442368,9684.62018474576
2020-06-23,1.65453862,176979435527.3182609404982193952,9611.72599824664
2020-06-24,1.60043802,171117809729.4180275484453943972,9292.94354354179
2020-06-25,1.59283584,170282202496.1800410176018298348,9247.12143249561
2020-06-26,1.57369557,168676929867.5158861776455531856,9159.43777206312
2020-06-27,1.5467905,165788426484.1072845948499970634,9002.16561718293
2020-06-28,1.56486434,167747274213.1566193666010434326,9108.06567457627
2020-06-29,1.57752462,169158669350.1117722368308335511,9184.24736627703
2020-06-30,1.56990039,168425183323.9692433967893910163,9143.96758530099
2020-07-01,1.5861884,170228061576.5769387013933956087,9241.33961239041
2020-07-02,1.56106575,167530480365.4885266651776773395,9094.38728679135
2020-07-03,1.5561961,167029509726.4202467789161714309,9066.69069661017
2020-07-04,1.56620843,168135124719.2667294586244451451,9126.21955493863
2020-07-05,1.55815127,167285746564.34164560515500983,9079.61401808884
2020-07-06,1.60183713,172072688838.1915227614397610625,9338.94259117475
2020-07-07,1.58667765,170482981402.3037011395462783549,9252.15873261251
2020-07-08,1.61561301,173853010956.3395088584484134979,9434.56795645821
2020-07-09,1.58050888,170120535332.4796247170586241993,9231.50234751607
2020-07-10,1.58940706,171119820222.7930763253546930643,9285.22101542957
2020-07-11,1.58104284,170243300036.2175734870076109765,9237.17100818235
2020-07-12,1.58969582,171209151295.9877515985433386992,9289.09797691408
2020-07-13,1.58057885,170250451857.3444684651323599909,9236.62250116891
2020-07-14,1.58381858,170696262854.649947408083842362,9260.3569868498
2020-07-15,1.57234112,169531276215.8341717232548941872,9196.72555897136
2020-07-16,1.56130786,168356814754.7793773518310712186,9132.59231209818
2020-07-17,1.56536628,168803722440.9125104320626570937,9156.46870976037
2020-07-18,1.56854068,169169500525.0169199058550606785,9175.90530859147
2020-07-19,1.57544863,169968646771.3954294904271435045,9218.84231081239
2020-07-20,1.56656719,169024417398.2053133343285561045,9167.19056750439
2020-07-21,1.6036542,173113620548.5535752658376464248,9388.57434979544
2020-07-22,1.62670582,175753097015.69102217308451471,9531.2574301578
2020-07-23,1.6387837,177197885133.9780501940175532837,9609.16671537113
2020-07-24,1.62771038,176081404997.345388603445034778,9548.1007270602
2020-07-25,1.6530963,178936500441.5233335183967728349,9702.45279047341
2020-07-26,1.69125357,183214872171.0232394028815774681,9933.90655423729
2020-07-27,1.87222939,203745302795.425003990596269061,11046.5083295149
2020-07-28,1.84950049,201875831190.268509177094572468,10944.6129789012
2020-07-29,1.87484925,205043166412.049884331332434396,11115.7712819988
2020-07-30,1.87475515,205414465076.514773302816901945,11135.3907261835
2020-07-31,1.90517626,209166479251.117786072849887183,11338.1973407949
2020-08-01,1.97908671,217651287744.117511863709164714,11797.5821265342
2020-08-02,1.8599879,204681196754.412141733465728375,11094.0206841321
2020-08-03,1.87772343,207313812355.998949420517392149,11236.0956805377
2020-08-04,1.87038652,206706903819.03015679372113369,11202.651909059
2020-08-05,1.95126913,216288798767.411231280778827996,11721.4384715956
2020-08-06,1.95155359,217183602498.037270872340561749,11769.3091081239
2020-08-07,1.91764781,214051270852.34105006165790571,11598.9690585038
2020-08-08,1.93742923,216719847497.15438043729335796,11743.0086350088
2020-08-09,1.92470744,215577945675.764890684275442545,11680.5173661601
2020-08-10,1.95320633,219092059149.646830551435763315,11870.3695447107
2020-08-11,1.87194792,210285619725.44521976353979151,11392.6440884278
2020-08-12,1.89982911,213672365984.70562933382018282,11575.5124736996
2020-08-13,1.92924287,217336876532.05075837322396208,11773.4481155465
2020-08-14,1.9265623,217366890107.603019162353436615,11774.4082518995
2020-08-15,1.93989709,219086138168.210625608029406484,11866.9103613092
2020-08-16,1.94366153,219701746156.350811300147016488,11899.6427535944
2020-08-17,2.00437877,227394137696.725204417104324613,12315.7624166569
2020-08-18,1.95013602,221439640459.058940335694313815,11992.6959962595
2020-08-19,1.90751141,216725667041.470364384178939237,11736.8490645237
2020-08-20,1.92666487,219149394201.682140488390225595,11867.5203439509
2020-08-21,1.86965642,212829910158.464508207497687675,11524.6989491525
2020-08-22,1.89433444,215750103401.777595979239808962,11682.2891503799
2020-08-23,1.89095764,215453504048.670466523266801434,11665.6092735243
2020-08-24,1.90603293,217418476236.22742016676823526,11771.4080537405
2020-08-25,1.83853818,209800287564.57504867551737206,11358.4543202805
2020-08-26,1.8556766,211908661338.800828949980852628,11472.0491204559
2020-08-27,1.82960462,209010787351.937026262786219112,11314.6737410286
2020-08-28,1.86186629,212961048996.425346703495968812,11527.8830322326
2020-08-29,1.85563351,212285783092.424117207995502838,11490.7623477499
2020-08-30,1.88762446,216141703644.113847567679864384,11698.9758329632
2020-08-31,1.88187726,215771551563.058043405424901538,11678.3482268849
2020-09-01,1.92471346,221178432036.76084502752130892,11970.364856166
2020-09-02,1.83478767,210918284052.16790843997407649,11414.5209336645
2020-09-03,1.65212902,189620855868.049519036752065092,10261.4944095266
2020-09-04,1.68560929,193518977097.63435690968284731,10471.9664133255
2020-09-05,1.63131545,187183394233.4417484594960088,10128.64358609
2020-09-06,1.65140122,189496729938.087563462411936728,10253.2998980129
2020-09-07,1.67005527,191625655656.811869354361968144,10367.8783543542
2020-09-08,1.62894233,186843957815.110654498742020152,10108.6354501461
2020-09-09,1.64757745,188969405737.1191101384573995,10223.1114091175
2020-09-10,1.66531058,191040993379.849618570486150176,10334.6307302162
2020-09-11,1.67381361,192018408644.760696593629456224,10387.0207419638
2020-09-12,1.68190081,192953023670.090182131297455264,10436.9778322618
2020-09-13,1.66341746,190847509504.399364555664812848,10322.5236148451
2020-09-14,1.71735678,197148942307.16380677667462336,10662.719912332
2020-09-15,1.7348274,199316464218.546665448964905376,10779.3810249562
2020-09-16,1.76292263,202820681601.607210857444411918,10968.3205465809
2020-09-17,1.75667708,202240606289.017099499829889504,10936.2927505552
2020-09-18,1.75269523,201952658938.450765952090229417,10920.1128439509
2020-09-19,1.77573693,204804828423.611937824541916407,11073.7795478083
2020-09-20,1.75066035,201992962103.483567482028573757,10921.2180998247
2020-09-21,1.67690819,193386546243.581092005512163195,10455.3799623027
2020-09-22,1.68568673,194587288925.38616335737532561,10519.8391641146
2020-09-23,1.64062817,189296198403.346136331988120845,10233.2995687317
2020-09-24,1.72053475,198660661113.466509469822623145,10739.0427094097
2020-09-25,1.71066582,197646881316.525807518016750606,10683.6305806546
2020-09-26,1.71935636,198737347444.741263865727166201,10742.0304202221
2020-09-27,1.72167524,199058270210.584330710425019594,10758.8242899474
2020-09-28,1.71621999,198485049767.550554751986798724,10727.3750541204
2020-09-29,1.73140353,200599609229.011602090609306989,10841.1427444769
2020-09-30,1.71995233,199337235088.72715559538433913,10772.351766803
2020-10-01,1.69356781,196278618504.309497878722425711,10606.6173325541
2020-10-02,1.68748627,195611944028.4631478417000661,10570.1056777908
2020-10-03,1.68506329,195355412926.414835827413125775,10555.7054339567
2020-10-04,1.70216949,197400118730.03761912495022475,10665.618622443
2020-10-05,1.71835152,199390223520.627737949999565925,10772.6355995909
2020-10-06,1.69012311,196136406784.526116335755523975,10596.3735493863
2020-10-07,1.70039927,197457351293.615374292105977875,10667.1943941555
2020-10-08,1.73638098,201824607685.06384441289661555,10902.5293637054
2020-10-09,1.76179817,205010561255.288898302990838675,11074.1036797779
2020-10-10,1.79700041,209255428096.905493149982728775,11302.8542864407
2020-10-11,1.80770338,210661427269.156554037067204925,11378.2625284629
2020-10-12,1.83284911,213822180181.5250616331122256,11548.401556692
2020-10-13,1.81348383,211733795569.959986728601561776,11434.9687849211
2020-10-14,1.80880169,211413713271.8805062426519596,11417.10811391
2020-10-15,1.82050458,213007298065.68052080461834079,11502.5812390415
2020-10-16,1.7940757,209988812323.350217439952230484,11338.9871765634
2020-10-17,1.79732641,210440997243.658660178045790342,11362.8022174167
2020-10-18,1.81665683,212798348506.640979548991554922,11489.6225650497
2020-10-19,1.85166488,217552387640.840738365071174328,11745.8119675628
2020-10-20,1.87699868,220964546714.081653591809705956,11929.4572507306
2020-10-21,2.013415,237997872158.087210931590383524,12848.4906177674
2020-10-22,2.02018679,240769151101.226158472533688984,12997.4993417884
2020-10-23,2.00849858,239963373092.948955471738697808,12953.4296969608
2020-10-24,2.02902772,242947944356.677340314315801544,13113.8669231444
2020-10-25,2.01568826,241619421843.61387065016485051,13041.6410374635
2020-10-26,2.01954164,242351238993.112882864454250972,13080.6561698422
2020-10-27,2.10370037,253381084990.529639648789265228,13675.5239275278
2020-10-28,2.04049323,246252469508.292574644675590804,13290.3288497954
2020-10-29,2.06357066,249687307271.286398360337000338,13475.2173007013
2020-10-30,2.0801745,252069964041.18876957856007945,13603.2960908825
2020-10-31,2.10747626,255858690808.36390879652899176,13807.2336110462
2020-11-01,2.09316771,254566075299.3919343619349224,13736.89941128
2020-11-02,2.06586073,251954997135.144791812663984953,13595.5647603741
2020-11-03,2.09497527,259405133239.19439807104133946944,13996.915398597312
2020-11-04,2.10823433,261869847340.33322763892520586325,14129.148195499705
2020-11-05,2.30749272,289264831869.5576593187069913843,15606.46683372297
2020-11-06,2.29919169,289511558679.55213543302907928582,15618.972471361778
2020-11-07,2.18711473,275574713602.15551786219241699224,14866.356304500296
2020-11-08,2.26976446,287333823623.85487061133362967915,15500.000707188785
2020-11-09,2.23751677,284011407032.11324528253888664158,15319.819972530682
2020-11-10,2.23228692,284015391004.38957714010537172679,15319.275676212741
2020-11-11,2.28563276,291667576115.54710408171326622948,15731.241105786092
2020-11-12,2.35643005,302040192101.93146357893626816355,16289.814897720635
2020-11-13,2.35455292,302800641127.1344424811316359825,16330.06276797195
2020-11-14,2.317866766319,298586257209.3901050469076214686,16102.010016949156
2020-11-15,2.29883051,296464022985.174889035336999805,15986.7549905903
2020-11-16,2.39979607,310505840495.7209433443259632115,16743.05393980129
2020-11-17,2.51738625,327939414604.2494015594615504665,17682.16918702513
2020-11-18,2.51023261,330230533165.0788869528968358277,17804.690023962594
2020-11-19,2.504430386254,330505057657.63433513290711966185,17818.668662185857
2020-11-20,2.596127396527,346200022367.5809682218390644515,18663.78185312683
2020-11-21,2.589987418208,347013829881.622322956104746854,18706.58933541788
2020-11-22,2.55377715,342880566989.43979375393508698215,18482.692631735823
2020-11-23,2.52775968,340867272937.9125191621847638459,18373.257759789598
2020-11-24,2.61774563,355298609040.93659386652990919714,19150.251048509646
2020-11-25,2.555478063978,347861028434.87370962094786929266,18748.393713033314
2020-11-26,2.326869284941,317546987940.75907459088044754095,17113.716871420223
2020-11-27,2.31953985,317338674284.26335357043962347022,17101.603018059614
2020-11-28,2.40313103,329301680033.60703013936886141034,17745.377312448858
2020-11-29,2.45853128,337585701789.79001241273102419562,18190.866880420806
2020-11-30,2.63721867,364945525705.52278741407083427828,19664.407606662764
2020-12-01,2.51290662,349303591166.3211135444707978155,18820.60778959673
2020-12-02,2.55197705,356636727016.0429376364860635443,19214.872229047338
2020-12-03,2.57495934,361396895344.488389268090457773,19470.31120806546
2020-12-04,2.47230116,347727590891.83583267400367742577,18732.967090999413
2020-12-05,2.51909742,354829406548.38508944617728549172,19114.633130917588
2020-12-06,2.54722977,359332231927.70292012886175351724,19356.313676797196
2020-12-07,2.51748691,356117524229.76866787946003438317,19182.176832846293
2020-12-08,2.40341294,340517159295.9260553262582204575,18340.97813769725
2020-12-09,2.422360712922,344872497185.5555895740909814485,18574.69673524255
2020-12-10,2.38235433,339691449525.136358753542577722,18294.84695149036
2020-12-11,2.34803699,335379162360.36856625151246164,18061.760025716
2020-12-12,2.43833504,349349325775.850478449995977252,18813.2837685564
2020-12-13,2.46411643,355733532179.795446935653418177,19156.0825055523
2020-12-14,2.474236613553,358177564948.92308207670968543,19286.7512992402
2020-12-15,2.48407194,360902935454.327507094707300115,19432.5884640561
2020-12-16,2.70395115,396917110350.897577471945524315,21370.7203186441
2020-12-17,2.838980097189,423282074598.671741526552693375,22789.2674160725
2020-12-18,2.82221791,428124525372.75902743762297511,23048.7645610754
2020-12-19,2.906877174893,443156630306.570417992474385505,23856.7735192285
2020-12-20,2.850832494921,437081860159.927508382247063103,23528.5506135593
2020-12-21,2.76690892,426120094395.110645643974035994,22937.4183435418
2020-12-22,2.831513764707,441365046263.014673201122213324,23756.8887685564
2020-12-23,2.75180066,433034297725.00938949140466781,23307.2709018118
2020-12-24,2.77320466,440491441936.25262834437048301,23707.6330440678
2020-12-25,2.87742129,458379042147.355671241195241505,24669.1643220339
2020-12-26,3.06732801,492013050503.561440580931519248,26478.0681052016
2020-12-27,3.033869719213,491160219103.090746381672940038,26430.8565971946
2020-12-28,3.03336124,502494772100.141586645883618749,27039.3490199883
2020-12-29,3.00690895,506086032710.185598588697254779,27231.2034552893
2020-12-30,3.14848763,536101921073.266867941417498297,28844.6136781999
2020-12-31,3.140996404211,539441388030.484541807060522126,29022.6714126242
2021-01-01,3.145922773591,546123272590.499389531109364234,29380.6937327878
2021-01-02,3.36183826,595262299159.914827073449185127,32022.6810578609
2021-01-03,3.43360474,618626936448.977984643866202144,33277.8353050848
2021-01-04,3.2392637,591228627330.577088013414699134,31802.1467136178
2021-01-05,3.40781574,632366860903.160253040389602838,34013.1741724138
2021-01-06,3.60095708,681305813105.250392829881686746,36643.2777223846
2021-01-07,3.742047073313,729174942657.489159041806167876,39215.6511490356
2021-01-08,3.78863874,758214680099.267515575643385572,40775.4045634132
2021-01-09,3.6883279,750723981944.455889313117024472,40370.6823495032
2021-01-10,3.47615243,712801739056.709956081203190753,38329.3401665693
2021-01-11,3.17723254,655932811964.759580190339736469,35269.5137177089
2021-01-12,3.024579234512,627006493875.76814248492239804,33712.4685452952
2021-01-13,3.31893271605,693700965812.766611762589779175,37296.5475277615
2021-01-14,3.43968572,726267001112.6581303091442708,39045.518340152
2021-01-15,3.21691863,682866609536.340912546638989455,36710.3174248977
2021-01-16,3.16002808,672984205338.407192286461603071,36177.2610970193
2021-01-17,3.14208979,671017747596.71646142108685043,36069.939466803
2021-01-18,3.16789734,680805649185.920438214940111558,36594.2964018118
2021-01-19,3.12779915,674436786184.258799701307765949,36250.1461893629
2021-01-20,3.05640832,660799562908.80027340529503158,35515.480012858
2021-01-21,2.671999724485,577236765327.89123862620068509,31022.9510280538
2021-01-22,2.83570647,613799933930.625172270830423765,32986.4357568673
2021-01-23,2.75080418,596151049200.836521649351622165,32036.2822723553
2021-01-24,2.763770318383,599525276803.45378800281334687,32216.1042904734
2021-01-25,2.777191691556,603342567061.947712633318815915,32419.7059462303
2021-01-26,2.79160837,607487059172.229329177923036771,32640.6391426067
2021-01-27,2.58416695,565048354264.000688274905791455,30358.9347235535
2021-01-28,2.83537151,623751131789.61738516444138237,33511.287595149
2021-01-29,2.87127647,635972641065.897562551558802864,34166.1494259497
2021-01-30,2.878188037248,639422511060.560586859496120208,34349.9170952659
2021-01-31,2.77012967,617261741250.781561662324800736,33157.8325745178
2021-02-01,2.798474060738,624964623033.414994006254094824,33570.2718468732
2021-02-02,2.95247741,662713622887.431916741702576292,35596.1489094097
2021-02-03,3.10161426,699653042694.95929938564890021,37578.3732068966
2021-02-04,3.046232040351,691327294031.86423424479278282,37129.2029376972
2021-02-05,3.09428668,708426864829.885129197172288335,38045.4136084161
2021-02-06,3.18428793,732604037089.14535959661580765,39341.727081239
2021-02-07,3.141200247585,726334667736.004871656518154385,39003.0121817651
2021-02-08,3.65741696,858953685019.99656099214141047,46121.9340724722
2021-02-09,3.61855022,866933160142.66178936977560282,46548.1619912332
2021-02-10,3.46683384,839594904533.26783829390515005,45078.128350263
2021-02-11,3.64585169,892058461589.619939832596610775,47892.8409181765
2021-02-12,3.57975153,885253081022.207798222060578269,47525.2091431911
2021-02-13,3.54773666,879402263106.596110837195878066,47208.6250270602
2021-02-14,3.65475277,909647017116.413192745269370735,48829.8275096435
2021-02-15,3.56148121,896287524856.943555510949473532,48110.2417334892
2021-02-16,3.6125173,915516034419.288180802741996104,49140.3826578024
2021-02-17,3.79432537,973028220227.984777101693554964,52224.9391139684
2021-02-18,3.70969063,962361657680.049826146167603701,51650.0699485681
2021-02-19,3.90986635,1040119985987.258656502765418732,55820.5044038574
2021-02-20,3.87796973,1040940814716.290835279447584954,55861.8205670953
2021-02-21,3.95810037,1071530978098.872675169994835088,57500.7161102864
2021-02-22,3.68695731,1005448041778.173961776745249908,53952.1533386324
2021-02-23,3.28933195,905007959206.944738725834428624,48560.4890350672
2021-02-24,3.32994398,923821685553.804996518770050219,49567.3456890707
2021-02-25,3.17682646,886607289246.58861897212848892,47568.131170076
2021-02-26,3.06572143,861739395614.150721111558513927,46231.7675784921
2021-02-27,3.04478896,854379730435.379361892695082701,45834.5133611923
2021-02-28,3.00886446,845561698558.569668246983135378,45359.4641642314
2021-03-01,3.269931,925293484700.919265521848849856,49634.4471092928
2021-03-02,3.17061495,900547396139.725208966324060786,48304.7054879018
2021-03-03,3.3135168,945073444270.171561409508112368,50690.4671835184
2021-03-04,3.161905493951,903765934807.971176738575735229,48472.7954751607
2021-03-05,3.17106851,909927285417.952287271386098183,48800.8173594389
2021-03-06,3.175929809802,913138122157.578673562849155206,48970.5244868498
2021-03-07,3.30549961,952640081754.046847353519661984,51086.4681794272
2021-03-08,3.35002291,971375568436.17999967740844794,52088.475131502
2021-03-09,3.49855563203,1020854485706.376643108156204173,54739.1352542373
2021-03-10,3.56293331,1046585269945.16437529578303532,56116.040912332
2021-03-11,3.63177042,1078920786628.132791770719223701,57847.2549357101
2021-03-12,3.570586382096,1069413682211.76392554596049775,57334.641534775
2021-03-13,3.78957634,1143221861398.156115535751826647,61288.7941276447
2021-03-14,3.68484058,1117480223465.9625789309650166,59905.6184704851
2021-03-15,3.43735753,1046936085343.063271878215386,56121.121924021
2021-03-16,3.44231318,1054064969221.139501249488840586,56500.4460257159
2021-03-17,3.55383882,1094833523737.985289126610515856,58683.0659824664
2021-03-18,3.48651656,1077134892562.373035916127413034,57731.4798410871
2021-03-19,3.50341884,1085335421881.561363310550086558,58168.1219222677
2021-03-20,3.49731896,1086879746950.033727744871824322,58247.8847066043
2021-03-21,3.440164039174,1072009014284.545675286666516712,57447.9330198714
2021-03-22,3.25092326,1016175922879.4513353254596803,54453.1373508475
2021-03-23,3.23614304,1018292446531.049157128193826188,54563.6119458211
2021-03-24,3.11041886,981610902742.687514308488204484,52595.4113237873
2021-03-25,3.03612207,962095893978.609489172477511736,51547.1248953828
2021-03-26,3.20883079,1023188726799.009724946483898162,54817.8571122151
2021-03-27,3.26897077,1045679651161.939140235144952826,56019.8373055523
2021-03-28,3.24472988,1040008229552.000362575223455528,55713.0381396844
2021-03-29,3.33795673,1074749924159.921918937641595276,57571.2333477498
2021-03-30,3.38330063,1095587035147.446815685034983828,58684.5483921683
2021-03-31,3.375535019449,1097654385790.028824321828418436,58792.1948275862
2021-04-01,3.35598363,1098207717359.328733020131325694,58818.9770985973
2021-04-02,3.35413045,1102228015142.82390012077998923,59031.5340192285
2021-04-03,3.25187507,1069615151362.505295419109069824,57282.3896247808
2021-04-04,3.298301283114,1086843565004.38431320866247254,58202.199391993
2021-04-05,3.32023402,1097239539433.688528575041979022,58755.8525295149
2021-04-06,3.22914317,1084746506903.418932588282727032,58084.0664231444
2021-04-07,3.12214094,1050864084696.762453935881086106,56266.8346762127
2021-04-08,3.2057806,1082597392462.60544725079649709,57963.3445994155
2021-04-09,3.203576140634,1084303948234.420735498554526644,58051.7625563998
2021-04-10,3.27565104,1114243840831.56184816777977898,59651.5589877265
2021-04-11,3.28353702,1119553954624.009204113563758932,59932.9306469901
2021-04-12,3.26759859,1119103609635.149886800648290414,59905.9363744594
2021-04-13,3.43453079,1185285134032.00289953625619516,63445.638314436
2021-04-14,3.37622405,1174574736641.018292684504526698,62869.4955873758
2021-04-15,3.37419883,1181399636375.83433905556271202,63231.162987142
2021-04-16,3.27664917,1150423144089.168674790570948693,61571.1100905903
2021-04-17,3.19962738,1126350100665.636734401074567516,60280.8761758036
2021-04-18,2.959841879616,1053684397565.066145844255104725,56389.5579812975
2021-04-19,2.92575459,1042667048311.700006720948175949,55798.1370771479
2021-04-20,2.95532944,1055348665899.248622593967815717,56474.3737586207
2021-04-21,2.82653587,1009625741734.939944731731838718,54025.7995745178
2021-04-22,2.70960708,969610235958.194499172522452401,51882.0598106371
2021-04-23,2.65915763,952325970164.59033146104944732,50954.9100607832
2021-04-24,2.61911452,939756772128.293333063199502984,50279.9484464056
2021-04-25,2.54988868,914885342157.612695010848870956,48946.9407428404
2021-04-26,2.79947785,1008313501251.238242850107287928,53943.3499783752
2021-04-27,2.84255929,1028618591575.489820567593127238,55027.0309848042
2021-04-28,2.82520447,1024187402746.427960227004994032,54787.3787071888
2021-04-29,2.75289848,1001416180883.339668690225302272,53567.0811938048
2021-04-30,2.9509244,1079506639631.2823239476046052,57741.44441654
2021-05-01,2.95232813,1081840491823.922690780583348464,57863.5903927528
2021-05-02,2.88247785,1057768979625.265034407527279668,56572.5968410286
2021-05-03,2.90918692,1070367974740.327080585904216925,57243.0416054939
2021-05-04,2.72676307,1004629436534.2390828331765425,53724.10892519
2021-05-05,2.90068009,1072339978638.41295808470931005,57342.0256616014
2021-05-06,2.845644398322,1057165033263.208415251717439275,56527.3529789597
2021-05-07,2.86911512,1072444644671.50322122972299495,57341.0684549386
2021-05-08,2.93389162,1098599047838.21892578323922895,58736.1258950906
2021-05-09,2.90472472,1090293033441.2048633549441397,58288.4256303916
2021-05-10,2.78208874,1045734857476.92228111583385565,55902.9277399182
2021-05-11,2.81280636,1059061727701.45599642785143655,56612.1026487434
2021-05-12,2.528710162627,953611860142.77706348275239425,50972.355081239
2021-05-13,2.4489477,923658096009.89875003585242685,49368.6144739918
2021-05-14,2.47934018,935464104038.488760409907650375,49997.3959011105
2021-05-15,2.33381396,880315632142.708043593618851375,47047.9633331385
2021-05-16,2.2838578,861166199739.01203652887551145,46022.5037090006
2021-05-17,2.16428882,813856084507.017331580814005825,43492.3954833431
2021-05-18,2.13179763,800735611047.681290432081586725,42789.8093921683
2021-05-19,1.88892076,704442601059.36557812990054405,37642.5200017534
2021-05-20,2.05205637,763549093519.339818220469338375,40799.4021475745
2021-05-21,1.87448768,695732487370.754309024739476525,37174.3311014027
2021-05-22,1.90162942,704538961588.966571627778145125,37643.4197983635
2021-05-23,1.75890282,650864282818.40212171100783275,34774.207221917
2021-05-24,1.94867935,723070720338.271318206448416575,38630.4091186441
2021-05-25,1.93329011,716349841273.0485416527660097,38269.7710747516
2021-05-26,1.97886373,733695914430.807515449107371175,39194.8588980129
2021-05-27,1.94636165,720920116468.6367329244662953,38510.8570417884
2021-05-28,1.80279078,666394144397.1611513706271851,35596.7179510228
2021-05-29,1.75819515,649291762343.0030425125002856,34681.8183670368
2021-05-30,1.80573948,667490155247.01414494732899535,35652.1687703098
2021-05-31,1.88939041,698617127163.466787841571409975,37312.9748970193
2021-06-01,1.85490761,686449707666.810868214417486025,36661.3781184687
2021-06-02,1.905098964141,704802337797.412242408857585375,37639.4556732905
2021-06-03,1.9791401,733313467820.99483681142114745,39160.1504132086
2021-06-04,1.866853639007,690727440913.3343413289933733,36884.3735551724
2021-06-05,1.79378368,663137983379.54077464330973928,35409.5672366452
2021-06-06,1.81038933,668996465742.41168775106645696,35720.6043546464
2021-06-07,1.71255578,631647921036.11487901862951364,33724.9077517826
2021-06-08,1.7042113,626999384040.22143616162604924,33475.0489234366
2021-06-09,1.89766024,700038595389.86307739823713992,37372.9888953828
2021-06-10,1.87120729,689820071889.25996764698582784,36826.0022185856
2021-06-11,1.88860664,696576540388.23173781003490896,37185.3931268264
2021-06-12,1.81254069,668203294293.80630573970872724,35669.1712817066
2021-06-13,1.976225,729235864486.07230851181906146,38925.4194289889
2021-06-14,2.04984505,757936603874.64793547679596334,40455.5959833431
2021-06-15,2.03798688,754204861841.7240185452066339,40254.6514679135
2021-06-16,1.937890111061,716966667412.67954617604317464,38265.5437726476
2021-06-17,1.927486814795,712371477843.35712955690075434,38018.6432346581
2021-06-18,1.812458657444,669221924126.84707695661310326,35714.3120787259
2021-06-19,1.805038478086,666277887602.32876100718833404,35555.9763966686
2021-06-20,1.807459745287,667125112359.26366590978854818,35599.9418784337
2021-06-21,1.615498500377,594347052677.04802117998081544,31715.1598624196
2021-06-22,1.651499802307,607097459293.35711800255390418,32394.5555949737
2021-06-23,1.713698226674,629906295954.39790608467562186,33610.4968129749
2021-06-24,1.766672167447,649578904366.7175958653048406,34658.972875979
2021-06-25,1.630917169218,593834396795.62123582055472264,31683.5032004676
2021-06-26,1.643033945428,597735121992.1220256868610565,31890.6764465225
2021-06-27,1.776255857109,646776516888.43201525267129242,34506.4911975453
2021-06-28,1.769776037417,644353080432.3312060237447662,34376.188538983
2021-06-29,1.849675862855,673569017034.03255327765303702,35933.7782178843
2021-06-30,1.805586334557,657312026712.50963328513526284,35065.4661533606
2021-07-01,1.727368166727,628082261641.49860767793683564,33505.0804935126
2021-07-02,1.746141242195,633310097345.02892765040386274,33782.9459464641
2021-07-03,1.787452030946,648433656983.60835550046223822,34588.2242916423
2021-07-04,1.8265447061,662845391401.17013953749205916,35355.6078883694
2021-07-05,1.752492211228,635804056014.21477745689612788,33911.7538404442
2021-07-06,1.763785729615,639813352297.76087287724750832,34123.9815680888
2021-07-07,1.753796589122,636232696006.57299009876978162,33931.6186382233
2021-07-08,1.697989573018,615411488299.44032399943040772,32819.6595312098
2021-07-09,1.754049012631,635976090720.02605475000892384,33914.8810742256
2021-07-10,1.738516988105,630310480192.57486074667021112,33610.9458386908
2021-07-11,1.771750243299,642479813682.0224375146191277,34258.4413898305
2021-07-12,1.713116506244,621441410376.519676400231659525,33135.2359117475
2021-07-13,1.688811469688,612218213636.944106800927093311,32641.9759610169
2021-07-14,1.697934967437,615184714795.536265243732085293,32798.2845189947
2021-07-15,1.643649164372,594754222803.968998595477796902,31707.6900368206
2021-07-16,1.63221452573,590057361252.462186409597005023,31455.7175818819
2021-07-17,1.630400402935,591815707709.593175583849576688,31547.9511990064
2021-07-18,1.639258220118,594841083620.598289172348105309,31707.7038527177
2021-07-19,1.597725750094,579411146950.463541225152407851,30883.4697462303
2021-07-20,1.540648215719,558481103180.424983651679478478,29766.6577182934
2021-07-21,1.661721371109,602657114950.017822689504662776,32119.6572258328
2021-07-22,1.670492594499,606202373832.864937700295047058,32306.9614285798
2021-07-23,1.732406654257,627483146930.439544154359011654,33439.5957028638
2021-07-24,1.769606297066,641163936367.44720201624333004,34166.914654588
2021-07-25,1.81848487747,659081599893.774533311529566859,35119.9374360023
2021-07-26,1.93010945385,702746127516.197852278934347505,37444.7825102279
2021-07-27,2.001791162085,734350141187.490457204123849812,39126.5402881356
2021-07-28,2.033833059073,749641699745.610164716003003865,39939.1940432495
2021-07-29,2.017407304464,752440356957.741577738236417986,40086.1643950906
2021-07-30,2.099162197424,784459439060.848805509261885926,41789.6670981882
2021-07-31,2.098153113059,784569163457.408078687315595715,41793.3137481005
2021-08-01,2.006838470091,750359938437.912479327180448292,39968.9689544126
2021-08-02,1.972933571383,737914727506.082887913044844798,39304.1862835769
2021-08-03,1.922865034712,718892321501.24616444945324685,38288.8253975453
2021-08-04,1.995697932518,746809379233.0634993132839626,39773.9113489188
2021-08-05,2.052274774394,768776213304.40155654554081188,40941.650434249
2021-08-06,2.140827816615,803532575810.021448894559609748,42790.3573284629
2021-08-07,2.222890074166,835399743972.483971336553251028,44484.9005862069
2021-08-08,2.195821362505,825816854268.834254413290617972,43972.3010181181
2021-08-09,2.303684409546,868930647608.395195347656033268,46265.6424564582
2021-08-10,2.261488524708,854387253428.632585130607098104,45488.7912624196
2021-08-11,2.268172978331,857951571939.967139483992958644,45676.3263611923
2021-08-12,2.20343699514,834127847703.929768464760550404,44405.7483483343
2021-08-13,2.362590119037,896378630903.748908430005448216,47717.4853559322
2021-08-14,2.327809478249,885282092633.699231515617313108,47124.2050736411
2021-08-15,2.323985756424,884399444211.28403803825696708,47074.370710111
2021-08-16,2.268193061802,863974140187.844318267038961958,45984.7199070719
2021-08-17,2.204708913004,840149375514.803317412881644212,44714.0967982466
2021-08-18,2.213680687968,844701768564.857117850978769376,44954.3637469316
2021-08-19,2.293129661764,876549048192.091213635584782476,46646.8615049679
2021-08-20,2.414499299985,925342094183.730124681212647736,49240.8356049094
2021-08-21,2.403261370099,922188388144.030200153779131476,49070.2409701929
2021-08-22,2.414996575605,927746814154.677672682955205596,49363.3160952659
2021-08-23,2.420040085444,932084698996.074769117437310822,49590.8763676213
2021-08-24,2.33794635096,900836074831.827885500227949828,47925.8622127411
2021-08-25,2.379019545564,921118598353.727928677200182588,49002.3166049094
2021-08-26,2.287786761638,887101213688.728016785799843988,47190.3449929866
2021-08-27,2.375147501066,922075783019.961314701433189192,49048.4755891292
2021-08-28,2.363961726236,918434048710.244952157871391624,48852.4687995324
2021-08-29,2.367277866365,920284316512.379947350250803918,48948.3479579193
2021-08-30,2.277961082403,886057523557.165485761856195722,47125.7685189947
2021-08-31,2.280110865221,887857550977.514449458197098748,47219.2443424898
2021-09-01,2.346384601556,915526177256.09460734927586792,48688.5375572764
2021-09-02,2.375035051723,928378409762.77998339437906296,49369.5862746932
2021-09-03,2.395390356338,937656640132.182822766804318434,49860.5341635301
2021-09-04,2.395772281636,938815345552.65768511533819398,49919.577563647
2021-09-05,2.480946695916,973248018531.036942128980335078,51747.6438565167
2021-09-06,2.51931377876,990098733766.817944853232051702,52640.5883740503
2021-09-07,2.245742480847,881313121254.804485244851305292,46854.4006028638
2021-09-08,2.213572688033,868818919447.721173173239195436,46187.9757306254
2021-09-09,2.222094260363,873764452663.139130754559004682,46448.7748290473
2021-09-10,2.142454311237,842133598885.111605117476170608,44765.2755762712
2021-09-11,2.157808262825,848445725719.525614357569387964,45098.5916447691
2021-09-12,2.208217016174,868844353747.637088911838557592,46180.6124563998
2021-09-13,2.151863481078,846517459123.608471421870233324,44991.5221277031
2021-09-14,2.245175277381,884781986136.446305135721623568,47022.6177597896
2021-09-15,2.293761212961,906361101242.188503643216772154,48167.1893676213
2021-09-16,2.273981867172,899442060628.619785907980024434,47797.3283237873
2021-09-17,2.244949537952,888504590279.66215075968394377,47213.7941294565
2021-09-18,2.290426705637,907185981599.031747185626474982,48204.0136519579
2021-09-19,2.242941684172,888685620898.340358489307309914,47218.4739964933
2021-09-20,2.040586287582,806615435806.135311660879896216,42855.5103448276
2021-09-21,1.933233183973,762810354584.069780430157328228,40526.4893760958
2021-09-22,2.075944471859,820275900833.319879948187379972,43577.5724821742
2021-09-23,2.135308888042,844486179446.786360121203849602,44861.2980329047
2021-09-24,2.038939778388,805785377803.38609196026639432,42803.307701052
2021-09-25,2.035666539997,804542930367.90550455009565497,42735.2658240795
2021-09-26,2.040529522117,812036112156.656873658440531856,43131.2941773816
2021-09-27,2.010425564687,800131333256.007483499493644636,42496.7852250146
2021-09-28,1.951689041262,776202415861.93000280375888505,41223.7862743425
2021-09-29,1.962665363543,780569792316.159936347930794092,41453.9470131502
2021-09-30,2.069864321133,824444822183.80485127777536,43781.546015488
2021-10-01,2.26565626698,905395355940.325446365136100068,48078.1315543542
2021-10-02,2.248711046277,900071424943.376327455228029832,47792.4391943308
2021-10-03,2.266397740964,907841574218.380446620216292406,48202.6229177089
2021-10-04,2.31284262096,928340914897.400335416851558434,49288.5013106371
2021-10-05,2.411845063946,971140330173.485073586916428848,51558.0493319112
2021-10-06,2.572944325306,1043925117637.07270414559766002,55419.800411163
2021-10-07,2.490026710036,1013558008447.576530782426916732,53805.1569125658
2021-10-08,2.492000787508,1016016649274.3846484447373381,53933.5275908825
2021-10-09,2.538238578635,1036364523575.884375721646174156,55010.9224751607
2021-10-10,2.520123658863,1030585445349.335183323348370772,54701.2797022209
2021-10-11,2.631558646637,1079394515904.969690420738316808,57289.1864570426
2021-10-12,2.574418652958,1058848098456.307954895311079904,56196.1812597896
2021-10-13,2.620098281333,1080628058359.8535835938961259,57348.8928769725
2021-10-14,2.613922367304,1081339414302.172399224373763844,57384.0369146698
2021-10-15,2.783786506255,1157938398432.828435506351523546,61446.0840073057
2021-10-16,2.755061819188,1148302435528.984629145444700184,60932.0632119228
2021-10-17,2.775039217832,1158355075187.089280787722718282,61462.2223722969
2021-10-18,2.778276503838,1168115306326.819408927114844833,61977.0575514319
2021-10-19,2.86843851115,1211787792745.676676250052702826,64290.8977574518
2021-10-20,2.928317326688,1245228121159.928123592573454197,66061.7965639977
2021-10-21,2.756592260011,1175770746966.760741511726212317,62373.8856206897
2021-10-22,2.683021944048,1145238131036.059450230195356273,60750.9673718293
2021-10-23,2.702488997272,1154702638464.94089122818482792,61250.082628872
2021-10-24,2.679080716831,1147509590176.153043764301189046,60865.4470523086
2021-10-25,2.761945352578,1188421618593.067971943643515756,63031.6729015196
2021-10-26,2.643400963823,1138746241356.948176482328490065,60393.9802738165
2021-10-27,2.563731148388,1104286370829.156956182681070526,58563.3359899766
2021-10-28,2.64447556709,1142080144447.011700407925714011,60564.5721122151
2021-10-29,2.709231626512,1173567203301.588668121465302955,62230.8055689655
2021-10-30,2.6854484387,1164426258908.204808846803425589,61742.9165321449
2021-10-31,2.660031269082,1158634265024.848448883684409107,61432.9700628287
2021-11-01,2.639313472843,1152261825759.661266768690097911,61092.0950592051
2021-11-02,2.705646798155,1188775936157.830457467105916622,63024.7472296902
2021-11-03,2.692667749587,1187542227940.655304670238387301,62955.9817630041
2021-11-04,2.624435938698,1158131273454.473724873394266542,61393.8899780246
2021-11-05,2.601770640962,1150870233190.34422400759737713,61005.840833723
2021-11-06,2.617491647791,1159403746542.631566125493187665,61455.0536268849
2021-11-07,2.682304638596,1189437680906.601425856443940914,63043.8290590298
2021-11-08,2.854649564891,1274356316854.725979426052071712,67541.7555081824
2021-11-09,2.82534877502,1266001867364.486910911764314615,67095.5856706605
2021-11-10,2.721054645529,1221918863231.726002816158213407,64756.0779689071
2021-11-11,2.723236415073,1225886245880.287656603025370817,64962.9312939801
2021-11-12,2.650242500833,1209262243095.62867775186886885,64078.968037405
2021-11-13,2.661045965713,1215340475002.551659471547011257,64397.7912063121
2021-11-14,2.684880108371,1227377584620.375411879225307089,65032.2256548217
2021-11-15,2.626068388319,1203303942753.519329838143257732,63753.5031592636
2021-11-16,2.481173720882,1138602607166.968901055207829213,60322.4978530099
2021-11-17,2.470657927214,1135484006196.675354905403828687,60154.3083661601
2021-11-18,2.337640428663,1072108247663.836614086249661582,56794.1556271186
2021-11-19,2.386216999692,1095186409046.459411069592386598,58014.0729888954
2021-11-20,2.455017801074,1128001356408.752008718406848622,59749.4738229106
2021-11-21,2.424879879847,1114516759935.048284287526825058,59032.6241017534
2021-11-22,2.319018826324,1064553089483.942871154657968546,56383.5658760958
2021-11-23,2.368765838495,1088365599085.191868417996884231,57642.2657980713
2021-11-24,2.346842971087,1078972757535.903593034154145119,57141.8303784337
2021-11-25,2.404923210419,1114270770425.185909152246807753,59008.6554792519
2021-11-26,2.198435955413,1015970869546.846997819471146697,53800.6178389831
2021-11-27,2.23272965194,1031792837559.930636338093948664,54635.8824628872
2021-11-28,2.336711996385,1081182893171.782613999179309068,57248.5696963764
2021-11-29,2.35943908323,1093928555762.298729567254235325,57920.7107299825
2021-11-30,2.324578694477,1078419474710.088974629731175284,57097.0127942724
2021-12-01,2.324286205718,1080047374364.124235755875629969,57180.6098439509
2021-12-02,2.300196624281,1068812318595.546678419640638928,56582.8937691408
2021-12-03,2.184991514137,1013876621204.363517010995179608,53671.6160680888
2021-12-04,2.009166960477,928693162456.653048849921380535,49159.7357983635
2021-12-05,2.016818310956,931905952036.210370656306298456,49327.0935999416
2021-12-06,2.067537537544,954788531821.537635930834423892,50535.4252232612
2021-12-07,2.064377234197,955574953843.25072796462899106,50574.4728344828
2021-12-08,2.06171865801,954233222626.906543693685405325,50500.6543513735
2021-12-09,1.960546627964,905856172565.325495603758031528,47937.8228458212
2021-12-10,1.941373722658,896442961101.740223851473241714,47437.2289725307
2021-12-11,2.016910635367,932102527466.729265153938238168,49321.7693252484
2021-12-12,2.049751176277,947544868724.234462373689400246,50136.5722568673
2021-12-13,1.915299897932,884250008347.667622870376792216,46785.3278410286
2021-12-14,1.974877505476,912783912997.853227464508020516,48292.6822501461
2021-12-15,1.995926977652,922994595222.199652883711694896,48830.6223860316
2021-12-16,1.94871973203,900967365793.608892250581411888,47663.4691077148
2021-12-17,1.896526938461,875889128104.223693439634699632,46334.4837489772
2021-12-18,1.919525855516,886709082168.665861333203856916,46904.8736753361
2021-12-19,1.918249189772,886214966718.6548806776032041,46876.426924021
2021-12-20,1.922187343668,887738205495.681089664967453824,46954.7634783168
2021-12-21,2.007205377658,928006827611.564193147091555686,49082.0624666277
2021-12-22,1.990870317874,920678726099.70296263119631232,48692.0987391584
2021-12-23,2.070150565572,958937905483.976210629515726564,50712.9707682642
2021-12-24,2.071634649338,960325802399.227486040319241552,50783.8344210988
2021-12-25,2.064057745187,956715386644.660560195312530888,50590.4508976622
2021-12-26,2.071542317446,960688686557.399623188395315988,50798.3065859147
2021-12-27,2.070718360007,960699193954.204507489136158708,50796.3776735827
2021-12-28,1.945824586517,901668291917.644800805016386194,47673.0440452367
2021-12-29,1.898459995686,878962608918.077290357982897438,46470.3215751023
2021-12-30,1.923609297095,890954276503.324566596922453834,47102.4630037989
2021-12-31,1.893385603418,876861223766.067356473275912182,46355.1173302747
2022-01-01,1.941966039424,899704292195.387378440379473092,47560.0093816482
2022-01-02,1.933497096507,895826639879.735611358003362606,47352.5577565751
2022-01-03,1.897502355497,878857424265.77493360003347774,46453.432351841
2022-01-04,1.876886228678,868541933980.800586640862407008,45905.9611221508
2022-01-05,1.782277170897,823647361549.9045985494335602,43530.9440388662
2022-01-06,1.768057798633,816383641933.448855065899660288,43144.9652928112
2022-01-07,1.704571291459,785536046142.05780308040048036,41512.7845808299
2022-01-08,1.71699299406,791005030825.64982193114125828,41799.8128848627
2022-01-09,1.72082066082,792682352625.32672763603200088,41886.4985569842
2022-01-10,1.718638590786,791403311312.3584180246522191,41816.9510561075
2022-01-11,1.758039861455,809447924741.674285534288000308,42768.1786116306
2022-01-12,1.805597050184,832062440495.927198343702722952,43961.0265441262
2022-01-13,1.752041588022,806858094234.20536366224465292,42626.8653924605
2022-01-14,1.771675205411,815906720814.34158742190554912,43102.6476180596
2022-01-15,1.775752274618,817920712548.042303123222342,43206.6744812975
2022-01-16,1.774015355513,817252077983.471162784428287438,43168.8596671537
2022-01-17,1.73630676024,799165933857.82691223691824456,42211.270399474
2022-01-18,1.745911520714,803366428290.745913426298678464,42431.2319670368
2022-01-19,1.721981468557,791227795959.06698640664992612,41787.722012858
2022-01-20,1.681574639726,771738138088.13239387619391,40756.1261630625
2022-01-21,1.514790775018,691030724675.999572242134242266,36492.2872241379
2022-01-22,1.455165902925,662733218969.321356077324543,34996.390965225
2022-01-23,1.508378975549,686903645043.729694319448388152,36271.0502650497
2022-01-24,1.526343091945,694298766581.290256712952928432,36659.7252206312
2022-01-25,1.538880544803,699880378324.82598070561056192,36952.586773232
2022-01-26,1.534660000135,697509429274.165537869697198778,36825.8245993571
2022-01-27,1.543763850705,701254263145.766596790251236552,37021.9371332554
2022-01-28,1.576577931046,715438283447.208156019309041736,37768.8474836353
2022-01-29,1.592485103381,721524832280.593326440745401922,38088.2912279953
2022-01-30,1.589486377439,719574502508.970414288716454912,37983.5063845704
2022-01-31,1.609690053329,728686388266.209297831351939074,38462.6724029807
2022-02-01,1.61452774476,734886466082.204599089047751242,38787.9640824079
2022-02-02,1.539179072383,699953961572.849345846215211506,36942.3307493279
2022-02-03,1.544771260316,702173027375.597202955157910828,37057.6521879018
2022-02-04,1.709053357873,778420574646.178750337772073248,41079.9060881356
2022-02-05,1.726159971835,786574393907.420072168172163188,41508.5816925774
2022-02-06,1.760874145144,802716166347.28207961013825911,42358.2251732905
2022-02-07,1.821609827046,831762282836.8923727641467001,43888.980119813
2022-02-08,1.831529736531,837082119037.341930906355889988,44167.4447945646
2022-02-09,1.840095004198,841624618494.10303524486395151,44405.0732042665
2022-02-10,1.806667830508,826677702003.799434309729186216,43614.3426960842
2022-02-11,1.754236923972,802889388936.98955546067937665,42357.3217416715
2022-02-12,1.745950590083,799453385155.54819147825401998,42173.4593962595
2022-02-13,1.746704565079,799914657954.301452345853956888,42195.5947451782
2022-02-14,1.765131690456,808496975465.701445660093094618,42646.1618590883
2022-02-15,1.839746953131,843916967903.389707504833724092,44511.9084880187
2022-02-16,1.820760197081,835500283615.3702795255608265,44065.7092673875
2022-02-17,1.680750155719,770019212409.18997145477792764,40610.024261543
2022-02-18,1.658393382535,759324202407.710240822012838845,40044.2204856809
2022-02-19,1.660632849962,760341255738.99494174756269974,40095.887329398
2022-02-20,1.597672365828,731091944780.324901337028847615,38551.6224967855
2022-02-21,1.53935959409,703554688344.667495292117594208,37098.0360081824
2022-02-22,1.585255941769,724538639899.382451623431282695,38202.5940818235
2022-02-23,1.548559725335,707612117150.804536494711230645,37308.2687344243
2022-02-24,1.589005849792,726146059494.24384036455777136,38283.790402104
2022-02-25,1.632120546767,745904763136.940193551664989155,39323.7702158387
2022-02-26,1.621580052318,740867098958.119605136190512766,39056.5781523086
2022-02-27,1.564733720961,714497979063.600421903565677465,37664.7792828755
2022-02-28,1.785886675274,819148711995.191258923915652997,43179.2545140269
2022-03-01,1.831088158538,841108826271.29170970117020536,44334.457582408
2022-03-02,1.815856076135,834508464680.0197378618034936,43984.584926768
2022-03-03,1.753487692697,806244025712.138955032590735017,42492.7744552893
2022-03-04,1.617160596022,742026135335.507228618552033436,39106.4052159556
2022-03-05,1.62862859109,747321460590.924990046169142255,39383.8848433665
2022-03-06,1.588284555745,728670905368.093733088989207976,38399.3426268264
2022-03-07,1.578754463552,723912662220.25326362953141872,38146.734273232
2022-03-08,1.603838311539,734931320621.74501772454262219,38725.477261543
2022-03-09,1.735654059064,796910249370.768794290686479655,41989.4028179427
2022-03-10,1.630630592506,749363333209.594922964881331662,39482.2584672706
2022-03-11,1.605299073538,736929136350.25867799580271529,38825.3644214494
2022-03-12,1.610487025913,739354221515.712554129376747502,38951.1300157802
2022-03-13,1.563583025151,717697507253.014229706686986755,37808.3174004091
2022-03-14,1.638923579978,752677094103.761199734446618239,39649.0453243717
2022-03-15,1.62739184969,747163714202.848849099522282072,39356.8139000584
2022-03-16,1.697348146346,780330370069.78337252894776785,41101.768579135
2022-03-17,1.69308040701,777801385657.98997709648230782,40966.4169324956
2022-03-18,1.727490580808,794161288273.038642849840922583,41826.1160710111
2022-03-19,1.742021306446,801171332567.382725112961118621,42193.1615362361
2022-03-20,1.705071792374,784151376119.559317921413729404,41294.7235129164
2022-03-21,1.695351371558,779817561038.18029401165615843,41064.429648159
2022-03-22,1.748109505852,804900030311.00822744784020455,42383.169518761
2022-03-23,1.761428760821,811605189141.365370939635791868,42734.2000355932
2022-03-24,1.810651634482,835201966315.318043088151691425,43974.5935882525
2022-03-25,1.816863848057,842318907291.71479478089481271,44347.034279661
2022-03-26,1.823441620909,845647593448.033549770760277595,44519.9268641145
2022-03-27,1.912928867709,888562475595.72185291281495203,46777.2056265342
2022-03-28,1.926069685862,897089950913.791518978265445868,47223.6528860316
2022-03-29,1.931857269809,901695013250.80918840587890109,47463.7096770894
2022-03-30,1.916462997871,895267763638.837546209131130699,47123.2971478667
2022-03-31,1.854211355144,865648898574.521557414135935465,45562.2106665693
2022-04-01,1.880179566094,878763543516.074168550496483278,46250.3362878434
2022-04-02,1.867666383452,872903917445.897580849205767996,45939.8973489188
2022-04-03,1.886983002157,882457046122.975568207675103314,46440.5438538866
2022-04-04,1.894586551764,886730287350.820740800588106114,46663.0041770894
2022-04-05,1.855218925189,868339514523.943641417211765751,45693.0350619521
2022-04-06,1.760916830916,822997272031.02018785179614744,43304.9371990064
2022-04-07,1.771822948566,828054180680.199620765631507135,43569.0471697837
2022-04-08,1.718699748527,802489465551.080901190651714569,42222.0689772063
2022-04-09,1.737109234767,811252805066.328959716669578116,42680.9947355932
2022-04-10,1.720498052487,803372627468.993570450020170974,42264.4633909994
2022-04-11,1.612532718343,751695772760.304133625642238,39544.0251835184
2022-04-12,1.633029961572,762233627485.691319141462684105,40096.3669748685
2022-04-13,1.6754481725,782351625651.620904432858181266,41152.7554517826
2022-04-14,1.624100214604,758883634883.531333445025406862,39916.4963842782
2022-04-15,1.648615453539,770536726947.48936708062340616,40527.3319567504
2022-04-16,1.645198704281,768902341981.314309245608931961,40439.5881209819
2022-04-17,1.615563193564,754972012082.336537001379211316,39704.7839798364
2022-04-18,1.660587322655,776190301536.566047131665133268,40818.8786025716
2022-04-19,1.68715900189,788977754146.486724531401416327,41489.6638011689
2022-04-20,1.683056618589,787231256989.4118916774496846,41395.64458346
2022-04-21,1.642192379664,769432984435.988612273038693349,40457.4959418469
2022-04-22,1.614479409264,755782416405.1532149308537852,39737.9735040912
2022-04-23,1.608260125691,752864909083.678648506510771825,39582.4548720047
2022-04-24,1.60550883035,751560334690.433229802821205575,39511.6456928697
2022-04-25,1.644601591866,769901695374.375049668955767185,40473.7483176505
2022-04-26,1.549627067302,724263590330.6515279276271871,38072.800873758
2022-04-27,1.596095580203,746100751519.959084398626897056,39218.5376174752
2022-04-28,1.617507844772,756205933276.407901311346502754,39747.9894270018
2022-04-29,1.572635096383,734582468278.204328685719852433,38609.5059070719
2022-04-30,1.537292898922,717581783127.708910030509195984,37714.0949804208
2022-05-01,1.567381909459,731799466487.40573317299355015,38459.226979135
2022-05-02,1.573983130319,733870898707.120107469195791807,38566.0628877849
2022-05-03,1.540983434257,717509825232.097044081957601335,37704.4053153127
2022-05-04,1.618770611892,754415354857.80296224028406295,39641.852176505
2022-05-05,1.493350506698,694697804870.602289350398862239,36502.0245601403
2022-05-06,1.476077962977,685993738939.403368550251819213,36042.9995584453
2022-05-07,1.454866736249,675856548990.539406540108424773,35508.7110227937
2022-05-08,1.397053307677,648294631562.705787430552179972,34058.9066861484
2022-05-09,1.25746370058,579781151871.625907080828768037,30457.9218194039
2022-05-10,1.282199871846,589953144393.233522337066988952,30990.7351659848
2022-05-11,1.198898869373,548209905804.924477677766755283,28796.5568217417
2022-05-12,1.211574517788,552691998324.409076303363982516,29030.7070417884
2022-05-13,1.224580870454,557578891036.914291159206846073,29285.9346718293
2022-05-14,1.254528110725,572189373051.70656304838797066,30051.935755114
2022-05-15,1.301371234936,593741420972.253654097193542827,31182.6212460549
2022-05-16,1.248816594441,569152162704.73908547506626066,29889.6124757452
2022-05-17,1.272635339124,579626118555.305444333133215606,30438.1944476914
2022-05-18,1.204897921252,547906490195.512826837056767525,28771.2204786675
2022-05-19,1.268265640482,576240952956.045089994429272232,30257.8852483928
2022-05-20,1.226785298597,556579372166.25736921844806946,29224.245998422
2022-05-21,1.235285942059,560333845441.651795955505322266,29420.0782857978
2022-05-22,1.273331088604,577723026488.3249877793242265,30331.87514173
2022-05-23,1.22293867204,554065152211.947614892088039546,29088.2515419638
2022-05-24,1.246431579256,564667107636.292341989294730008,29643.6837556984
2022-05-25,1.244237310755,563428453326.48614013055210209,29577.259880187
2022-05-26,1.235100855496,558791512891.273137797499149041,29332.4860467563
2022-05-27,1.20688817198,545091530563.077430518277127128,28612.0413103448
2022-05-28,1.225163407756,553376665776.683704311465525123,29045.5206344243
2022-05-29,1.241234457517,560730506231.738081173872892955,29430.0689800117
2022-05-30,1.337557348648,604695051034.497227787860790054,31735.9549719462
2022-05-31,1.340327318645,606542882732.043392342933838795,31831.4095251315
2022-06-01,1.258203816602,568353965210.395216818510645639,29825.9221992987
2022-06-02,1.289506254729,581304153912.145339317654047402,30504.2679997078
2022-06-03,1.255277674265,565292782986.492081657639125114,29662.6709708942
2022-06-04,1.261962571345,567791106824.327277240349863877,29792.4076779077
2022-06-05,1.26746929363,570162600125.258690976371256336,29915.4093009936
2022-06-06,1.32794694055,597222968139.255223371341226835,31333.6770197545
2022-06-07,1.322740859864,594230751341.613289592020115992,31175.0324289889
2022-06-08,1.283418736198,576221747994.0240838068212238,30228.464698422
2022-06-09,1.278193263932,573123374270.20801776709942739,30064.4855289305
2022-06-10,1.237117043464,554199695710.760574025512577364,29070.4000300994
2022-06-11,1.208249128114,540698947091.384843344188805064,28360.7899231444
2022-06-12,1.144614146671,511541120875.339135951540172548,26830.2839456458
2022-06-13,0.962386955567,425496087752.904596352785354622,22316.2570400351
2022-06-14,0.958749419408,420875585256.85290955318169027,22072.8663085915
2022-06-15,0.982571637347,429439638534.419374334713670616,22520.7910087668
2022-06-16,0.89010384052,387301460756.623492207146401812,20310.1769848042
2022-06-17,0.900449527228,390266293444.723335934191053352,20464.9290873174
2022-06-18,0.839761069586,362613076008.206261810441905344,19013.8672536528
2022-06-19,0.905122908176,390825178945.063620601354575848,20492.2951683226
2022-06-20,0.909413901996,392355194662.69970918064895784,20571.6292247224
2022-06-21,0.916201262025,394602958805.950739450629870164,20688.4651312098
2022-06-22,0.887627935977,381548027644.27858589534322242,20003.1683375219
2022-06-23,0.936392381423,402434191804.38727360851584946,21097.1028331385
2022-06-24,0.946260674502,406304087725.80865853375774715,21299.0769853887
2022-06-25,0.953541799671,409553292964.14472600340193075,21468.3431566335
2022-06-26,0.93595363596,401907776246.9060431873035551,21066.6209430158
2022-06-27,0.92317584654,395905002794.352151251619155436,20751.0516960842
2022-06-28,0.902427057507,386616246554.31717543584171384,20263.2196393922
2022-06-29,0.895265183982,383157510545.341375741090094104,20080.9480864991
2022-06-30,0.865015984997,368905161486.57925000002000941,19332.9121294565
2022-07-01,0.866810006703,369092160644.48912276589517542,19341.8631240795
2022-07-02,0.862322030966,367009067592.39598666663074381,19231.8317083577
2022-07-03,0.864908319377,367880445197.990196804576777728,19276.5146639392
2022-07-04,0.907445950743,386024563242.292355528217846802,20226.2984745763
2022-07-05,0.906388103368,385410487447.10051699136210432,20193.3427938048
2022-07-06,0.924592307191,392440938375.946552140010642848,20560.8438126826
2022-07-07,0.973646516264,413277788950.333248030549226464,21651.4191423144
2022-07-08,0.981374953634,416397212991.795578904412503472,21813.7871239042
2022-07-09,0.97256585657,412050561218.714784217697124048,21585.1321922852
2022-07-10,0.938937826789,397679652328.111209338370225648,20831.2733915839
2022-07-11,0.903257154365,381278236463.922269732877589848,19971.3294704851
2022-07-12,0.875464077465,369227439023.511401915548931532,19339.1534734074
2022-07-13,0.91248166822,384827697730.717620405144551064,20155.5278386908
2022-07-14,0.931267482062,392430598967.834091607104894864,20552.8990289304
2022-07-15,0.947404727073,397772858736.00781571421876132,20831.722700526
2022-07-16,0.963942951894,404757907016.377110538995926598,21196.5091428989
2022-07-17,0.947388315858,397735055796.32841702252569876,20827.8886085915
2022-07-18,1.014380417157,425974135852.663864732618646658,22305.7066428989
2022-07-19,1.064015965884,446342169170.5106317568841789,23371.2026601403
2022-07-20,1.059545792317,444636587982.618862844701251264,23280.9356680304
2022-07-21,1.055572042956,442202009885.6991128045219606,23152.4093112215
2022-07-22,1.037202359622,433696094122.61554096292178264,22706.0835554646
2022-07-23,1.027767986307,429484614219.20027544252182072,22484.4592317358
2022-07-24,1.035693112787,432733026887.75717393517642888,22653.3570260082
2022-07-25,0.984744106523,410913676124.028819746476081424,21510.1255874342
2022-07-26,0.970493939661,404660076563.16919068442706341,21181.6591967855
2022-07-27,1.048530886503,437481053400.627236354137030752,22898.4150683226
2022-07-28,1.090974652069,455463751078.173630192107170144,23838.5568838691
2022-07-29,1.096121570662,457629004159.52302277474640396,23950.7403798948
2022-07-30,1.08119685014,451394195746.575362324948055424,23623.4349611338
2022-07-31,1.06930792552,446309554827.059502787503731454,23356.1722215079
2022-08-01,1.068081818605,445856833816.205857026607916832,23331.4426969608
2022-08-02,1.054827227962,440145933788.90643357400424178,23031.4268834015
2022-08-03,1.044976588452,435930163094.03583788655418767,22809.7474418469
2022-08-04,1.037537603272,432481698498.170065929856114846,22628.3320821157
2022-08-05,1.065899475533,444365402286.390312892729159228,23248.9715023378
2022-08-06,1.054367720796,439558670016.203894759578871808,22996.2750452952
2022-08-07,1.061585802404,442589959621.645904831172144336,23153.6584713618
2022-08-08,1.091208903728,455036199177.594812118289611168,23803.6505154296
2022-08-09,1.064322658536,443255346045.03024546790471061,23186.2917464641
2022-08-10,1.097349862382,457362340117.16788976232211416,23923.0584830508
2022-08-11,1.098103095757,457600857167.33397349466061725,23934.4390561075
2022-08-12,1.118913448413,466454794651.844600385709115907,24396.3088462887
2022-08-13,1.120303000575,467047962181.513428388975902732,24426.2225748101
2022-08-14,1.1152866103,464926257245.77398751453845391,24314.2021315021
2022-08-15,1.105125221321,460545371976.77690929610178321,24083.9539748685
2022-08-16,1.095336349684,456453539165.37125378740880994,23868.8193530099
2022-08-17,1.071575714816,446289696753.93241254997786026,23336.3489310345
2022-08-18,1.066480347068,444107898934.28456231333201259,23221.1706028638
2022-08-19,0.962223516455,399867875573.126280766995064518,20906.7663141438
2022-08-20,0.97348633387,404475733709.976164490598810375,21146.6548021625
2022-08-21,0.99226378976,412286690747.792849704933838125,21553.9961717125
2022-08-22,0.981225385052,407468270214.330469609393686099,21301.0840581531
2022-08-23,0.992293505064,411956706082.809285145182767031,21534.5143521333
2022-08-24,0.987637310218,409880719562.257303813055715364,21424.9728232028
2022-08-25,0.995543286361,413017973174.871875788954236055,21587.8395844535
2022-08-26,0.934524032452,387371372434.259968639298623745,20246.1655733489
2022-08-27,0.925756657439,383521315360.021808975265674671,20043.9909485681
2022-08-28,0.908751979889,376452934262.344409312707901094,19673.5412188778
2022-08-29,0.936300029003,387904432454.77752684695196162,20270.960383986
2022-08-30,0.91691540216,379399486373.230177739550753717,19825.4632066043
2022-08-31,0.926540201628,383230005973.095693003269158474,20024.6716059614
2022-09-01,0.930819103606,384793516403.905306057484295168,20105.4626072472
2022-09-02,0.924346524698,381812359032.214576645490974578,19948.8567472823
2022-09-03,0.917781321543,379054868118.29320055159935281,19803.8332697253
2022-09-04,0.924996509034,382101528755.666066808760019072,19961.9118907072
2022-09-05,0.917682178845,378979046297.186411377384972632,19797.7967884278
2022-09-06,0.874858544608,360778897291.7864038216809474,18846.150537405
2022-09-07,0.895970446823,369348929285.850485536946123694,19292.9070745178
2022-09-08,0.897686434169,369866184453.40845011712300657,19319.1248512566
2022-09-09,0.991990113442,409021968745.912523423928689906,21363.3136152542
2022-09-10,1.008276774233,415780699701.908308203927843579,21715.2107980713
2022-09-11,1.00926214108,416141773128.159323088972525713,21732.7705686733
2022-09-12,1.038445934441,428273275469.173323584960329075,22365.2145601987
2022-09-13,0.939370352409,386159265218.152540932135747093,20165.0421607247
2022-09-14,0.944134275318,387732682893.163376001965515975,20246.3660424313
2022-09-15,0.919794265144,377227526664.195155023776882823,19696.8698661601
2022-09-16,0.922172305414,378099547048.881744179811514641,19741.5776168907
2022-09-17,0.939999035144,385382092113.090832610685310505,20120.7023459965
2022-09-18,0.907953496893,372115875618.313764356017027362,19427.1002626534
2022-09-19,0.914684111914,374638640658.995311832392113204,19557.9769582116
2022-09-20,0.88338246827,361534680159.248505156300277686,18872.9498667446
2022-09-21,0.86699153682,354536184092.754145903217723445,18506.7607481005
2022-09-22,0.909510592046,371942142414.487686815936789025,19414.5396449445
2022-09-23,0.90563544045,370278782421.100285937954719037,19326.8648199883
2022-09-24,0.886975013788,362592370354.345044891592248207,18924.7677872589
2022-09-25,0.881057004179,360088000637.693657202990517116,18793.1561531268
2022-09-26,0.900322536822,367923055167.100088797871827062,19201.1317209234
2022-09-27,0.896561719809,366129749393.519460468434606849,19106.7389135009
2022-09-28,0.913487552122,372820281122.77532534010185229,19454.937210111
2022-09-29,0.917870607279,374484430533.836473983121011714,19540.8664105786
2022-09-30,0.91356153704,372479848471.268524878017386576,19435.1946917008
2022-10-01,0.907912672634,370137989320.03864003138949558,19311.861629398
2022-10-02,0.894190083633,364472504804.056355433409697607,19015.2928050847
2022-10-03,0.923308111571,376339494804.44658437899417545,19633.4325859147
2022-10-04,0.956568501176,389903360703.017875061771282694,20339.9712811221
2022-10-05,0.948163366006,386381543342.888542487750898208,20155.0996987142
2022-10-06,0.938866609583,382480025164.32473753261644085,19950.5477957335
2022-10-07,0.919983246052,374613717471.000475995824560512,19539.1439216832
2022-10-08,0.914595870208,372277378268.738564421808301436,19416.1772291058
2022-10-09,0.915262738221,372530287709.72659474715100064,19428.3671323787
2022-10-10,0.902773565181,367297283273.812152444002967738,19154.4042346581
2022-10-11,0.897697758664,365108428419.032885216310371412,19039.2820683811
2022-10-12,0.904197086018,367380563663.385310334282512076,19156.9115645821
2022-10-13,0.915299590894,371826387064.848133809561621668,19387.8336806546
2022-10-14,0.905697877908,367814957908.247431992671039866,19177.6941031561
2022-10-15,0.900728724487,365765176790.71970982866672082,19069.8749272355
2022-10-16,0.909910910294,369462722255.090105889716943072,19261.7497878434
2022-10-17,0.924678135264,375144717145.412407785505393878,19557.0218106371
2022-10-18,0.91398573907,371025948757.937690817336649584,19341.4075543542
2022-10-19,0.904610705933,367029904902.8826332321889784,19132.1544254822
2022-10-20,0.900242542303,365152195991.486815005553557912,19033.3760239626
2022-10-21,0.907143363442,367885552007.786439570630909768,19174.8763487434
2022-10-22,0.909318069409,368530255223.417505977708768246,19207.6285078901
2022-10-23,0.926261633178,375413885984.599950775918134726,19565.4123243717
2022-10-24,0.915784798173,371133215992.5733312866541918,19341.460210111
2022-10-25,0.951195313284,385607075318.556722933548720962,20094.9611215663
2022-10-26,0.983939477562,399099408014.461629381421636352,20797.0308258328
2022-10-27,0.959624512348,389197949556.16186292162182052,20280.1751280538
2022-10-28,0.975004031923,395444746708.610352628945071792,20604.6138535944
2022-10-29,0.98443454901,399288048038.692262678571919128,20803.8999205143
2022-10-30,0.975832100659,395712590941.67687241101393986,20616.7033766803
2022-10-31,0.97009674747,393319300934.383333740400518768,20490.8581808884
2022-11-01,0.970049689813,393205452198.73164577426022784,20483.966530976
2022-11-02,0.954490976446,386777142187.552282927132538404,20148.2845537697
2022-11-03,0.956986021054,387754343675.19781930884334116,20198.1111860316
2022-11-04,1.000981821699,406184424138.866451151828867476,21157.2449275278
2022-11-05,1.007111287598,408627855628.675848813603883984,21283.4715999416
2022-11-06,0.991409279364,402181988995.938455369131177622,20946.8030359439
2022-11-07,0.976088727485,394938271820.2411841396806552,20568.5651183518
2022-11-08,0.880744871078,355641163800.59315025124191966,18520.971163647
2022-11-09,0.753958696179,302606639525.93429595155146148,15758.2912819988
2022-11-10,0.839903712816,336866889999.11126796427091983,17541.5602866745
2022-11-11,0.811340136624,324884177574.22611600277277442,16916.8506312098
2022-11-12,0.806378353685,322105315599.283034560191604344,16771.2426718293
2022-11-13,0.785273663056,313461563543.26519134657831129,16320.4983375219
2022-11-14,0.801361740695,319408809507.617592189089035836,16629.4784146698
2022-11-15,0.81368542899,323768223563.2403538115363014,16855.59378609
2022-11-16,0.806089820633,320019245464.884554648082959472,16659.6063345996
2022-11-17,0.81024033294,320332768078.58754236233017929,16675.1790204559
2022-11-18,0.818509642211,320084907697.12211202924307818,16661.5229576271
2022-11-19,0.820610369081,320762664379.577888896824848189,16696.0040581531
2022-11-20,0.799184425512,312148570627.246511687739482041,16246.8446992987
2022-11-21,0.777592696604,303153772188.187569034169168603,15778.0174047341
2022-11-22,0.79805211183,310753451298.50076211068184231,16172.8893445354
2022-11-23,0.817451445016,318476370818.058729269550291225,16574.0617299825
2022-11-24,0.81837142484,318671568719.490970790101102794,16583.5243445354
2022-11-25,0.816011276502,317509479778.92088915243132398,16522.3887767388
2022-11-26,0.812740435671,316103485950.165358830046854268,16448.6413077148
2022-11-27,0.812332752733,315875880963.40688557267926619,16436.0707688486
2022-11-28,0.802349876662,311594845649.107011238702922559,16212.5814161309
2022-11-29,0.814147810046,316037505324.635685185012975807,16443.0368199883
2022-11-30,0.850801464317,330157249897.605462950440837135,17176.8986914085
2022-12-01,0.840529289057,326029288146.940862991362005325,16961.2918042081
2022-12-02,0.84670015577,328230420398.474210788089235536,17075.1091370544
2022-12-03,0.838232388894,324868709629.416102203669983443,16899.5073831093
2022-12-04,0.84968361727,329155312451.608200469276636992,17121.7149824664
2022-12-05,0.84468600446,326087897703.5941395775032762,16961.3517866745
2022-12-06,0.850384196971,328201017682.738353640416919122,17070.5158281707
2022-12-07,0.839503933452,323945839104.30493569661421269,16848.2518243717
2022-12-08,0.858945882155,331331799697.21588278952715571,17231.4563223261
2022-12-09,0.854978591377,329515480228.826932297487802678,17136.1490008767
2022-12-10,0.854415449082,329302474097.54338677044662065,17124.2146797195
2022-12-11,0.853211507586,328744079344.87819284619474942,17094.3606592636
2022-12-12,0.858539391858,330704952984.263610258866180229,17195.5249962011
2022-12-13,0.887729303381,341866163427.832819651381562205,17774.9166320865
2022-12-14,0.890254354657,342552090974.318395125727291959,17809.7240835769
2022-12-15,0.86728278142,333610472205.632440842790155894,17344.0544569258
2022-12-16,0.830992951979,319429708503.907149360935544858,16606.1101750438
2022-12-17,0.839657772493,322681062399.087874534866561605,16774.3853702513
2022-12-18,0.839875774864,322729554932.293431249581562924,16776.1159254822
2022-12-19,0.823536056851,315972232645.326302114173709154,16424.1313857393
2022-12-20,0.847633081501,325176875097.131259082632211854,16901.8169362946
2022-12-21,0.843195618816,323243270748.162792806831244221,16800.5329707773
2022-12-22,0.844194325117,323520845954.727880443472582215,16814.2225791935
2022-12-23,0.842886604017,322886162998.30571607801715773,16780.5169798363
2022-12-24,0.84590101132,323994138663.88389411271836496,16837.612170076
2022-12-25,0.845706555551,323763179790.404203376995775636,16824.8389736996
2022-12-26,0.848591013908,324837072942.08773899325442906,16879.9382273524
2022-12-27,0.8399359586,321365396957.063333302933669014,16698.9112708942
2022-12-28,0.83299277844,318253243893.223087469336542335,16536.2942001753
2022-12-29,0.838526883526,320082752198.536022993143580908,16630.5931551724
2022-12-30,0.836965256607,319388854075.396835069019803691,16593.6888287551
2022-12-31,0.835246001939,318067813339.409337625595025891,16524.2178024547
2023-01-01,0.839542831106,319672567829.925825311980253776,16606.7520432496
2023-01-02,0.843780085391,321266671119.171183606412357766,16688.7192729398
2023-01-03,0.843211245785,320923849121.506562232228348317,16670.0773836937
2023-01-04,0.852695347503,324371229130.03342753600930224,16848.3660391584
2023-01-05,0.851818124476,323934038866.730972158197664403,16824.8001826417
2023-01-06,0.858998530318,326515008906.598228979983108605,16957.8622738165
2023-01-07,0.858446501208,326237998585.169932312073693548,16942.6285891292
2023-01-08,0.864443193289,328499715753.266999440286356117,17059.2399444769
2023-01-09,0.870777665108,330886115501.801258730801340125,17182.3198521333
2023-01-10,0.883951640903,335749580566.832709492740252095,17433.9146320865
2023-01-11,0.904886150128,343465404948.394703122084296207,17833.7107656341
2023-01-12,0.956915395927,363435762403.209049643025206394,18869.7044842198
2023-01-13,1.006737285894,382696914618.544474385835873175,19868.7247454705
2023-01-14,1.063923229924,404719555363.717996289809159284,21010.9227200468
2023-01-15,1.056945343653,402142059538.922407037672345325,20876.0085561075
2023-01-16,1.071886746547,408025350489.230608937632725537,21180.4119485681
2023-01-17,1.071274656024,408005301935.658640746080745615,21178.2993962595
2023-01-18,1.047738862359,398995131352.913144537758567707,20709.6686040327
2023-01-19,1.066296173366,405991740732.931728133925145702,21071.8334152542
2023-01-20,1.145445917644,436623508826.335671900325157155,22660.7169421391
2023-01-21,1.152147571819,439387994541.33990227616053013,22803.172761543
2023-01-22,1.147415859687,437735066276.403513056291250636,22716.2771966686
2023-01-23,1.157946337765,441857284818.24144723324990552,22929.0248936295
2023-01-24,1.14168583391,435749412018.20020825966127809,22611.1268787259
2023-01-25,1.166238508234,445371057214.868657868120855106,23109.0845189947
2023-01-26,1.161820741319,443458477430.537155122309141579,23008.6894766219
2023-01-27,1.165635900125,444671920357.24789176436104658,23070.4964582116
2023-01-28,1.162375118008,443507093772.120101142877820976,23008.8094649328
2023-01-29,1.200618353218,458299678267.78876292496069132,23774.9963679135
2023-01-30,1.15137768201,439513744530.55255109973459351,22799.427261543
2023-01-31,1.167609671158,445903953177.865276314225787563,23130.0519132087
2023-02-01,1.196241930423,457436212535.370552366131050605,23727.2026075395
2023-02-02,1.184795889398,453185335299.571789183485849248,23505.6048430742
2023-02-03,1.181415746292,452052047565.415649797682895936,23445.8131773816
2023-02-04,1.176437733184,450331066544.21321325072933871,23355.5243863238
2023-02-05,1.156408398602,442673043515.764491107661992521,22957.2251905319
2023-02-06,1.145679319019,438605028941.301156520593625752,22745.1650371128
2023-02-07,1.171652534251,448674357936.554755184574439853,23266.2692036821
2023-02-08,1.154986688723,442355589491.776779501800932896,22937.5799453536
2023-02-09,1.099040577212,420790203963.941345095589494622,21818.1989456458
2023-02-10,1.089446116412,416998493072.583502030316886938,21620.5667837522
2023-02-11,1.101770368949,421730481059.588531522372634686,21864.8626414378
2023-02-12,1.097210551986,419964034322.395314833719971396,21772.1373252484
2023-02-13,1.09866674955,420497959396.18624163845083079,21798.7157168323
2023-02-14,1.119923157609,428692521757.38963315947014458,22222.415043834
2023-02-15,1.22364317031,468884953214.808284480812374894,24304.6129827586
2023-02-16,1.195012046683,458066234824.832752909097588282,23742.4488354763
2023-02-17,1.237767811543,474777985910.941065428962414311,24607.3356054939
2023-02-18,1.239058645614,475367066196.619754043317873085,24636.5266127995
2023-02-19,1.225347760367,470190985337.335660344160689187,24366.9907606663
2023-02-20,1.246658143379,478527590358.21405474491803562,24797.8430359439
2023-02-21,1.226544841574,470883335720.715929741621749785,24400.3893898305
2023-02-22,1.214898364016,466337552716.174234751186055525,24163.7389812975
2023-02-23,1.20196788302,461466839224.232045509989705372,23910.0342104033
2023-02-24,1.165447448567,447316040888.53904733533108757,23175.8242036821
2023-02-25,1.164771417267,447022542624.343035340695396075,23159.8154403857
2023-02-26,1.183865293006,454425911741.452192272895428072,23542.0964281122
2023-02-27,1.181751158136,453714768533.166341901408990154,23504.1894178843
2023-02-28,1.165088210397,446819268836.43954019893076387,23145.9491277031
2023-03-01,1.188892073095,455815311827.325172444673801892,23610.6590902981
2023-03-02,1.181929202448,453121431949.608598836246450383,23470.0254815897
2023-03-03,1.126016843463,431523107640.153715768292551168,22350.0962340736
2023-03-04,1.125231451633,431239053644.686623067171681024,22334.2852638808
2023-03-05,1.130220819242,432912254426.866776042199192344,22419.8171390999
2023-03-06,1.130223291427,432831999828.836889754632644256,22414.7033056692
2023-03-07,1.122035533533,428219361920.739864149129282736,22174.6484725307
2023-03-08,1.098460296734,419098099713.969752384122123824,21701.3846227352
2023-03-09,1.031092147146,393013679640.098265693828165555,20349.8141732905
2023-03-10,1.026171253096,390917907908.01063217577416473,20240.406694623
2023-03-11,1.043781214381,397599044509.804817822848104762,20585.2343290473
2023-03-12,1.118453254664,426221507105.430774921544133094,22065.9800359439
2023-03-13,1.222477139001,466585218228.07847180016162051,24154.4290946815
2023-03-14,1.252017069531,478479673367.314693412427172325,24769.0175691409
2023-03-15,1.233259096934,471562885492.73518448632647978,24409.8017518995
2023-03-16,1.264318230866,483820966773.283110679718122024,25043.2388468732
2023-03-17,1.381709504388,530355563505.565925574551422833,27450.6282933957
2023-03-18,1.357927080335,521401004462.554223833382318266,26985.7359915254
2023-03-19,1.41718434858,544602429934.958287219141060448,28185.2043319696
2023-03-20,1.398348824456,537849646186.574437813195792572,27834.3361090006
2023-03-21,1.413889214116,544415302326.47372235235385582,28172.7950558153
2023-03-22,1.371700451034,528379507078.966962340317838368,27341.5571297487
2023-03-23,1.421886913625,548632503448.671289993282685396,28387.8897495617
2023-03-24,1.375231386162,530807367185.912941438232076032,27464.1249453536
2023-03-25,1.376280144651,531312174636.2839144654439123,27488.954880187
2023-03-26,1.403671575252,542169657055.998332469779485284,28049.3916911163
2023-03-27,1.357098415255,524906913723.993166002171863591,27154.9963702513
2023-03-28,1.363066939643,527422700745.333487493013780295,27283.9634029807
2023-03-29,1.417071461284,548815740560.065616019875040323,28389.2917784921
2023-03-30,1.420441511641,541733941198.057388405432624208,28021.5583009936
2023-03-31,1.443820674085,551292496354.688437733275382247,28514.6813062537
2023-04-01,1.442211549223,550928486203.383130144693499956,28494.5638863238
2023-04-02,1.425206305097,544524713657.57355414191376504,28161.9980362361
2023-04-03,1.409099995135,538533843979.470173321690833634,27850.9799436002
2023-04-04,1.4219430768,543647331979.097442162640355525,28113.9585187025
2023-04-05,1.424960408187,545148282923.031732693834135965,28190.3116063705
2023-04-06,1.41726242259,542445068149.413702116005420896,28049.0744763296
2023-04-07,1.411891341659,540298652289.073580995110545465,27936.8042609585
2023-04-08,1.413111240664,540851301862.026671373523317534,27964.0512498539
2023-04-09,1.432780320048,548492793650.61994519341355614,28357.8072703098
2023-04-10,1.498410626119,574235609982.352656218472938126,29687.5651846873
2023-04-11,1.524007596955,585087519181.19736909238054896,30247.0959193454
2023-04-12,1.506773205338,578654885226.657198832881059008,29913.0035463472
2023-04-13,1.528589539867,587538152475.1359534227797928,30370.82207218
2023-04-14,1.531450017782,589270068912.423581768725427336,30458.9700414962
2023-04-15,1.525286478334,587038231196.817480168335269554,30342.0591084161
2023-04-16,1.523487449103,586498169368.507619318860974836,30312.9308533022
2023-04-17,1.481199761253,570208016248.91769285893720298,29469.5050727645
2023-04-18,1.524898878521,587602759964.485337488403487045,30366.8723813559
2023-04-19,1.445557031038,557245599384.408507219452141219,28796.7440952659
2023-04-20,1.418296444501,546713741184.974025016400754265,28251.2763790181
2023-04-21,1.370138666353,528175134909.002800611850654416,27292.0211052016
2023-04-22,1.396814023725,538564949198.457576977881548236,27827.5475920514
2023-04-23,1.385375480736,534277114846.292519345371877088,27604.6855742256
2023-04-24,1.381178300296,532666177826.665868731426108344,27520.1996729982
2023-04-25,1.420027669157,547833832702.540289546726395584,28302.6942180012
2023-04-26,1.423548393886,549435199387.87000351809422759,28384.2340333139
2023-04-27,1.477024680925,570390261178.37700774605278591,29465.5514272355
2023-04-28,1.470212541775,568196114329.57789380166844576,29350.811886616
2023-04-29,1.463534273428,565718094832.819118415858140106,29221.5145075979
2023-04-30,1.470402257877,568466684139.169951190296965836,29362.0867974868
2023-05-01,1.408272273073,544353449574.56473160402696887,28114.9531873174
2023-05-02,1.436592482997,555521717581.175599122779559152,28690.5809959088
2023-05-03,1.45181633614,562410583931.322723555607754901,29045.0427735243
2023-05-04,1.442232154866,558773645025.0817426774661678,28855.8574465225
2023-05-05,1.476466635695,572294716419.607034164798507904,29552.9695236704
2023-05-06,1.443843173393,559666442122.563688768074900172,28899.4629602572
2023-05-07,1.429877064919,557024258369.15609675552563495,28761.738434249
2023-05-08,1.378067479397,537013903849.535353538630499625,27727.2854091175
2023-05-09,1.374090435543,535396500180.691431817946979264,27642.4281092928
2023-05-10,1.374436923429,535495151707.03926472586618952,27646.004902104
2023-05-11,1.341912915639,522741765621.67451899964370524,26986.271065751
2023-05-12,1.331264514159,518640829707.002868720515417708,26773.3443591467
2023-05-13,1.334669775407,519983463986.636531025330298432,26841.3982913501
2023-05-14,1.338338944895,521501767636.86112053929027072,26918.261597896
2023-05-15,1.352469393563,527597676412.837812101132726176,27231.6216052016
2023-05-16,1.341803499909,523634254375.96971487365455338,27025.7181864407
2023-05-17,1.360182926857,530933746512.833806144018651308,27401.0440610754
2023-05-18,1.332798511609,520149069256.538608815195636864,26843.2350938048
2023-05-19,1.335285312277,521070836897.92111987728339852,26889.503631502
2023-05-20,1.345668504663,525188703696.173687705123868544,27100.8582878434
2023-05-21,1.329584607553,518939805773.357723032325870313,26777.0977831677
2023-05-22,1.331796174941,520546146828.681785179432185926,26858.7370637054
2023-05-23,1.349756710174,527706821772.362961085633066965,27226.8558763881
2023-05-24,1.306148991112,510568856611.54911334878306533,26341.4306446522
2023-05-25,1.312302574122,513373437575.888136933395919788,26484.8359234366
2023-05-26,1.323951129649,517964772439.359268167826918054,26720.3838071303
2023-05-27,1.330559181986,520589684799.388049679374129736,26854.5403702513
2023-05-28,1.391560954233,544713631696.418992030870910984,28097.5211259497
2023-05-29,1.374801000798,538296723420.281638156366259332,27765.0728693746
2023-05-30,1.371662586882,537303974431.53382792564996547,27712.4915844535
2023-05-31,1.347122513076,527734362861.803943515517331552,27217.6832580362
2023-06-01,1.32755818548,520149803853.8614504786733281,26825.3713451198
2023-06-02,1.348499664123,528512754630.38769115695200225,27255.2279941555
2023-06-03,1.339845350422,525125397359.786874294642446931,27079.4084643483
2023-06-04,1.343716524322,526679506782.184398950772348,27158.25456955
2023-06-05,1.276417765634,500086760503.23622296065957338,25785.8514842198
2023-06-06,1.3462357416,527805281358.12237284572059645,27213.7705187025
2023-06-07,1.303228127244,510872747611.903502920522899602,26339.5790292227
2023-06-08,1.312170481703,514430501556.39989432126251272,26521.693600526
2023-06-09,1.309627647538,513468924118.9322759806059706,26470.6775780245
2023-06-10,1.279906228962,501710449004.70023318110533148,25863.2138506721
2023-06-11,1.282204028842,502582898459.831018519810752438,25906.8281516657
2023-06-12,1.282415132209,502606840607.850670279894615318,25906.7519354179
2023-06-13,1.281288526881,502128298740.513232093370656696,25880.8599734074
2023-06-14,1.242758133707,486950552678.458239296749927678,25097.5853796026
2023-06-15,1.265794710232,495929474633.99500935793284078,25559.1433293396
2023-06-16,1.303742036635,510947065430.74211750657404362,26331.8200943892
2023-06-17,1.312806147734,514508639698.387874104436675848,26514.1713495032
2023-06-18,1.304485514887,511424654895.87791182134959626,26353.962682934
2023-06-19,1.326002267293,519678514144.506136835397704271,26778.0634415547
2023-06-20,1.401058308786,549343799477.717731534288188717,28305.4204573349
2023-06-21,1.487688159529,584185860834.03645152639405328,30099.5153509643
2023-06-22,1.479224774259,581358382042.0335984077987952,29952.5112866745
2023-06-23,1.511461032551,594694065924.922402931226597928,30638.3537644652
2023-06-24,1.506266238891,592987890855.036292401142335846,30549.0162872589
2023-06-25,1.501725462895,591433552695.034333537108688445,30467.4403705435
2023-06-26,1.490477217783,587354472876.425818781397265544,30255.8861241964
2023-06-27,1.508993136561,595363699913.820321890802549768,30667.0762948568
2023-06-28,1.480047953676,584453424037.34407558907995185,30104.0432717709
2023-06-29,1.4974352167,591407318592.34581101844595401,30460.792978083
2023-06-30,1.497404119431,591897765637.36797559386619088,30484.503257744
2023-07-01,1.500071404388,593810178287.038252053201959544,30581.6889655172
2023-07-02,1.500295120753,594086124744.982076003202449592,30594.2164736996
2023-07-03,1.525922363387,604620797716.762908558452468334,31135.3575993571
2023-07-04,1.509148391226,598134575137.065318271598868008,30799.9474558738
2023-07-05,1.494037535141,592297040619.17231587503199212,30497.8221282876
2023-07-06,1.470491737414,582261234281.434344859035711669,29979.7298094681
2023-07-07,1.487208780434,589095022829.255888086689773218,30329.8829786674
2023-07-08,1.483788128844,587841663177.43055877695428391,30263.6196341321
2023-07-09,1.478660537861,585923377405.317697316975243672,30163.2210563998
2023-07-10,1.489525354536,590448269412.572279585155469544,30394.6555806546
2023-07-11,1.499536522954,594778750901.72632727563623022,30616.247094097
2023-07-12,1.487755265888,590325510735.384238054935084722,30385.6087852133
2023-07-13,1.538500113181,610731309494.014222455624929688,31434.7354704851
2023-07-14,1.483457241083,588918530172.948088186586505063,30310.6720204559
2023-07-15,1.482403144167,588560314529.384662966379382744,30290.8905958504
2023-07-16,1.480253300626,587790692134.452090738423257545,30249.7729658095
2023-07-17,1.475399676867,585756083872.922236802809755885,30143.7462744009
2023-07-18,1.45985580542,579801229885.062938251955013734,29835.7474076563
2023-07-19,1.463037215762,581330729751.319154470511658426,29913.0294646406
2023-07-20,1.457534391178,579266914318.240594400111771372,29805.6065707189
2023-07-21,1.463442609814,581505118062.623637126136814892,29919.6934921099
2023-07-22,1.453936935337,577765664913.160535478215763702,29726.0096271186
2023-07-23,1.470319604139,584412592865.550608445349312999,30066.5724482759
2023-07-24,1.427138509577,567175501671.5082203930474544,29178.3597042665
2023-07-25,1.42923855151,568034510474.912168253292510654,29221.2548533022
2023-07-26,1.436080716187,570788957155.026948326501915038,29361.5917580362
2023-07-27,1.429632064392,567705587810.322736174196468952,29201.6865175336
2023-07-28,1.440164978549,569959677160.048497868950211717,29316.3130751023
2023-07-29,1.442211649973,570840562162.57631299113214455,29360.376179135
2023-07-30,1.437384415792,568974872634.133916226609317062,29262.8367337814
2023-07-31,1.435482408871,568164226105.163295158418732165,29219.8201887785
2023-08-01,1.449024030947,573629784670.505815269543410874,29499.5875385739
2023-08-02,1.432048628755,566726820626.51549991957898643,29143.1519620105
2023-08-03,1.434367776395,567710991370.106224929962972358,29192.3448617767
2023-08-04,1.427652983063,565105804695.382049186047059454,29057.2532437171
2023-08-05,1.427408392655,565052912292.718208939610993678,29053.0956975453
2023-08-06,1.427044043698,564984423123.512414365390515012,29048.0433275862
2023-08-07,1.432710437146,567273367302.801725282152424166,29164.3585873758
2023-08-08,1.46267267691,579261915351.56496926622588522,29779.511383986
2023-08-09,1.452750656477,575468304282.020800340770050324,29582.9442375804
2023-08-10,1.445222004734,572519595905.101008583306779925,29430.1599117475
2023-08-11,1.443460117805,571956438561.50120486719798482,29399.784739626
2023-08-12,1.444002195989,572297423307.24420587261259128,29415.733902104
2023-08-13,1.437480909277,569800385426.159216359885546682,29286.1176110462
2023-08-14,1.443311936754,572222106279.279132263182523394,29408.9717127411
2023-08-15,1.43140313407,567556759131.4547710743631032,29167.59721654
2023-08-16,1.411251226179,559543774142.679890650671826046,28754.2924079486
2023-08-17,1.309597789983,518826863048.630696754319569862,26660.5627264757
2023-08-18,1.279955274829,506721783913.45656668214133864,26037.3658474576
2023-08-19,1.282875825078,507846438071.15138309818519533,26093.981808007
2023-08-20,1.287026193244,509478386019.288687473778821985,26176.4721642315
2023-08-21,1.285209423972,508579521674.7415575152322441,26128.9050160725
2023-08-22,1.278234400958,505669568328.70555976009032263,25978.2096914085
2023-08-23,1.301640510691,514919209015.0047226190383383,26452.1935882525
2023-08-24,1.286264498958,508607674820.29226863580205582,26126.7943331385
2023-08-25,1.282530939849,506957185572.90490488200100386,26040.881255114
2023-08-26,1.280910484603,506303782993.018832626062584949,26006.1740800701
2023-08-27,1.284719699038,507883827671.599498731352607868,26086.3612594974
2023-08-28,1.285785965076,508232408563.720806450844216494,26103.2765730567
2023-08-29,1.3631929159,538807201879.903691242604118144,27672.2221306254
2023-08-30,1.344866297954,531561630095.86506813258187635,27298.997779661
2023-08-31,1.279294333561,505412286329.011675100499010022,25954.8665935126
2023-09-01,1.272142442172,502475261599.459363395403490967,25802.7885298071
2023-09-02,1.275429178013,503775509930.825778701809661349,25868.2960976037
2023-09-03,1.280178738226,505636660531.693027674952099305,25962.5475689655
2023-09-04,1.272295663234,502485734430.552076871730801781,25799.5256870251
2023-09-05,1.271797475869,502171430649.916220807738935452,25782.3622200468
2023-09-06,1.270666304167,501656133395.863796331322646383,25754.7902676797
2023-09-07,1.293153415402,510558478038.275315896617750222,26210.6045637054
2023-09-08,1.278230950625,504621236835.853274223134120706,25904.6982127411
2023-09-09,1.277871761676,504449363829.6964601920874881,25894.6205976037
2023-09-10,1.274805713565,503242767131.7789328530157915,25831.4647802455
2023-09-11,1.240998802155,489700142564.457331803213266156,25135.0393781414
2023-09-12,1.276849786407,503841361451.70365842944070284,25859.7018068381
2023-09-13,1.294929881704,511019169908.623653080146483281,26226.8667524839
2023-09-14,1.31072461763,517460186589.92448812235133332,26556.056943308
2023-09-15,1.316247721823,519762749395.753253654763549255,26672.6160818235
2023-09-16,1.31045230781,517508914919.998211613390840013,26555.6361031561
2023-09-17,1.30778359727,516496770733.766100599355242918,26502.4321189363
2023-09-18,1.320321096515,521632787593.762221806187261356,26764.6319064874
2023-09-19,1.341491282124,530434922294.038919456633758426,27215.0504848042
2023-09-20,1.337531751739,528868345382.321140214882376855,27133.4037235535
2023-09-21,1.310046276386,517940823891.062051909647752415,26571.5952919345
2023-09-22,1.310529519075,518148451376.850485656813602666,26581.1476116306
2023-09-23,1.310250960634,518069661036.8464458198357924,26575.776386616
2023-09-24,1.296058458113,512457226998.516020726964152785,26286.6410488019
2023-09-25,1.296187807462,512523325127.04504331840220429,26288.8095005845
2023-09-26,1.291644411828,510707682977.896618231393311304,26194.5378880772
2023-09-27,1.298711354638,513493183428.734368704364913315,26336.0825973115
2023-09-28,1.332826815107,527114436863.465395536831515626,27033.4254415546
2023-09-29,1.326653306014,524756938047.957368889039937156,26911.2514739918
2023-09-30,1.329742814001,526075791386.055005889447930892,26977.6933126826
2023-10-01,1.377331393995,545063625648.501181376716000244,27950.1453594389
2023-10-02,1.35843524556,537597189376.079468843739564948,27565.8892954413
2023-10-03,1.351957092666,535153460226.514446588723385048,27439.1422393337
2023-10-04,1.369035570095,542160520527.8175065258082652,27797.251176505
2023-10-05,1.350981968888,534950498590.646255213851384935,27426.3450926359
2023-10-06,1.37581058469,545035568358.975183352292673935,27941.9633760959
2023-10-07,1.376921632645,545666018320.836920216398226454,27972.7515704266
2023-10-08,1.375035048808,544981306054.719171246029721342,27936.3261157218
2023-10-09,1.357643501831,538278357094.678364874669757296,27591.3467618352
2023-10-10,1.349224905545,534959366481.384937784757392547,27419.7971803039
2023-10-11,1.320267435058,523443617438.489401632137441797,26828.1725710111
2023-10-12,1.316151935393,521777018609.807180674725363723,26741.3405990649
2023-10-13,1.321220609655,523772953760.598411610862678424,26842.4467703098
2023-10-14,1.321559699731,524178794761.675932370581259152,26861.9892375804
2023-10-15,1.334644980263,529442998597.068683025483628848,27130.3067092344
2023-10-16,1.401484702482,556330012853.786493807235573782,28506.7936741671
2023-10-17,1.397569787083,554922670009.31561568514062555,28433.2051522501
2023-10-18,1.392147247637,552896547827.53423244649717344,28328.0750195792
2023-10-19,1.410163206398,559992553526.07522404111683128,28690.358041204
2023-10-20,1.458847579295,579821427846.189439334144984127,29704.9853673291
2023-10-21,1.469157536053,584096126027.663456982731606518,29922.5464044418
2023-10-22,1.471860430263,585327499000.036525246701352411,29984.1593196961
2023-10-23,1.613500605985,643338061309.710898623723028948,32954.1690482174
2023-10-24,1.654397557736,661457680682.435016053670284813,33880.9566537113
2023-10-25,1.681601781377,673352887607.27317058959299674,34488.6589210988
2023-10-26,1.663662918099,667387843568.638159031161889467,34181.4922521917
2023-10-27,1.648793504518,661864606136.33452688106758292,33896.938528346
2023-10-28,1.65738945553,665699403187.607655286720987812,34091.5890327294
2023-10-29,1.679987904494,675155541179.4106481467048836,34574.3377206312
2023-10-30,1.674700476949,673641945531.776965080807411367,34495.1050207481
2023-10-31,1.679986208289,676435313127.443734458558372408,34636.4264736996
2023-11-01,1.715331297044,692005135084.231031503628212377,35431.9794532437
2023-11-02,1.687432786238,681313058707.276962128781729988,34882.9173366452
2023-11-03,1.677473281454,677930509621.077365116084076648,34708.2218804792
2023-11-04,1.695198047921,685445372905.599928835763637065,35091.0763062537
2023-11-05,1.69531363252,685753933111.165918297322540084,35105.0420265926
2023-11-06,1.690062847822,684075855228.601736327726255616,35017.7151484512
2023-11-07,1.707693280842,691934232277.766594178037231465,35418.4768901227
2023-11-08,1.724477503,699379861493.969846609298462206,35797.8946090006
2023-11-09,1.762200964364,716554937246.175674897582128014,36675.3264333723
2023-11-10,1.792853668717,730114337393.773683003546719868,37367.4943722969
2023-11-11,1.773581111946,722578816039.14036805324299645,36979.9312405026
2023-11-12,1.776498366314,724050510722.784148685294429501,37053.3410514319
2023-11-13,1.751221714879,714110932281.143851317334112892,36543.2680870836
2023-11-14,1.705402061503,695526681621.990942355195203069,35590.6835645821
2023-11-15,1.810152914492,739529498353.953778080844432908,37840.5534894798
2023-11-16,1.729237075753,706727280727.506845710794328218,36160.4044509059
2023-11-17,1.747806543208,714761166975.2007602380448396,36569.7120534775
2023-11-18,1.74769689693,714945979789.767105941016273587,36577.4249617183
2023-11-19,1.78814575059,731899071791.29397009011575893,37442.7285119813
2023-11-20,1.789732455017,733371228930.537469532378660382,37516.0503708358
2023-11-21,1.717720966087,704454241190.684255663404248909,36035.0330862069
2023-11-22,1.780655097435,731230704479.348525637518118975,37403.0347168323
2023-11-23,1.775570834214,729479763214.528627675093366768,37311.7192156634
2023-11-24,1.793664605571,737477876623.195758615444675,37718.7841630625
2023-11-25,1.796938311512,739105838366.730224597855610262,37800.1260932203
2023-11-26,1.781247130023,732933517212.29420980995752266,37482.7055260082
2023-11-27,1.768699884325,728007625505.059734662319392835,37229.2452197545
2023-11-28,1.795694998493,739759969555.18967329014172266,37828.4655911748
2023-11-29,1.794443185541,740151719383.566702773318450904,37846.8531227352
2023-11-30,1.787790724759,737559963657.608369426157139911,37712.7114789597
2023-12-01,1.831958430263,756979072757.149851581288030627,38703.5536820573
2023-12-02,1.866562636124,771849857306.78811931363265193,39462.2799272355
2023-12-03,1.88957149278,781982500933.86885529563557525,39978.2226104617
2023-12-04,1.974157660867,819814934315.096806201259135782,41910.2994815897
2023-12-05,2.070210110876,862040657424.901430046569522112,44067.0054763296
2023-12-06,2.049004981703,855795078786.49726169030090112,43745.8343907072
2023-12-07,2.024192806038,846764339890.76883829059711468,43282.6182261835
2023-12-08,2.063554127808,864847778236.876548861063390528,44205.0522089421
2023-12-09,2.040603828859,855792329926.905077717039994432,43740.0063927528
2023-12-10,2.039126541822,855687879830.67423873097049856,43732.7120900059
2023-12-11,1.920421604102,806366344749.79670982433275588,41209.8947904734
2023-12-12,1.928403638971,811439872900.628400335161744524,41467.2735698422
2023-12-13,1.994507456072,840280084906.09063506276878388,42939.0607583285
2023-12-14,1.997076014934,842160345950.725398828940575305,43033.1371560491
2023-12-15,1.945584187067,821555930265.735322825124877072,41978.0970195792
2023-12-16,1.954587603816,826001802531.842884918343028338,42203.2140450029
2023-12-17,1.918432937883,810881174245.314967340662028304,41428.6657855056
2023-12-18,1.970997560336,834551810875.268025613105541433,42635.7331911163
2023-12-19,1.952266717846,827472216777.70775073010671888,42271.863025716
2023-12-20,2.010355157868,853610950918.371980492358433254,43605.1555549386
2023-12-21,2.02055347695,858840219309.127223769741013248,43870.2382340736
2023-12-22,2.024349186253,861612765680.021542051458868276,44009.5016551724
2023-12-23,2.012046953684,856944238425.81846265131874706,43768.8067518995
2023-12-24,1.978993772604,843852920767.259772377124503433,43097.8093258329
2023-12-25,2.002168071468,854188718516.318548790498451369,43623.7504029807
2023-12-26,1.947666354666,832047859801.01993849549405313,42491.1229079486
2023-12-27,1.98454282113,850603955311.532277322342215618,43436.9594269433
2023-12-28,1.948191066046,835630557952.10476041922175922,42670.6797180012
2023-12-29,1.915289168243,822508753451.749700872295493513,41998.6033442431
2023-12-30,1.923525954915,826579160024.251020400620842571,42204.4917744009
2023-12-31,1.923147103068,826868406538.170851410630805616,42217.1587913501
2024-01-01,2.005011405976,862798932438.551517021648152975,44049.4735534775
2024-01-02,2.041843744783,880301238448.19064090881980887,44941.160493571
2024-01-03,1.941607815328,837886611759.971915025844414985,42773.6515423729
2024-01-04,1.991280476371,866868194472.456113653167916803,44250.7452670953
2024-01-05,1.983754393826,864860632050.227567414496984005,44146.3222022209
2024-01-06,1.972626827535,860425656118.423463837309312952,43917.9798147282
2024-01-07,1.968589392178,859012443610.01010375080585696,43844.195949737
2024-01-08,2.105199604079,920512392403.762042727562960924,46981.3242995324
2024-01-09,2.061111820714,902974871223.53720138427049706,46084.005795149
2024-01-10,2.090437479903,917398869581.06125213530513335,46818.1592764465
2024-01-11,2.06755309096,908880379024.565634365777558528,46380.8708082992
2024-01-12,1.910157143573,839096097616.406630705764452756,42817.4305356517
2024-01-13,1.911017344621,839717259324.388649615411275148,42846.9544699006
2024-01-14,1.868072683047,820960086253.579874079149356993,41888.1513068381
2024-01-15,1.895817002527,833548710417.609963093765513988,42528.9192489772
2024-01-16,1.915131498731,846175712864.970303994707196651,43171.4472241379
2024-01-17,1.892920670298,836757824473.36385228986772652,42689.304327294
2024-01-18,1.826405496575,808815882007.232893292604442974,41261.9076177674
2024-01-19,1.840326498572,815611837232.077245921831633256,41606.8535330216
2024-01-20,1.842828285649,816861256061.063889087392469248,41668.6904102864
2024-01-21,1.836787376079,814318181968.093177746822301212,41537.1123562244
2024-01-22,1.750703117876,775932511818.811494461718640896,39577.0998603156
2024-01-23,1.75685238167,779111859291.350169238797979688,39737.3143617767
2024-01-24,1.769398537471,786296878249.512654584522693553,40101.8568980129
2024-01-25,1.759912897525,782730418148.3041597938265982,39917.6611461134
2024-01-26,1.843658004535,820871113388.833274436902079228,41860.7310458796
2024-01-27,1.854538165179,826104247111.5658400774633457,42125.3014155465
2024-01-28,1.847823938144,823356005467.929939576360270793,41983.0202744009
2024-01-29,1.900281404617,847624931690.991662059095114882,43218.3470821157
2024-01-30,1.884454643724,842401659509.739738526569493587,42950.0541277031
2024-01-31,1.865776569305,835364222162.08843108864955652,42589.4708059614
2024-02-01,1.883692689819,843856959361.579320936808541266,43020.3596548802
2024-02-02,1.888479126867,846556232629.225426968587337728,43155.3852030976
2024-02-03,1.880647419447,843203026562.882784693642184608,42982.3789979544
2024-02-04,1.862423695961,835277882869.200544411190589198,42576.2913050847
2024-02-05,1.863325630825,836162692896.98084931880352295,42619.2742738165
2024-02-06,1.881777313878,845693113581.418365790512187527,43102.7062632963
2024-02-07,1.929905898886,868307228059.183511435304374277,44253.0314731151
2024-02-08,1.974244701407,889519016233.1360528334656396,45332.09157218
2024-02-09,2.050894304805,925768615916.411752921805995299,47176.9665137347
2024-02-10,2.075743628106,937900623195.308444279507034944,47792.8972156634
2024-02-11,2.091679256465,945946661324.015535308314419302,48200.7986057861
2024-02-12,2.163451148703,981112034988.735624070841075,49989.80371654
2024-02-13,2.144571750971,974054908900.811575779954150606,49628.0941528346
2024-02-14,2.227481564237,1017597474063.253353153382182284,51844.2929193454
2024-02-15,2.227672856945,1019510236754.08290409512200832,51939.1472919345
2024-02-16,2.233361065632,1023836267564.016665311290164742,52157.3123977206
2024-02-17,2.211108586549,1014413414440.102252505869357427,51674.8158521333
2024-02-18,2.229209056718,1023743059920.698813218018911628,52148.0645365283
2024-02-19,2.207720044105,1017048408416.950016875695493173,51804.8051537113
2024-02-20,2.226411177484,1026974429999.088250077781614135,52308.0531712449
2024-02-21,2.199223255693,1015951209301.8634071065997827,51744.321808007
2024-02-22,2.176256754311,1007119959019.426868666368815836,51292.3252574518
2024-02-23,2.151044247173,997290498112.265798541800240775,50789.1431759205
2024-02-24,2.182874558495,1012829187887.01522695178665945,51578.2349164231
2024-02-25,2.188723304731,1016185995310.120056491030661216,51746.4789669784
2024-02-26,2.30035580813,1071322129159.330999542570827379,54551.8259184687
2024-02-27,2.39296751458,1120426601291.38617739741600629,57049.888220339
2024-02-28,2.578804516452,1226750759834.85874352716323654,62460.740619813
2024-02-29,2.523625575021,1205865991757.462710228212494496,61394.7818515488
2024-03-01,2.552193764104,1228113241125.58678776229336048,62524.401817066
2024-03-02,2.530515094253,1218836653884.749584832607643934,62049.6145637054
2024-03-03,2.564912446775,1237397939322.018953305534392223,62991.4422913501
2024-03-04,2.751198902437,1337644545844.467432110113580538,68091.8388243717
2024-03-05,2.565781926711,1256356364718.29000152308282,63950.524329924
2024-03-06,2.612226371577,1298715391395.493923225111502341,66103.7215400351
2024-03-07,2.630694305772,1317782410417.256465900796523488,67070.3791484512
2024-03-08,2.663773784415,1342866381837.384480793456019349,68343.7149552893
2024-03-09,2.664446669894,1346056196239.383653257812580572,68502.5053392753
2024-03-10,2.673324643842,1353579668685.426183684560837625,68882.2513395675
2024-03-11,2.776042557045,1418814650993.161119759429856185,72198.0875341905
2024-03-12,2.732831670246,1403836996419.445049264785586088,71432.7283018702
2024-03-13,2.746836537171,1436314177938.628489358411516365,73081.5759053185
2024-03-14,2.676637138189,1405397203963.986307283452314569,71505.2729076563
2024-03-15,2.593181988006,1364563991872.797144581830581656,69424.9141753361
2024-03-16,2.443363523614,1286174217035.593098257441825805,65433.6819006429
2024-03-17,2.541969044316,1342284214005.924872221265164593,68285.0891691993
2024-03-18,2.51875351754,1332237494666.770487819363094527,67770.8865245471
2024-03-19,2.30649799611,1218251084304.75197498372527001,61969.3075394506
2024-03-20,2.517432122856,1333885263897.73648760302961754,67848.1076396844
2024-03-21,2.425056482588,1286880964052.164079600894103904,65454.7357232612
2024-03-22,2.347242779085,1248237492815.0354158224214396,63486.4849997078
2024-03-23,2.355130916016,1265499269578.233731316775212154,64361.2429047341
2024-03-24,2.459089042138,1323148747346.792037680524519439,67289.5658310929
2024-03-25,2.531973278125,1377329438014.781895976089924432,70042.0204237288
2024-03-26,2.529858023857,1377958914921.44706658115451625,70071.0472144945
2024-03-27,2.497305617703,1362223531385.00484738455292954,69267.8879815897
2024-03-28,2.542320039061,1392950313815.106243383995437678,70826.8968714202
2024-03-29,2.50681430136,1375119172323.96549292236876507,69917.0430070134
2024-03-30,2.495980095994,1370190408232.724827179763199241,69663.0119073641
2024-03-31,2.54947270434,1401022109461.656063457516839306,71227.4517939801
2024-04-01,2.483865174687,1372845320592.962943000280250564,69791.6277305669
2024-04-02,2.325824861038,1289150894904.950946494037115314,65533.7548351841
2024-04-03,2.343574739079,1300942909083.021331143482039813,66130.2162393337
2024-04-04,2.422340254314,1346404337707.19223602028810246,68438.135024547
2024-04-05,2.401839662162,1335976840644.872778242476291067,67904.9094766219
2024-04-06,2.442327543695,1360265973337.553316110884413888,69136.0710783168
2024-04-07,2.449775072637,1365388593961.608644460130904892,69392.6830108124
2024-04-08,2.52594267686,1411110586059.4548629109051293,71712.7972840444
2024-04-09,2.431151797828,1359260007106.198932614439238328,69074.5418638223
2024-04-10,2.480887886464,1388940357095.897016600609581304,70579.4456767972
2024-04-11,2.459930871341,1378511306220.926306667048460902,70046.5536057861
2024-04-12,2.355699837214,1320543247051.60041877385567148,67098.113691993
2024-04-13,2.266724603585,1270492985833.117120352988692928,64551.6482875512
2024-04-14,2.303797513539,1292151526364.209485785942185568,65648.8099602572
2024-04-15,2.224653591762,1247813165529.84981139431756219,63393.325166277
2024-04-16,2.235583060627,1255585004528.342670205330837432,63784.8203340152
2024-04-17,2.150115532828,1207201304926.81548480369725889,61324.2184286967
2024-04-18,2.223657090198,1250290039869.5878726102831086,63510.14500263
2024-04-19,2.229521797353,1255319975339.040110162650754102,63762.6310300994
2024-04-20,2.268874228093,1277895532215.442978902357488316,64907.9928366452
2024-04-21,2.270178573833,1279109157045.17675689966692679,64968.192619813
2024-04-22,2.336371416788,1318052855171.249075463698267876,66944.5960911748
2024-04-23,2.315430605828,1307075893683.751824125488576265,66385.3002919345
2024-04-24,2.229186378145,1263882566632.75072415871192453,64189.9679064874
2024-04-25,2.239412644798,1270318817448.162540757543467415,64515.3874725307
2024-04-26,2.213395882136,1255815635501.88337900226648709,63777.4715002922
2024-04-27,2.200293292653,1248987882000.53249583094491416,63429.3099649328
2024-04-28,2.182739504636,1240140042894.857994440882310232,62978.5770049678
2024-04-29,2.213049963714,1258475557385.625170830097421929,63908.3888766803
2024-04-30,2.099491659604,1194069248252.204506950583492964,60636.3261633548
2024-05-01,2.01516295818,1144969805261.135709813413569004,58141.7772799532
2024-05-02,2.050901531028,1165247264400.393491267679783405,59170.1088936295
2024-05-03,2.180678249434,1240373492062.469508114212276568,62983.6554783752
2024-05-04,2.210725676775,1258076134304.825547256271985891,63881.1305429573
2024-05-05,2.216655067084,1261776217571.701691021369188359,64067.5959918177
2024-05-06,2.186202853853,1245266971187.336994612103415007,63228.1031341321
2024-05-07,2.157205469069,1228922316589.06995064680496025,62396.999720339
2024-05-08,2.110540935051,1202993674653.4017460158223104,61079.27442782
2024-05-09,2.175223560734,1240822352263.66152797220706008,62998.4903381064
2024-05-10,2.102988744981,1199451802640.426911032303237468,60896.6418880772
2024-05-11,2.100448702876,1198436760485.340698792509717698,60843.5729240211
2024-05-12,2.119745795365,1210038071267.050639717705811506,61431.2746879018
2024-05-13,2.168233271084,1238739810860.90010559824872862,62886.9394491526
2024-05-14,2.121406641577,1212540748352.619656514443779412,61555.5670046756
2024-05-15,2.275705533512,1305663490423.484824319202836321,66281.5322542373
2024-05-16,2.238813737175,1285751959588.023359826531471192,65269.2603246639
2024-05-17,2.293532882786,1319020493592.986031729427184478,66956.4409476914
2024-05-18,2.293351817746,1319464124823.795342438681809795,66977.6006914085
2024-05-19,2.267741433359,1305348788162.148900809649672546,66259.4704260666
2024-05-20,2.430732575262,1402758099414.359957817087768888,71202.2025902981
2024-05-21,2.392177115696,1383383873548.005903916883586825,70217.2546914085
2024-05-22,2.350508549105,1360911099802.735429616988796088,69074.9141350088
2024-05-23,2.30342600975,1335015492496.505239525185967041,67758.7306586791
2024-05-24,2.329942400919,1351802183524.93466358973512599,68608.998279661
2024-05-25,2.351755247843,1365112585433.804069404462727181,69282.7925976037
2024-05-26,2.321857258415,1348641220725.702130869110340885,68445.0069532437
2024-05-27,2.349289009693,1366456821776.78018366120763944,69347.815260374
2024-05-28,2.276025405912,1346682624470.323276257691593618,68342.8204488603
2024-05-29,2.249666771523,1331764329620.136051040495220208,67584.2632402104
2024-05-30,2.274593932765,1347381651646.683030495214088082,68375.4760260082
2024-05-31,2.240434640049,1327752245108.245316315169893166,67377.7626122151
2024-06-01,2.250811711614,1334414955080.083608581956931754,67714.3526399766
2024-06-02,2.252890611825,1336240533927.671225560530939808,67805.4855742256
2024-06-03,2.282844084426,1356529467104.469703493687285847,68833.3028351841
2024-06-04,2.336035028633,1390471342294.432158583840127835,70554.0894330801
2024-06-05,2.350051564625,1401009939445.891038073928722648,71087.4433158971
2024-06-06,2.333807126267,1395147734909.96260958320003349,70788.5013755114
2024-06-07,2.283767499815,1366594140735.11296986218357589,69338.1573240795
2024-06-08,2.281753656488,1366078592262.968334253353392432,69310.1092618352
2024-06-09,2.291783692164,1372693139520.203885820039385132,69644.0190894214
2024-06-10,2.284430208974,1369213276623.994986723839656428,69465.9362478083
2024-06-11,2.210797104332,1327892843551.05193216469677306,67368.263506429
2024-06-12,2.236528862009,1344590981955.842533549181411366,68213.8346838106
2024-06-13,2.189193919128,1316427135683.066745139370860548,66783.4902767388
2024-06-14,2.162288948988,1300658337179.10790304492168944,65982.1865195792
2024-06-15,2.168574282271,1305076332518.8727523404947449,66204.904308007
2024-06-16,2.181700780897,1313344170121.058070289260285825,66622.5999336645
2024-06-17,2.17600767278,1310638614936.662145262944230488,66483.8785260082
2024-06-18,2.131170120016,1283627261670.329206768062765736,65112.1230020456
2024-06-19,2.122527340691,1279053591186.536654030927748528,64878.7141525424
2024-06-20,2.122824344632,1279454884177.929941701275970029,64897.7011542957
2024-06-21,2.094841851078,1263481239279.285771460164916137,64086.0489228521
2024-06-22,2.094393635978,1266904515441.62460185873983779,64258.135506429
2024-06-23,2.064629768046,1248923864108.922252674151544932,63345.0218760959
2024-06-24,1.965852605759,1188106947758.88681514984054098,60258.9554374635
2024-06-25,2.013824808421,1217325575193.91904542295787039,61739.6658477498
2024-06-26,1.983142815892,1198712185856.719524600234960062,60794.4760584454
2024-06-27,2.00449611147,1214027045201.079041359368077734,61569.9234275278
2024-06-28,1.963323618484,1189077674566.551062406429417725,60303.3147364115
2024-06-29,1.982090071071,1200662758639.69700837614570593,60889.3298430742
2024-06-30,2.04224535277,1237638479045.04323487116874479,62763.2796861485
2024-07-01,2.04314593286,1239088312485.809404361964346575,62835.3997647575
2024-07-02,2.017079157971,1223207576249.121635095074177741,62028.6170385739
2024-07-03,1.956495892684,1187497690834.354338537483344631,60216.3920859147
2024-07-04,1.867131113244,1132341877598.468351133527851684,57418.2420213326
2024-07-05,1.84216706331,1118612820894.606054242325449475,56720.9881256575
2024-07-06,1.891715119434,1148978860522.48682190329378624,58259.221773232
2024-07-07,1.82212870475,1106667719773.187591996638321168,56112.5725587376
2024-07-08,1.84231499501,1118121839034.7311610378418784,56691.9149061952
2024-07-09,1.882826099963,1143582599028.234752297536117076,57981.4320967271
2024-07-10,1.873671456415,1138490509268.565149472696568983,57722.0113527177
2024-07-11,1.860391707754,1130344087896.42043174053052302,57307.712738457
2024-07-12,1.877696697499,1141247236802.80177329336321722,57859.1202819988
2024-07-13,1.924461076714,1170269292685.84171906580940609,59329.0372016365
2024-07-14,1.978252221421,1203557535228.193548035433357008,61015.0339412624
2024-07-15,2.094337235781,1276962300259.140131210486156986,64734.7611697837
2024-07-16,2.10249498714,1284568316160.646561280277253226,65118.8266583869
2024-07-17,2.0722141993,1266501997732.331682639495704601,64201.3707805377
2024-07-18,2.063284607936,1262245674295.565076786631700862,63984.3022022209
2024-07-19,2.146794861585,1316950533921.24338724479327027,66755.7833828171
2024-07-20,2.159544550027,1325462534018.332366479432437905,67185.4978112215
2024-07-21,2.186185421436,1342684327868.013404712373163697,68056.6201215663
2024-07-22,2.167482354881,1332434998137.291956006271043467,67535.1976738749
2024-07-23,2.109594621683,1300531918961.33714474960069506,65916.4081616014
2024-07-24,2.091076478928,1289452069316.241137453902229676,65353.3857784921
2024-07-25,2.101052278672,1296759680321.89555214947286127,65722.0611917007
2024-07-26,2.167988897972,1340008042854.50613070487749199,67912.2433091759
2024-07-27,2.17149524018,1343299057385.039126126944682405,68077.3730812391
2024-07-28,2.173689504641,1345171498943.896849370390106888,68170.6691309176
2024-07-29,2.130351323441,1319487462592.140869692671842,66867.167277031
2024-07-30,2.10753663783,1306095087232.029248847111937596,66186.9146861484
2024-07-31,2.060104597961,1276596836711.347787160268157855,64690.6340385739
2024-08-01,2.073446664875,1286244065719.222623371675056524,65178.0554891876
2024-08-02,1.958129492294,1213817797251.565920783390423402,61506.7698877849
2024-08-03,1.931910948089,1197690043760.843212028862238305,60688.2444272355
2024-08-04,1.85658107668,1150707429146.878820905059176775,58306.2644786675
2024-08-05,1.734614783702,1072529021264.889412594489219344,54343.6276773816
2024-08-06,1.790105908673,1106180699377.313935810221507864,56047.4712866744
2024-08-07,1.76102665944,1088088938095.443318221249372739,55129.7410376973
2024-08-08,1.974027468759,1221911146638.463911910654077612,61908.7896724138
2024-08-09,1.934847151042,1198490907345.185026102880675302,60720.9407594974
2024-08-10,1.937094140148,1201488224323.970781347831914815,60871.5550727645
2024-08-11,1.872742222889,1161341917394.851173380886946767,58836.1043722969
2024-08-12,1.890144044639,1172382636726.979923330676747644,59394.1629538282
2024-08-13,1.926417221684,1194954421029.101317415218529856,60536.2457846289
2024-08-14,1.87350048326,1161508436746.067357571877340085,58840.6466797195
2024-08-15,1.835793831991,1137919278895.1728914569359014,57644.1876879018
2024-08-16,1.876508258409,1163274113459.305330635478062944,58927.2765087668
2024-08-17,1.891903199321,1172923422382.603421115724740246,59414.6743351841
2024-08-18,1.871999609436,1160683488749.227983085742043672,58793.2061458212
2024-08-19,1.891279440638,1172914231316.017929161686192596,59411.5190169492
2024-08-20,1.882426600371,1167251872460.359942911499484832,59123.3002662186
2024-08-21,1.945233846186,1206957302716.625198935335233969,61133.0256493279
2024-08-22,1.921170694846,1192406173923.517191369169543656,60394.4737749854
2024-08-23,2.035903975825,1265733883467.168152161485210564,64106.8029152543
2024-08-24,2.032046751517,1264114353900.4880318083466469,64023.226703682
2024-08-25,2.046583028581,1273515741882.974868295710845677,64498.0183413209
2024-08-26,1.998001382993,1243636765954.650774817332381294,62983.4427729398
2024-08-27,1.891971799295,1175828958505.758020906355183013,59548.0076215663
2024-08-28,1.875827072948,1167027678458.670650762504392168,59100.7747548217
2024-08-29,1.883349152914,1171771866967.594216300753514645,59339.7909947399
2024-08-30,1.876982694923,1167910930786.791796597302464809,59142.9399640561
2024-08-31,1.87073697854,1164323996819.61027222292238304,58959.926273232
2024-09-01,1.820019010688,1132538921721.955963416440628888,57349.0807180012
2024-09-02,1.877143284457,1168312845795.648158998016329466,59159.0238877849
2024-09-03,1.829729699885,1138297029175.874218617967180229,57637.7754444769
2024-09-04,1.841861370616,1146137641743.474502476953514253,58033.3989704851
2024-09-05,1.781930708989,1108236739981.004220580181097305,56112.9529400935
2024-09-06,1.710811543806,1063349406183.805186792041026892,53838.9534623028
2024-09-07,1.718206634267,1067869086202.057275292688768999,54066.4399248977
2024-09-08,1.743469313486,1083556715258.813745296377601496,54859.2584082408
2024-09-09,1.814072811646,1128547518526.822387332120688768,57135.7814371712
2024-09-10,1.830850569033,1139015466135.682619088311380542,57664.4998214494
2024-09-11,1.822802476165,1133991945926.98132757086525816,57409.1950663355
2024-09-12,1.844923692611,1148151626487.319723793048426033,58124.6418065459
2024-09-13,1.918166417135,1195824511492.55137847033808921,60536.8814503215
2024-09-14,1.901061522523,1185386846216.022326684118422952,60007.1702507306
2024-09-15,1.873189573393,1168085465734.029255794263910976,59129.9197536528
2024-09-16,1.844209085413,1150280600030.674692039852463,58227.46421654
2024-09-17,1.906555569386,1190031170202.884560657462895913,60238.2177255991
2024-09-18,1.938486988135,1211156711137.165103554506584564,61306.2337317358
2024-09-19,1.989407371018,1244536027989.034520613387337564,62994.6096528346
2024-09-20,1.991251479392,1247712645343.231070451706085958,63153.9518270018
2024-09-21,1.997224680189,1251962918584.13568370117895961,63367.7296078317
2024-09-22,2.00309504051,1256024783427.43880897468627939,63571.9521729983
2024-09-23,1.993210662996,1251392097859.850218358957479,63336.0126347165
2024-09-24,2.02322807255,1271313129462.336701926633131632,64342.7891113384
2024-09-25,1.980828516174,1245988223233.761069481761126092,63059.6269167154
2024-09-26,2.040909822528,1285496061106.93045418244206667,65057.7861461134
2024-09-27,2.061133588941,1299551877858.943713821073705707,65767.7132542373
2024-09-28,2.059734897491,1299634003244.564969704511219471,65770.5276478667
2024-09-29,2.054377793402,1296647099791.241595270253777515,65617.7610689655
2024-09-30,1.980655974681,1250084222714.11363055449435134,63260.0425482174
2024-10-01,1.906306811115,1202652137478.441652200002584524,60858.2487086499
2024-10-02,1.901135632078,1199279596723.504826004206961229,60686.0993135593
2024-10-03,1.903667765594,1200873514750.205433577183161451,60765.2367498539
2024-10-04,1.942653036999,1226346035907.78086134469456952,62052.5100496785
2024-10-05,1.941600018448,1225939409986.730931451124173226,62030.4538977206
2024-10-06,1.964736190677,1240978188262.510150886203298605,62789.8814555815
2024-10-07,1.952455630153,1233629090802.9285200007726288,62416.508829924
2024-10-08,1.926780183281,1227926230938.88736872632648835,62126.3273769725
2024-10-09,1.880158282942,1198084020487.345946472617167264,60615.2581917008
2024-10-10,1.868650690361,1190322842678.682376407325399701,60221.1172869667
2024-10-11,1.931911669891,1234653841758.97376582717331485,62462.539962595
2024-10-12,1.953970337674,1249315889028.006854387483171033,63202.8806992987
2024-10-13,1.939547429605,1240577394495.5433285061427544,62759.431113384
2024-10-14,2.039522213226,1306437310355.320595731022234302,66089.7587410871
2024-10-15,2.060181206339,1323158084525.47267058965968041,66933.974833723
2024-10-16,2.079852586869,1337598426066.137663220542754132,67662.9534038574
2024-10-17,2.067823405287,1331205778724.28715523857122758,67337.9075482174
2024-10-18,2.097751626956,1352044329417.827954972733243105,68390.5375625365
2024-10-19,2.095293659588,1351436024579.499460768632440796,68357.8982963179
2024-10-20,2.110307256847,1364411911597.13075643587161348,69012.3532089421
2024-10-21,2.056928495458,1333370812454.557330922215638865,67440.4625058445
2024-10-22,2.054857304008366812,1333109112878.573520363403078692,67425.7553211572
2024-10-23,2.030149964645596177,1317749059876.31351030394783729,66647.2866642315
2024-10-24,2.073553431763930493,1347116211228.256969478203252538,68130.9948369374
2024-10-25,2.015882390039283956,1310184157590.395914947893422915,66261.5376861485
2024-10-26,2.038385405545456195,1325277793277.346362780398252182,67023.3399611338
2024-10-27,2.067245071448436549,1344626789947.332434953201130612,68000.1475008767
2024-10-28,2.120796591116090076,1381489809812.01297654059837765,69862.5205470485
2024-10-29,2.199387577615285368,1437215455136.483218403414196116,72678.7866201052
2024-10-30,2.189504887510189869,1432735109920.497702383928984328,72450.2843819404
2024-10-31,2.125316419355178538,1391573641948.634360249082654933,70367.0819576271
2024-11-01,2.096717117505965766,1374134861457.6079056594909455,69483.5830303916
2024-11-02,2.088469515715999859,1369381390768.179161904539855264,69241.6794865576
2024-11-03,2.072996077959186949,1359542591577.400874606337954992,68742.7546227352
2024-11-04,2.04217159133233107,1340516077446.815413240299663213,67779.0969795441
2024-11-05,2.093403567843823246,1375333854518.331807059563732842,69538.0241729982
2024-11-06,2.265383861200002953,1497164174352.86791290255358557,75696.0366192285
2024-11-07,2.268079148113374057,1502665235112.845695597610532992,75972.2955546464
2024-11-08,2.278456427818501842,1513284018479.047051067758794314,76507.4474012273
2024-11-09,2.285490807522989564,1519089160917.064500985379102872,76799.2527469316
2024-11-10,2.386299165227103937,1590532816418.822741583268376094,80409.2865666277
2024-11-11,2.614736204421691054,1757729564966.64095245435547016,88859.998448568
2024-11-12,2.574402718870184961,1741722501527.225804306433750202,88048.7488877849
2024-11-13,2.623762509498887197,1787666712260.76171521941464348,90369.3819693162
2024-11-14,2.516917131040332903,1725089533526.004232941876083998,87204.2569827586
2024-11-15,2.616628181848986426,1802971685081.547655525635136632,91139.0844427236
2024-11-16,2.596325157424581753,1791712543259.297880734473576557,90567.6957568673
2024-11-17,2.570045957525608901,1775241125510.35411638449540424,89732.9704292811
2024-11-18,2.586767436063492934,1792194846112.73124350249416005,90587.6965534775
2024-11-19,2.616096692148944049,1825214331192.410088810500209626,92254.1385800701
2024-11-20,2.654584051175958206,1862965160745.666180561977251182,94160.0406858562
2024-11-21,2.735703520509394885,1949777589238.29333553719772836,98545.5688798948
2024-11-22,2.726862460780694648,1957593180961.881265877849711136,98938.3495450029
2024-11-23,2.682475835762372928,1933272806307.216134968178486264,97707.0484590883
2024-11-24,2.684190145202476814,1938718690784.532102906163995248,97980.2082819988
2024-11-25,2.550936868826198984,1847012865185.424307081512710532,93343.0290745178
2024-11-26,2.504171774475636975,1818015620103.3586528246014573,91875.5699593805
2024-11-27,2.606953545179930799,1899452843747.871469599274740304,95989.0802273524
2024-11-28,2.593738763868711645,1894525715473.941265865681431974,95737.9402822911
2024-11-29,2.630994842256661878,1927431540403.987275505796018852,97398.9417399182
2024-11-30,2.60351027359181137,1908971954209.812117484963353337,96463.6248980129
2024-12-01,2.627590012401484859,1928927963341.320296540038433195,97469.6044529515
2024-12-02,2.572610271286453717,1894468683534.549877915609519534,95726.4417258913
2024-12-03,2.571458134452700156,1900144891598.981090528889606181,96010.8774228521
2024-12-04,2.637537468218781588,1957769580344.10773585657393944,98920.2528255406
2024-12-05,2.56243963652008851,1918815845330.072696629767026525,96949.6644117475
2024-12-06,2.619701356628036673,1978302063761.216030752468238245,99953.1056580947
2024-12-07,2.61724165370511054,1978833208148.320161429220263345,99977.7002282291
2024-12-08,2.635830347444720821,1995134647453.3622514600539734,100798.98356429
2024-12-09,2.528321562198401365,1927714706540.866730681914167108,97390.1988597311
2024-12-10,2.504255955643037936,1916781784711.179884766534623037,96835.5017387493
2024-12-11,2.607825988676538969,2005399870980.49512921547468026,101310.201899766
2024-12-12,2.572509026801070426,1981310308332.67213348772446632,100090.890479544
2024-12-13,2.596414392326984395,2005097135868.22599749825034422,101289.823976914
2024-12-14,2.595601122949838558,2006672700085.4915018237549216,101366.87166803
2024-12-15,2.671579602981782143,2069758175682.20817227859504806,104551.367141146
2024-12-16,2.690487024205536991,2095627894157.27973200120362914,105855.672229982
2024-12-17,2.682505348664302337,2100824937855.99547803021759216,106115.910582992
2024-12-18,2.533766928894002487,1989090947935.35958328876581114,100469.770656926
2024-12-19,2.449250681750823151,1934241071545.33037738440520814,97697.045779661
2024-12-20,2.438923701718572269,1932711114045.7791599624235546,97617.4422051432
2024-12-21,2.424795342221161123,1922372144875.560235397190976788,97093.0190832846
2024-12-22,2.368324682985830207,1883930144105.835402047322601952,95149.1058252484
2024-12-23,2.346603118128798222,1877074081164.958314424661441001,94800.7562060199
2024-12-24,2.432547289582645478,1953087683978.23618874908344696,98637.7330543542
2024-12-25,2.445757446100344644,1964968046631.850055153934527198,99235.3678869082
2024-12-26,2.354896363818782334,1893583393961.579417201080866726,95628.3030902981
2024-12-27,2.316536046291274185,1865743053845.587154358849764708,94219.9821461134
2024-12-28,2.337392190016146328,1883678618362.453629386260486506,95123.5811098773
2024-12-29,2.293980618606981728,1850733848828.889937428350050314,93457.5783202806
2024-12-30,2.264447243535570843,1832275661275.79161408367304276,92523.163085038
2024-12-31,2.280812444932291528,1849474353083.60665425471590366,93389.7326016949
2025-01-01,2.303040493308910261,1870627825779.77453082583089855,94455.7965718878
2025-01-02,2.357884147485793795,1918121414156.28890682672768732,96851.393682934
2025-01-03,2.386290557457015334,1943302993109.420046361079117625,98120.6846759205
2025-01-04,2.387516009710122325,1945514693256.951380033140034505,98230.0478571011
2025-01-05,2.390965860098841101,1949222053431.9248298981829254,98414.8120964348
2025-01-06,2.477062799747395937,2023829824177.7497357913562027,102179.560366745
2025-01-07,2.346702783421937568,1920785694384.26005019124414392,96974.9957857978
2025-01-08,2.298665904666953758,1882482074934.783354699281210024,95039.2809210988
2025-01-09,2.23382023883666713,1829182366534.086575203661709432,92346.1691589714
2025-01-10,2.290082536703304925,1877019861807.234525840228130644,94759.1196358854
2025-01-11,2.285501707170164149,1874037679375.315132664608800517,94606.5080099357
2025-01-12,2.278657758123868136,1869082071182.475411784725431297,94353.7752586207
2025-01-13,2.27798450896074448,1869554727226.954063172006187296,94375.7299102864
2025-01-14,2.328058056466541679,1913058643137.18394813037283456,96569.475726768
2025-01-15,2.409541082775434545,1984476850035.5467748495046084,100172.405985096
2025-01-16,2.398910829107540339,1980660186323.266557774501048678,99977.7298234951
2025-01-17,2.495913169030755981,2066270034307.74688728066945859,104296.588034191
2025-01-18,2.494678570568633668,2068324662803.76568828524832038,104398.156261251
2025-01-19,2.4106728700866625,2000148081999.32752044512871562,100954.572281999
2025-01-20,2.445056132753733475,2032578651970.36389052213066552,102588.998699006
2025-01-21,2.518858900509325224,2099964341470.981520585109048,105987.888705435
2025-01-22,2.459018475131256124,2056488045408.38340527556658545,103791.128861485
2025-01-23,2.455447281433524961,2064328780521.94584342585015795,104184.616743717
2025-01-24,2.465183210197283068,2074905969601.0721795557355804,104716.12488194
2025-01-25,2.467020452553876342,2077919319246.33311207758249281,104866.085348919
2025-01-26,2.418361700134124909,2037685117515.95293909487746704,102833.369273232
2025-01-27,2.393412498448326993,2019387256103.3849209403337103,101907.44629661
2025-01-28,2.373287118165896652,2004189620164.26106689121628088,101138.144066043
2025-01-29,2.436318963363576111,2059342337478.67263492514160536,103918.795458796
2025-01-30,2.457756213004062667,2080567196550.59173793057647952,104987.446410871
2025-01-31,2.3926271926371026,2026616849789.96009304521254557,102263.043670953
2025-02-01,2.353296238999732041,1993920956096.34964343784292099,100610.290439801
2025-02-02,2.278588298536273943,1930841758541.539048842167166688,97424.7809000584
2025-02-03,2.371727104993572222,2013289499842.96022171151713159,101582.408702221
2025-02-04,2.280750094282138818,1939319258389.166373076803959129,97848.1497592051
2025-02-05,2.246535583279113543,1913818765841.204536160158498704,96559.3327562829
2025-02-06,2.243314171452447903,1913505112568.935225916397174892,96541.3006811806
2025-02-07,2.238759964651922604,1910441627490.09670924119044994,96384.1109836353
2025-02-08,2.242988586954470274,1914834861591.33285238230030534,96603.318157218
2025-02-09,2.232532160927027085,1909058965339.104147616243107014,96309.7532405026
2025-02-10,2.256010513438301716,1930221128141.702465688898378512,97375.2253535944
2025-02-11,2.217840516606912503,1899157386552.563314298145976506,95806.2580385739
2025-02-12,2.261466528982128169,1937857410916.480853809464567204,97756.4976548802
2025-02-13,2.232651800908704483,1913685805334.970121016340212784,96534.7406332554
2025-02-14,2.251662324166739779,1931169458434.91590590498535242,97414.3589821742
2025-02-15,2.254483790385446017,1934566256851.84392399703579702,97583.2431767972
2025-02-16,2.221961475316798603,1906837582148.70319115182621718,96182.2661706604
2025-02-17,2.212551004856131002,1899111947271.796529306869060338,95790.5109985389
2025-02-18,2.203723432929997399,1892284519009.4753473859621664,95444.031886616
2025-02-19,2.230473215840309984,1916190866477.272038073167972276,96647.9132977791
2025-02-20,2.269163375900630946,1950814347183.520919061110119304,98392.2197247224
2025-02-21,2.214533783714276345,1904394119450.7418551414647458,96048.9937247224
2025-02-22,2.225972348171594809,1915474255560.69398817789188412,96605.7091057861
2025-02-23,2.213616967746432001,1905320016311.215180832090906245,96091.6329774985
2025-02-24,2.116419481382366215,1821643280725.783068546452919728,91869.6543430742
2025-02-25,2.045057192561317457,1760217123608.398309870320289488,88769.7356265342
2025-02-26,1.937156888282903736,1665439114292.4234847311429675,83987.89564173
2025-02-27,1.951252300853543923,1678120562077.084537619697071816,84625.4191364699
2025-02-28,1.942882196005279028,1670593691979.498377765702971284,84243.7779114553
2025-03-01,1.979772195615528118,1702372786377.574178688127173504,85844.3685628288
2025-03-02,2.172335278878689893,1870648329293.342574252657387989,94328.0094444769
2025-03-03,1.989048755735712404,1711798740468.562224859914626928,86315.9305511397
2025-03-04,2.011926611190172996,1731824260629.47797173659311997,87323.690650789
2025-03-05,2.085499742580572174,1797223681143.754154407524711934,90619.4090976038
2025-03-06,2.074588033844595892,1789391307662.15366818458535797,90222.0693275862
2025-03-07,1.990605455895190846,1716672116469.451425683292207472,86553.5921937464
2025-03-08,1.981702560001297277,1709126347862.43448530649439834,86171.2789362946
2025-03-09,1.855317446819110733,1599613333429.749251219528917734,80647.7964108709
2025-03-10,1.818307468056546206,1567086259002.035415299580781186,79005.9601291642
2025-03-11,1.90295578144509924,1641328790899.546869712222111408,82747.1601917008
2025-03-12,1.921883426993698179,1658883454607.837294275596574425,83630.1581101695
2025-03-13,1.864334615532672022,1608939764835.820470895589336703,81110.2890490941
2025-03-14,1.932035459333313374,1668398039427.719605077234428187,84105.8335517241
2025-03-15,1.937487326084763549,1673333414190.890935928598936789,84352.8773018703
2025-03-16,1.894746119450726994,1636458050090.930097089343486201,82492.1028287551
2025-03-17,1.929602895545638099,1666684786731.29774986350942054,84013.947518118
2025-03-18,1.898906023686149601,1640274370270.465568510147703819,82680.8065514319
2025-03-19,1.991193242134440787,1721523623549.894412596469588,86774.23507218
2025-03-20,1.929826803780835083,1669001917236.031478840187711042,84124.9712878434
2025-03-21,1.92816515401405505,1667937663818.345060256431215974,84069.4081800117
2025-03-22,1.922358831576438505,1663052904959.74247026178618274,83821.220305377
2025-03-23,1.966380986053731953,1701578513423.357765951745212331,85760.8814506137
2025-03-24,2.000879393940827191,1732605979469.871240298363934617,87322.5718568089
2025-03-25,2.002674104003381841,1734636202172.684550875673136053,87422.8426084161
2025-03-26,1.988511403215829579,1723046786084.842681239684849438,86836.6760955582
2025-03-27,1.996709094176897893,1730521029666.220886186817871964,87211.3240169492
2025-03-28,1.928282346209128212,1672972784327.985961512913095575,84309.0783550555
2025-03-29,1.887243366823397687,1637055024373.447841019702518718,82497.1792472238
2025-03-30,1.881216185430681072,1631519827648.833335670762927804,82216.4666765049
2025-03-31,1.887088049301775762,1636419456087.169110936695281035,82461.4496279953
2025-04-01,1.950076686214192219,1691331138973.104201512878023995,85226.7137936879
2025-04-02,1.888277350404659377,1638367660664.31280207609960526,82555.631296318
2025-04-03,1.894154261812803524,1645870317318.1457572709860227,82931.697399474
2025-04-04,1.912667344410258436,1662637424311.704664131624183248,83774.1797375804
2025-04-05,1.901683344733379474,1653312332259.283761694144977006,83302.1715756867
2025-04-06,1.780124063587887909,1547104104705.474138523977054246,77949.0884926943
2025-04-07,1.812816922674714439,1576370002657.11949405147038192,79421.8044105786
2025-04-08,1.743965574592691652,1515465474440.192260368828637088,76351.4295303916
2025-04-09,1.887230963523962167,1641918231600.728865112411184872,82720.6034891876
2025-04-10,1.814728121637845302,1579198604258.991969987021410932,79558.9558252484
2025-04-11,1.900527623742286401,1654683660675.437801039738843362,83359.8995157802
2025-04-12,1.943283346945552472,1692622392211.048335325804107279,85269.2495119813
2025-04-13,1.90392187724219926,1658915898888.832391753652658242,83568.9544360023
2025-04-14,1.926202323582070374,1679204714073.263201589057044697,84589.0324135009
2025-04-15,1.907137055165662142,1661025030688.434235187360830286,83671.3439713618
2025-04-16,1.917270805102697122,1670596611909.021675661172704041,84151.5357562829
2025-04-17,1.939657399230612796,1686301597345.889624685655892542,84940.5838538866
2025-04-18,1.927799316975244999,1676295756003.206548664530441344,84434.7727463472
2025-04-19,1.943457271715672214,1690030384115.31123901925839584,85124.721496201
2025-04-20,1.942637843239222344,1689606952070.201469541706599363,85101.7461545879
2025-04-21,1.992799568933931214,1734490932069.791037884705549424,87360.7198933372
2025-04-22,2.128263923066334694,1856340531375.447013962514168038,93495.6106890707
2025-04-23,2.126109863642249712,1860347455519.507002214215883911,93695.7404772063
2025-04-24,2.126194044694234036,1863449313964.008593043717169128,93849.8817790766
2025-04-25,2.139689228562994213,1881789547566.095363648463625904,94771.4128007014
2025-04-26,2.136845488242961927,1880301938025.934414081392094719,94694.5111014027
2025-04-27,2.116303078347161729,1862835334857.327359494400556,93812.876534775
2025-04-28,2.141459949747909601,1887760823772.77284333854380689,95066.0211867329
2025-04-29,2.116491594042042395,1868677522267.07796011213646373,94102.8403024547
2025-04-30,2.117664419217391827,1871375202601.877317720757607453,94236.7325143191
2025-05-01,2.163505690851974375,1914607731457.706278485379955655,96411.7422635885
2025-05-02,2.170025737113277572,1923202218396.042736405796599812,96842.1021057861
2025-05-03,2.148827641148181945,1905408123209.2988907718010091,95943.61135301
2025-05-04,2.11361604685298562,1874352427037.667821705994501536,94377.7899196376
2025-05-05,2.119831517001889742,1883856515330.359224867875546142,94853.7298594389
2025-05-06,2.156603019050858503,1920127894786.873256476593681463,96677.9245029223
2025-05-07,2.164177587122982085,1929298928069.273920301263792268,97137.3757086499
2025-05-08,2.29083456362519138,2047172109216.8798092067210617,103069.539295733
2025-05-09,2.283106895904384542,2044660177958.49787686459452895,102940.802949445
2025-05-10,2.317993015404475295,2077323776439.7466805565943626,104582.821806254
2025-05-11,2.303148479246489778,2065321653739.32534688074240076,103976.137798948
2025-05-12,2.2765475123584927,2044391264704.02917305233208833,102920.074689071
2025-05-13,2.297020936365346327,2068779473948.47753470763702976,104145.711825248
2025-05-14,2.281735209781492616,2057444005066.1278590990850962,103572.719642022
2025-05-15,2.27932990472500573,2060343191624.35091711281707978,103716.283947399
2025-05-16,2.272925986368771819,2057407136238.00707212120167672,103566.269191116
2025-05-17,2.263971398372874855,2049979253875.99117444547621556,103190.041364991
2025-05-18,2.324070467635383762,2106167418322.2624678728779083,106015.689848919
2025-05-19,2.309462953385517041,2098270093600.15549783349506746,105615.828960257
2025-05-20,2.332818760963520714,2123699654870.78812539240586996,106893.330247516
2025-05-21,2.387132485847717024,2179606908108.48861146720942367,109704.855619521
2025-05-22,2.419114869272547631,2214868273238.02211920156035744,111477.014787843
2025-05-23,2.32524418522926473,2131768550759.80099372845654465,107291.888969901
2025-05-24,2.337523063278790198,2144242874092.12700418873257544,107917.328289304
2025-05-25,2.357588378582445513,2164114864279.17080883427548015,108914.876558445
2025-05-26,2.361540962270687353,2173249806239.62607393101291426,109371.985172122
2025-05-27,2.348323015223998526,2167224726480.9917275000658469,109066.345636762
2025-05-28,2.31956576591405935,2144012560051.72788465642961632,107895.402399474
2025-05-29,2.269515917375291918,2101094699806.16483613212959152,105732.957892168
2025-05-30,2.230171038810086487,2066336686466.58418470437487143,103981.302957919
2025-05-31,2.245319517928255168,2080849592954.81284546141089255,104708.964150205
2025-06-01,2.266824485425617506,2101584910256.2339171214825445,105750.15972443
2025-06-02,2.263174032245519112,2104600694548.85836030617361852,105899.696926651
2025-06-03,2.24904985063019112,2096386510265.2191222391950208,105483.98555114
2025-06-04,2.230629538676051267,2082493313911.72864396652973986,104782.844900351
2025-06-05,2.164421975716303748,2020653959614.70009140060498575,101669.190496785
2025-06-06,2.22137725924850792,2075390350486.33785042070114436,104421.051549094
2025-06-07,2.246857184421021114,2100563796500.30638449928662784,105685.250402104
2025-06-08,2.246592676626514492,2101458848887.08837542713977538,105727.739632379
2025-06-09,2.338329141954838446,2190361714625.0599470372673027,110198.15871391
2025-06-10,2.331994320703792241,2187954364717.5595327582122816,110074.119081824
2025-06-11,2.299464902547621309,2159611107259.7515531226378927,108645.785558153
2025-06-12,2.241962047550486587,2107048260324.64958476875852126,105998.985830801
2025-06-13,2.239427243662891253,2107609876004.36349261961774704,106024.822087376
2025-06-14,2.227143824699811703,2096573162440.2551256711856696,105467.108742256
2025-06-15,2.227219971359887107,2097526247642.75727343472393436,105512.797437756
2025-06-16,2.258771912231857174,2131989041082.92034442559450268,107243.933345997
2025-06-17,2.203207202646305338,2080031247224.13086523301716585,104628.396527469
2025-06-18,2.205817253778939972,2083754349621.35226449667907032,104813.367028638
2025-06-19,2.202308074044105007,2081735354703.72706696338243315,104709.720767095
2025-06-20,2.171234090687198854,2053259566502.66908428807159446,103274.958839567
2025-06-21,2.134108804756883522,2018973708893.9510396298943504,101548.196381648
2025-06-22,2.119915228385861333,2006104828133.7440899461735928,100899.234151958
2025-06-23,2.213486983204212587,2097553036699.80818802132260796,105496.947495324
2025-06-24,2.220349702793955282,2106879290466.09029675133614574,105964.065136762
2025-06-25,2.245066406804322301,2133590293279.79365028145056935,107305.065199591
2025-06-26,2.234143825279254046,2127832022275.34008387581663833,107012.822824079
2025-06-27,2.230725787894608453,2129424160829.714034377156397,107090.95905114
2025-06-28,2.235596270499586526,2134775105838.69381723508541025,107357.617171245
2025-06-29,2.255148786868358906,2154782355944.39504526208566512,108360.901696376
2025-06-30,2.224449219216364947,2130813507683.6459682563878229,107153.101135885
2025-07-01,2.190371437932747979,2099304201259.45131654684167568,105566.356597896
2025-07-02,2.25729332779938759,2166189082105.5558355301818227,108927.13451841
2025-07-03,2.268221095554169357,2180261348919.55873051448260024,109632.159126826
2025-07-04,2.215345083660492919,2149474927394.76433245493919296,108081.395758621
2025-07-05,2.218074557692168692,2152777523697.9249418568309358,108244.788813852
2025-07-06,2.236333996776805018,2171431748655.07734754721584171,109180.005545587
2025-07-07,2.213700344882992658,2152974456003.66282197519964262,108249.401004091
2025-07-08,2.224147245286545607,2167088930706.0297173412055152,108956.631703098
2025-07-09,2.268230580456622043,2216077592572.9419580640770128,111416.806720047
2025-07-10,2.354601798397052438,2304791065533.21226278627709128,115873.903783752
2025-07-11,2.382122904596180097,2339549198318.0298656292927396,117618.605087084
2025-07-12,2.373411472492109899,2334904957865.96634776727903104,117382.372540912
2025-07-13,2.401709219849897306,2365138434871.77826562383943536,118899.737107832
2025-07-14,2.412508433231130451,2384514902802.18518503446982044,119871.096197838
2025-07-15,2.364195114922196109,2341603724126.4791539092895656,117710.89100789
2025-07-16,2.3688751245334459,2361929035400.30160661532393484,118730.187791642
2025-07-17,2.374985804949236059,2377326986317.60047629569859052,119501.663770894
2025-07-18,2.340384009446915077,2346681095678.70477829339453071,117958.511213033
2025-07-19,2.33641421413597109,2345738980388.4787582324262448,117908.52473232
2025-07-20,2.323370138320551378,2333800285213.43786363352128424,117305.680953828
2025-07-21,2.321843965422724528,2336377120095.04858547018336159,117432.435634717
2025-07-22,2.367095616147706511,2388869390105.6467290672852504,120068.00578872
2025-07-23,2.334400354595591836,2360720381637.46299413749811422,118650.587165693
2025-07-24,2.32579019692254258,2355332989715.15413718985839553,118377.081936879
2025-07-25,2.304027155259395131,2338341954061.057985234929252,117520.17335038
2025-07-26,2.31183050411578733,2347611467186.51158682711202591,117983.204598773
2025-07-27,2.338853962335245362,2376613162340.8374343027462734,119438.164235535
2025-07-28,2.3084821087206897,2348500100757.26124813919485323,118022.637320281
2025-07-29,2.301423716626582832,2345531346596.10990453765381406,117871.370895383
2025-07-30,2.295572761212482787,2342821207080.475113473108973,117732.643660725
2025-07-31,2.25767346584790015,2305380250657.82545258565867496,115848.339985096
2025-08-01,2.207088413692473673,2254366450229.66189666706175155,113282.144336061
2025-08-02,2.192314956363127675,2239761344385.45326411370964608,112545.673659264
2025-08-03,2.224097144294106232,2274006858315.07595357814632238,114263.693947691
2025-08-04,2.240631105189465857,2292700894182.60080132414452736,115199.933659264
2025-08-05,2.21789999595434943,2271085409335.2219863446599228,114111.36101841
2025-08-06,2.234972395493477614,2289513376946.04763384027474606,115034.678748977
2025-08-07,2.278130899553293764,2337542919612.13415043035902609,117444.913924313
2025-08-08,2.262148082461236692,2323576464429.93540972835755654,116740.687720923
2025-08-09,2.256992050146218565,2319060106526.33265553224563125,116511.655739375
2025-08-10,2.307419605120223967,2372404472102.3168357747774165,119189.198160275
2025-08-11,2.296376996154095057,2363558608736.0201506257585978,118742.043048644
2025-08-12,2.320647620011929115,2391721499773.6064233082987825,120154.32493507
2025-08-13,2.379739102823155113,2457237741182.5485304025933025,123442.67982225
2025-08-14,2.282416006210002104,2359113701739.52718986506909,118510.27128083
2025-08-15,2.25769289975178994,2335293822741.0724026235788276,117311.209947715
2025-08-16,2.253274150199190773,2338359865805.9936869634150685,117462.42684623
2025-08-17,2.255305000805130604,2341193300487.99219937346599792,117601.952231888
2025-08-18,2.229656237704237152,2315587399840.93800396837198014,116312.914397989
2025-08-19,2.162405961142789178,2247412798253.2151731665444384,112886.10147543
2025-08-20,2.187593393945847298,2275160487370.77129082797687696,114277.320860316
2025-08-21,2.150092222239415482,2236783852817.80760327796246438,112347.102298302
2025-08-22,2.230960318170926611,2325511927795.84103195824921512,116800.977035073
2025-08-23,2.201272176719621556,2295292829364.36650085639276972,115280.444723834
2025-08-24,2.167328504514983747,2260221423070.1266993957494741,113516.122474401
2025-08-25,2.101608862718138035,2192043056874.99209684148609696,110089.533314144
2025-08-26,2.134898566000887235,2228050864513.08414556431528297,111895.295495307
2025-08-27,2.121825120237447203,2215299879192.93012176746393563,111252.307236061
2025-08-28,2.142789122023942771,2239825028488.76787651122537985,112481.152904109
2025-08-29,2.058523970791205386,2160073624922.71430282409817898,108473.330441642
2025-08-30,2.063022252855390766,2165560101759.11202541048902816,108746.150824851
2025-08-31,2.054653984489100874,2157047700591.8175508179026559,108316.44689481
2025-09-01,2.066472278033613368,2170562178247.02794471753635155,108992.324614863
2025-09-02,2.106133166120609526,2213408214876.66145595291494368,111140.947159836
2025-09-03,2.117352868701102179,2226197825443.45371154150141552,111780.743587376
2025-09-04,2.098839967151200262,2208718286409.00622699752397599,110900.633412981
2025-09-05,2.090991089631539186,2204995555466.3299196927174012,110711.229484804
2025-09-06,2.081547548704114145,2195731190133.29955068378666952,110243.650741672
2025-09-07,2.100795508587897917,2216979188518.47917494812395436,111307.784421087
2025-09-08,2.114485395928852172,2233059460443.79812508946210868,112112.311575102
2025-09-09,2.1019000165432097,2220650635482.8476558555395796,111486.396779836
2025-09-10,2.145924375428193636,2269399173047.31066758540695323,113930.748423437
2025-09-11,2.171828406012249028,2299632025705.39343656686432816,115445.812932648
2025-09-12,2.183452405812582547,2313686238824.67970426684396032,116149.174031958
2025-09-13,2.178678922337634079,2310081098621.08568215097714304,115965.627551268
2025-09-14,2.167360117920092304,2298787740172.20391161845943344,115395.933423437
2025-09-15,2.165666508561501785,2299344522409.38549055804909056,115420.931814144
2025-09-16,2.188879724135061631,2326853447391.8337965115525804,116798.874620164
2025-09-17,2.181807025941311271,2322455565668.09423343042419706,116575.777628866
2025-09-18,2.188425256780357314,2331252233409.74995117159092858,117014.426762174
2025-09-19,2.158451596872666252,2303380117357.97517088593132905,115612.372541695
2025-09-20,2.160082452031499425,2306240531509.28336562540821398,115753.165960549
2025-09-21,2.15119924230539356,2297685720787.18657385011724826,115320.858829047
2025-09-22,2.103084329011381624,2246071879030.5260761557171664,112727.70773813
2025-09-23,2.088420752528868364,2232666827933.79436534537443624,112052.393282022
2025-09-24,2.109843805004124317,2258070460054.12221391431252736,113324.623592192
2025-09-25,2.031242470311527129,2175262082033.5329799569755228,109166.347974874
2025-09-26,2.039297742066763314,2185325262398.98119125136896903,109669.102166861
2025-09-27,2.038409725859388585,2184892732482.2580383090033055,109644.73069287
2025-09-28,2.084398213626927358,2235271817040.9640910369832541,112170.00778609
2025-09-29,2.122720877587773029,2278587184195.72777031952746532,114341.141435418
2025-09-30,2.112807213335253183,2271283160078.36383668438601572,113971.742796902
2025-10-01,2.186155026712076994,2359453334064.12780206808627516,118393.270386324
2025-10-02,2.221772196583207903,2402657193347.11669727417464789,120558.594007013
2025-10-03,2.249202943238195893,2438366592566.04967835801587965,122348.127640269
2025-10-04,2.247639041410610962,2439047951286.7919108583214727,122379.744317651
2025-10-05,2.266766621760194845,2461906048933.39135615600066748,123523.768313852
2025-10-06,2.287145426879909089,2487877501840.45938094513366485,124824.453666861
2025-10-07,2.219347428097427608,2423418149849.94999980972514176,121587.699236704
2025-10-08,2.248606081441407271,2459404708298.7583650356106702,123390.353094682
2025-10-09,2.212553431308937524,2423831591781.3974258520083064,121603.33278609
2025-10-10,2.070562788244426797,2267440411130.18640719191818524,113754.852328171
2025-10-11,2.019478996261418895,2211386055650.58090266853072032,110940.113648159
2025-10-12,2.095125745165171101,2295412681254.40174557383769511,115152.917045003
2025-10-13,2.097463177575280065,2299042274620.27148715254666917,115332.252929573
2025-10-14,2.056829337301677015,2259130837540.74180585902469486,113327.079410286
2025-10-15,2.005891025806165235,2210057728189.68758234986963386,110862.872485389
2025-10-16,1.957856817817029721,2155730124531.7385080167821571,108135.049605786
2025-10-17,1.929283031577620274,2125692786495.27633239812408904,106625.668651373
2025-10-18,1.938149518377999421,2136079787337.27434868382593734,107143.913935126
2025-10-19,1.965929731213063898,2167282843823.28185556789138234,108706.663763881
2025-10-20,2.000241242040893522,2205884225808.89887419083661088,110640.249515488
2025-10-21,1.96425526932419361,2167259172744.41199716665301808,108700.382071888
2025-10-22,1.94226939381305091,2146719730211.52460493006040052,107667.630188486
2025-10-23,1.983850582920295439,2194487262066.23715207854706105,110060.936797195
2025-10-24,2.000239970364218405,2213770533718.3887090052364274,111024.94314699
2025-10-25,2.010123020095332038,2225582464720.74890117144131562,111614.535857686
2025-10-26,2.061141989497095024,2284309527542.65459911146849221,114557.100460549
2025-10-27,2.050648698304158512,2275003395344.21076657521939365,114087.773805085
2025-10-28,2.026985285422002442,2252984353654.2141736964554585,112980.685846289
2025-10-29,1.974857071418471488,2197702746667.20831626870352438,110206.347983051
2025-10-30,1.932524832732004399,2154151737669.5390724748575296,108019.723841905
2025-10-31,1.959627406916377287,2184801299729.31657266554892787,109554.239627703
2025-11-01,1.966344070183569606,2193843993697.256705747004593,110005.295855348
2025-11-02,1.9727764696344197,2201553067373.58667418770289265,110389.168627119
2025-11-03,1.90208825321448168,2123952747606.45117815336660682,106495.802789889
2025-11-04,1.811685588621834272,2021361084102.2120953324908096,101349.73723232
2025-11-05,1.857055734420491882,2072586206255.736226804331077,103915.88479135
2025-11-06,1.809720163168965406,2019291779031.28152344196960682,101241.573677966
2025-11-07,1.842846505333191295,2062955975009.26117745957174564,103428.471746932
2025-11-08,1.822758385602604646,2041184690228.78568958900690688,102335.021439217
2025-11-09,1.864165176146262594,2088114606816.7803941423102696,104685.54544097
2025-11-10,1.887544360073252985,2116024994695.1907716753587998,106082.478156926
2025-11-11,1.831888197421843099,2054077570641.48515601383240016,102974.405611631
2025-11-12,1.808509903130079032,2028344694814.6988282058506567,101682.126652835
2025-11-13,1.780012643410584541,1995541058582.63632715251759804,100035.310145237
2025-11-14,1.684260697265532358,1885228171827.796759748859364356,94503.2576025716
2025-11-15,1.702509965261634598,1905978900419.695894581242692361,95541.3158389831
2025-11-16,1.678552581264202543,1878914593268.834506645496229896,94182.3130996493
2025-11-17,1.639286711443771614,1833647459773.580292695934060288,91911.4713471654
2025-11-18,1.654516965238705052,1852139344559.262156561071697009,92836.4419111631
2025-11-19,1.628739580213074072,1821934169118.560119083780837336,91320.4811332554
2025-11-20,1.551561997819494713,1734002173123.256035206369893834,86911.2980590298
2025-11-21,1.520247367252210785,1694872634959.580318740565502357,84948.0463205727
2025-11-22,1.506320225015678732,1691457951396.9480393323391888,84775.0015452952
2025-11-23,1.540812901640595729,1733345556623.2831723859226825,86872.4546630625
2025-11-24,1.567403592740589338,1763416908269.010305041193549786,88377.6024421391
2025-11-25,1.550709768072390865,1744631418276.29416771371067436,87434.550610754
2025-11-26,1.60191795961373538,1804832328647.090205020721350552,90449.2770675044
2025-11-27,1.618011024602580804,1822570878701.470374023958774816,91336.2000452952
2025-11-28,1.612404365357879284,1815707797825.454494817117257104,90990.1266104617
2025-11-29,1.609812435967487024,1812792296530.670127502471395018,90842.0738243717
2025-11-30,1.605936798624271017,1808162595802.939455056548358655,90607.7021513735
2025-12-01,1.533958697259218037,1726317990661.397090185455649736,86504.6368156049
2025-12-02,1.623386616483569194,1826602868895.496234108065536344,91528.0245809468
2025-12-03,1.659439770773658819,1868172884023.081489034258728053,93609.0938658679
2025-12-04,1.634686076820270397,1840201008281.702537626156493986,92205.5929544126
2025-12-05,1.584551095422328599,1781843133868.43847498486664686,89279.8344634717
2025-12-06,1.582597477652467208,1779687642907.62347165691112594,89169.5570610754
2025-12-07,1.598500461378138632,1797661174713.30929474506476388,90067.847399474
2025-12-08,1.609617738643143677,1809784214638.722763206151581288,90673.1444436003
2025-12-09,1.64698945121268091,1852449129111.150167139972818752,92808.8518477498
2025-12-10,1.632577087050128323,1838403661519.99158000421030748,92102.9300917592
2025-12-11,1.641645398724975683,1848845102345.162768622479384472,92623.7198708358
2025-12-12,1.602002659782639266,1803133614920.046033251559501559,90331.6083091759
2025-12-13,1.600407122792779431,1801450466366.03898945133185665,90245.267264173
2025-12-14,1.56259929379314562,1758590278128.857857311858313995,88096.3826142607
2025-12-15,1.533450783443856259,1723816451955.622160360697359133,86352.5802565751
2025-12-16,1.558300066009001642,1751801294180.254424960277296235,87752.4290336061
2025-12-17,1.529104503632706962,1718043516230.173241131830709377,86059.5522241379
2025-12-18,1.51839512120937372,1705597646267.562153623529989796,85434.1928673291
2025-12-19,1.56693934461553295,1760216458448.153777372305830672,88168.0738325541
2025-12-20,1.569933139591107187,1762740177172.65592744548293521,88292.4536373466
2025-12-21,1.574032913105105205,1767589418993.365793734374424624,88533.4309830508
2025-12-22,1.573037724446317484,1766450526025.611545546491590029,88474.4622331969
2025-12-23,1.553492672050859745,1744358815963.042175163712351032,87365.9937872589
2025-12-24,1.558626380619409761,1749587093886.608107572939224034,87625.6707895967
2025-12-25,1.551577942876588988,1741750562100.109667157441393396,87231.3047685564
2025-12-26,1.55479991226822753,1743859786142.681658736781356695,87334.8077808299
2025-12-27,1.561130488616241901,1751097507772.871193140261062612,87695.4159076564
2025-12-28,1.562371381365593766,1752183001305.312100247111763286,87747.6491548802
2025-12-29,1.551843732811980112,1739961546064.017378587101686086,87133.5103991818
2025-12-30,1.575194732866138022,1765853811641.812721148125457323,88428.4922735243
2025-12-31,1.559936864000081502,1747687897836.06821112864767688,87516.9780376972
2026-01-01,1.580566683878713845,1771039175878.283129760414816336,88684.2178474576
2026-01-02,1.602833534605485711,1796161433804.149483239948362079,89940.1801671537
2026-01-03,1.614442834571443502,1809344989019.29336175714399901,90598.1301832262
2026-01-04,1.627823371832260863,1824597050829.028918862046290755,91359.7636823495
2026-01-05,1.672965606192001107,1876338549946.975268597174408544,93948.5821794272
2026-01-06,1.665698184722737546,1868901153485.216699826811105637,93574.2871122151
2026-01-07,1.623473602551265525,1821701767682.828181842134361667,91208.9562606663
2026-01-08,1.62169483717787714,1819501586202.215265587512817789,91096.9161554647
2026-01-09,1.61240742980171578,1808410412088.442544364660118248,90539.6032288136
2026-01-10,1.610013212387903185,1805790474483.829390070531676925,90406.1424114553
2026-01-11,1.61585640170226006,1812038313400.789247021297433132,90717.2063153127
2026-01-12,1.623511736951167245,1820546852328.619480227425776536,91141.1498489188
2026-01-13,1.695645710218362588,1903750053001.0747921439009973,95304.4982942724
2026-01-14,1.725258285011507848,1938534838165.85529665072456052,97043.9927258913
2026-01-15,1.698251329285831995,1908655476071.211336864478424352,95546.1397381648
2026-01-16,1.696750116346635341,1907555425812.831366588599394864,95489.1299602572
2026-01-17,1.689559939774011307,1899965633236.06110955771193535,95106.980462595
2026-01-18,1.67439228016665098,1883113182009.902311776541988015,94261.3294313267
2026-01-19,1.643686879800847704,1848493706242.704085459504812675,92526.2419643483
2026-01-20,1.568922361489576793,1762830971003.290926715227333776,88236.5631922852
2026-01-21,1.593366434791271748,1790095954678.73010771854121618,89599.361874927
2026-01-22,1.590055742443400378,1786072008022.88667629437141313,89395.700735827
2026-01-23,1.597227656500747914,1786991652933.491619038478751944,89439.7718909994
2026-01-24,1.592705531232262332,1781929439365.0884902269313832,89185.0386990064
2026-01-25,1.544168167275462367,1727225660175.720315647794831164,86445.6705926359
2026-01-26,1.577978170566202727,1765058635213.335573072116404512,88337.4545511397
2026-01-27,1.594258404220791934,1783533524074.656576810076147803,89260.3805397429
2026-01-28,1.592968287196268319,1781913902166.206798392807339152,89177.7892507306
2026-01-29,1.510846374451050571,1688885620362.088306736490731329,84520.3973106371
2026-01-30,1.502794123367734197,1678861815455.312852185086684762,84017.0340292227
2026-01-31,1.409206961565977084,1572696333598.1347058543220038,78702.38550263
2026-02-01,1.377937528210173492,1536929030863.13218626409898636,76911.0523772648
2026-02-02,1.411272421681784931,1573038715100.273720882757221736,78716.6018088837
2026-02-03,1.359790639701243353,1512483032783.902764020693549088,75684.7660277616
2026-02-04,1.315930750700471022,1460765456261.42595863412838126,73095.1914646406
2026-02-05,1.149795147328867693,1268930112062.0478926050271709,63494.6884456458
2026-02-06,1.279488580391782923,1411913758763.476696686850614994,70647.6982188778
2026-02-07,1.254286499838438346,1382342675702.258759888701735316,69166.2594424313
2026-02-08,1.278752679408799173,1409487469971.348299562088069011,70522.5892393337
2026-02-09,1.274890122985871914,1403957309313.71977548442659064,70244.1017773232
2026-02-10,1.248103301241876232,1372902520801.78179597524119032,68688.793113384
2026-02-11,1.218238778849088581,1338975460058.470762021116564186,66989.7165920514
2026-02-12,1.205655751536307314,1323658033255.988773895847499689,66221.5443115137
2026-02-13,1.254381712792263234,1376445661511.021385666197105892,68860.8411633548
2026-02-14,1.271428434942343999,1395216132521.956875516268386571,69798.0791253653
2026-02-15,1.25035201564347092,1371908475474.983122803899249574,68629.9599760374
2026-02-16,1.25299188050397577,1374294450427.175969858315463926,68747.4380286383
2026-02-17,1.230359595565078076,1348813644678.033806539465378234,67471.0508465809
2026-02-18,1.211463714662580192,1327048320483.374637046958338483,66380.7069611339
2026-02-19,1.221844787848528018,1338109780371.293308274955801684,66932.3522118644
2026-02-20,1.241947410607623191,1359029636304.543609743182620782,67977.3092612507
2026-02-21,1.242772738890891497,1359921772015.443635057448753375,68020.6677612507
2026-02-22,1.234286313377275049,1350546919039.245186405314286552,67550.0240768556
2026-02-23,1.183184297247023484,1293393807330.471415665408011247,64689.9123308007
2026-02-24,1.174331993793702261,1282107185703.10868523086623909,64123.7510780245
2026-02-25,1.246122994172741683,1360413320036.062151777930317152,68038.5221794272
2026-02-26,1.236811391586416288,1350060432211.234939259199502521,67519.2645292227
2026-02-27,1.207325470552061755,1316994842741.929513605763880759,65864.1358170661
2026-02-28,1.227561261998226748,1339049943507.639113591507754791,66965.6353091759
2026-03-01,1.205248174799524999,1314443104307.392558258203355128,65733.5212597896
2026-03-02,1.263760682233651997,1378243428525.103486190661107004,68922.6242974869
2026-03-03,1.254890753252481821,1368444569419.451269027906103886,68431.1740306838
2026-03-04,1.332459933264621132,1453188795466.449163690705078289,72667.4630575687
2026-03-05,1.302099873489965357,1419628612459.788787809560605,70987.427176505
2026-03-06,1.252787494903745093,1364449969372.417498069165264104,68226.7053927528
2026-03-07,1.236301300128931018,1346255811100.957521518991263905,67315.5529135009
2026-03-08,1.216000425764657274,1324027346015.65629441587946268,66202.6978731736
2026-03-09,1.258828872642114119,1370572775964.72898268334794206,68528.5384699007
2026-03-10,1.283892198721693304,1397868664486.26238444730619104,69891.8238576856
2026-03-11,1.292630560496042243,1406034417657.671859851645727798,70298.5753530099
2026-03-12,1.297352966463531066,1410853709874.83424605341352136,70538.1074623027
2026-03-13,1.304541264897919925,1418719155332.773512682625649096,70930.0132793688
2026-03-14,1.308561126940238857,1422872048261.81340684951850954,71136.2179199299
2026-03-15,1.337286306516293248,1454422288833.392181511595716959,72712.1461957919
2026-03-16,1.373664782035470618,1494692667729.385994948826378825,74723.9575534775
2026-03-17,1.362039221724130213,1481961368873.2728853524697819,74086.013609585
2026-03-18,1.310827120703242271,1425341989865.848994578369656638,71253.9579275278
2026-03-19,1.287323353044124525,1399265405056.84483728251701092,69948.9048267095
2026-03-20,1.297913457955359212,1410527534715.377228828918847464,70510.4196797194
2026-03-21,1.283228639468927586,1394491267456.10996296986331199,69707.285009059
2026-03-22,1.251662159669346332,1360734697384.813903941821320095,68018.1534815897
2026-03-23,1.301409408329921882,1414946007675.063973167961717164,70726.2110461718
2026-03-24,1.300277748972673678,1412649050098.19387066071904289,70610.0187121566
2026-03-25,1.312918792312330166,1426112970560.199179943166939452,71281.2973921683
2026-03-26,1.266407225667918744,1374964415213.67797265119261886,68722.9718366452
2026-03-27,1.221391534843413818,1324801425739.397568014873360904,66214.1715134424
2026-03-28,1.224282130242580979,1327576595348.796665808813064855,66351.0725251315
2026-03-29,1.217346516021097581,1319916662240.19511179073313506,65966.7523939217
2026-03-30,1.230767788536540454,1333640616117.639059234630858504,66651.2320037989
2026-03-31,1.259461592624951898,1364956778916.212676801343902878,68214.8680388662
2026-04-01,1.257800435787088238,1363029290305.229858615636239853,68116.8167933957
2026-04-02,1.236157058152968281,1338877338009.638375304706270099,66908.3179918177
2026-04-03,1.236095290145613828,1338573239437.892750095873361895,66891.7422279369
2026-04-04,1.243587958303051475,1346670701697.704467372587568227,67295.1309137931
2026-04-05,1.273186006504800766,1379257017077.333913114876260492,68921.8060911748
2026-04-06,1.270093812424762186,1375704527882.762522079526678435,68742.9133085915
2026-04-07,1.330703341528385252,1442060623269.75755123066765401,72057.1243614845
2026-04-08,1.312922033874206474,1422639794430.003404358402808431,71085.0583702513
2026-04-09,1.325828946125455227,1436753818394.925547113642669304,71788.6797825833
2026-04-10,1.346842656266018729,1459925921077.712316982587428305,72945.0707241379
2026-04-11,1.349740683017782451,1463437238442.913573463389640526,73119.1091168907
2026-04-12,1.304967334797095608,1414761571255.027584933491895636,70685.3697019287
2026-04-13,1.377048239840282899,1493802476369.4460358448594384,74632.7455856224
2026-04-14,1.368752904018341818,1484648684480.573494688135335568,74173.5083603156
2026-04-15,1.379626388688391797,1496456364036.283560744488036,74761.964654588
2026-04-16,1.385625861215399589,1503173059357.57991229836699966,75095.7442159556
2026-04-17,1.422323515387898392,1543615604845.24013700591861312,77114.481438048
2026-04-18,1.398004736839902213,1517180750333.28956653381093468,75792.0637510228
2026-04-19,1.363465675295210693,1479446701514.391978559631512842,73905.2041016949
2026-04-20,1.398730554650119404,1517691004761.613755864552762899,75814.1453237873
2026-04-21,1.404039174989212456,1523594519498.587403754147461349,76107.4432977791
2026-04-22,1.445181688088130365,1567874544724.637551826861704539,78317.7422720631
2026-04-23,1.443518010298724995,1566221325283.502780486463216072,78233.6837492694
2026-04-24,1.431305408695868633,1550453479308.58857714359183322,77444.269277031
2026-04-25,1.434574147564593222,1554099937821.241282444477942062,77624.7114821742
2026-04-26,1.451239910737168666,1572436652794.886869544557484082,78538.7733573933
2026-04-27,1.427496644438278874,1546793319768.87794737533919864,77256.297159848
2026-04-28,1.409896812228441536,1527590404144.00694909590961278,76295.531117183
2026-04-29,1.401295058848076788,1517599040135.242628512850664227,75795.0098530099
2026-04-30,1.410908716177076356,1527735856798.695544381134725796,76299.6161285798
2026-05-01,1.444110941062606203,1564476874719.711567398642948472,78132.6437852133
2026-05-02,1.454678771992814357,1576121764068.980210662921839552,78712.5387317358
2026-05-03,1.453212899139303528,1574890307386.789309441070022415,78649.1732893045
2026-05-04,1.473413962523283872,1598494701633.08871508597466978,79826.107817066
2026-05-05,1.493264882736319985,1620773025572.615538027553611852,80936.7548252484
2026-05-06,1.500728934715564584,1629376956264.482174319909492436,81364.6201285798
2026-05-07,1.475407732707148625,1601864780211.274396511647782849,79988.9987343659
2026-05-08,1.478806937707672454,1605720454154.295811332522408915,80179.6922957335
2026-05-09,1.487556461969192842,1615455141384.508255863697984469,80663.6296519579
2026-05-10,1.516576299979984875,1647399835510.1553905070395481,82256.781137931
2026-05-11,1.506279731410384391,1636586267659.331362831202462484,81714.7420499708
2026-05-12,1.484343417679068369,1612803060535.83536033691982593,80525.563024547
2026-05-13,1.461697921959849683,1588129352111.742322738591222592,79291.9110017534
2026-05-14,1.496291810555882964,1625900414724.60412159988441598,81175.8271116306
2026-05-15,1.457648207597749705,1583625954865.042500584779632508,79063.4145756868
2026-05-16,1.441120732074192594,1565657646957.87291689797259196,78164.4952711864
2026-05-17,1.428878571951693625,1552335390540.52008122359260088,77497.697113384
2026-05-18,1.419569255459985016,1541917315110.888727505717951166,76975.9111998831
2026-05-19,1.417036826307527267,1538577143495.5375631549934075,76807.460956166
2026-05-20,1.428247432039944376,1550647126229.188660743140455696,77408.1722089421
2026-05-21,1.431839863663851524,1554428208011.918425127027901892,77595.3861717446
2026-05-22,1.39519779572178037,1513842315397.030067386879774016,75567.5430431093
2026-05-23,1.414564660605659749,1534962749402.78215297969671618,76619.8666090415
2026-05-24,1.42069214819065929,1541627798460.40414677015681628,76950.9896316365
2026-05-25,1.425980680386381003,1547549230891.979512134208516788,77244.5722896786
2026-05-26,1.40007607102657649,1518962391243.481183355294831625,75816.0412797019
2026-05-27,1.372069898974952594,1487995661586.57252854213521895,74268.7756418995
2026-05-28,1.359302863594601974,1472640865932.4536647160739144,73500.5305338925
2026-05-29,1.357030041234058887,1469113880052.40878457622217888,73322.8951406751
2026-05-30,1.364802034577215145,1477333118477.007010208840474656,73731.4811337376
2026-05-31,1.362399461307008605,1474722993333.14150293433108202,73599.5607413209
2026-06-01,1.321374781897173082,1429252208777.493792232221095306,71328.7312172998
2026-06-02,1.236014994910390095,1333334574845.520533584774811026,66540.6926785798
2026-06-03,1.195632053440426534,1287106568324.686008038183701592,64232.5802701052
2026-06-04,1.185893287874848421,1275245535217.732329904337681074,63639.2504696786
2026-06-05,1.136797041094218514,1220532716918.294719885761816924,60907.6055536879
2026-06-06,1.134645827440571164,1217830685900.833785540321791,60771.611314325
2026-06-07,1.178976675309288158,1265680824489.3382705890442605,63158.25397737
2026-06-08,1.17851325983647987,1264731188110.39747990096075701,63109.6166975745
2026-06-09,1.151756616739635859,1235312840780.62880795301479064,61640.4602024664
2026-06-10,1.14883584470393795,1231221031281.301618809480513396,61435.0773408358
2026-06-11,1.187544970760875101,1272136317475.422581053172318515,63475.3191592987
2026-06-12,1.187785521246668894,1272171858771.694504617952827552,63475.6376139684
2026-06-13,1.205481911068105974,1291194670976.371584422422200652,64423.5445433314
2026-06-14,1.227631547666529724,1315110636985.601046554950099798,65615.3266107481
2026-06-15,1.239354616703815531,1327312830793.695432710452662135,66222.5866309585
2026-06-16,1.228732676085615156,1315631970870.501120745330013438,65638.1446884863
2026-06-17,1.205907276289851683,1290856056678.5248530407686284,64400.725126242
2026-06-18,1.177225383776006809,1259509328523.997946514797795376,62835.2224827586
2026-06-19,1.186374409712871999,1269001391949.415716958806120352,63307.2784012274
2026-06-20,1.203461027144566386,1287338856151.9698998157725563,64220.5363933372
2026-06-21,1.186796520860484124,1270224412296.271698134596550026,63365.4368950906
2026-06-22,1.197421605598320775,1281444016484.453565120542408428,63923.5748693746
2026-06-23,1.173197665183300212,1254811480199.299684432094545,62593.34893045
2026-06-24,1.142325325044979809,1221058486497.942977672568242388,60908.1877729398
2026-06-25,1.124079576294929975,1200145302830.993583870302843565,59863.4211537113
2026-06-26,1.127046938441016787,1202140865082.822192063085180626,59961.5113755114
2026-06-27,1.127011418515148159,1202053146049.660237695302721957,59955.5660201637
2026-06-28,1.118931820253925698,1193277756338.609923119282281852,59516.6736531268
2026-06-29,1.132283845718637403,1206509590693.48922626116045188,60175.460563121
2026-06-30,1.102780568200886763,1173446848343.179954622602357065,58525.0753614845
2026-07-01,1.132110872036322331,1204361709793.517561023163772632,60065.5999105786
2026-07-02,1.158185562495804863,1231908341575.83254931605571576,61438.1894114553
2026-07-03,1.179298708831683854,1254524011767.273644908337344665,62564.6141320865
2026-07-04,1.189157218935094333,1265097436323.031629081164969348,63090.4092688486
2026-07-05,1.199064763645006313,1275739924003.046797680419131606,63619.8810414962
2026-07-06,1.207395461812444448,1284650033900.036753211089912885,64063.0612583285
2026-07-07,1.196288648174336025,1272546981565.540534453197739829,63458.1205143191
2026-07-08,1.173170745233848663,1247624924474.591214114413759634,62214.0424511981
2026-07-09,1.191659572443617123,1267208913265.610246155053328365,63189.3864307423
2026-07-10,1.209740085039800304,1285869945086.504819299224259276,64118.6200949737
2026-07-11,1.205498450094525462,1281367147363.528006486747624338,63892.7086899474
2026-07-12,1.202836434530210917,1278579373662.195327025939831598,63752.2716569258
2026-07-13,1.174318418220533999,1246003008738.04752115748303937,62126.5323722969
2026-07-14,1.227626773164521771,1302349402108.099266481488883222,64934.4426034483
2026-07-15,1.224568215372696308,1298980442301.286619046946549248,64765.0553211572
2026-07-16,1.206420895907576759,1279250334168.872179178036136645,63780.1417434249
2026-07-17,1.20912709966866849,1281998993789.782636863741317086,63915.9181496201
2026-07-18,1.225397192666522099,1299317093110.11725162266617021,64777.6617481005
2026-07-19,1.222993031235803428,1296850949302.723147399041186387,64653.0497457627
2026-07-20,1.232747388312375434,1307489179295.059106511848096344,65181.9241548802
2026-07-21,1.255379142347312554,1332013403971.494422510478186736,66403.0964649328
2026-07-22,1.247604270212369309,1323613920578.046933907364386704,65983.1860485096
2026-07-23,1.230958318826041024,1305812050750.53172472295141252,65094.4103909994
2026-07-24,1.212571621545137281,1285897036312.13873239512725658,64100.1140327294
2026-07-25,1.216416341558775665,1290563096381.072380858217011128,64331.3274596727
2026-07-26,1.235215660677629527,1310603172319.878792727578900435,65328.7891218585
2026-07-27,1.205201344423760715,1278320455504.522485428375804256,63718.2437025132
2026-07-28,1.205490199335648179,1278550511268.891788748403497846,63728.4501987142
2026-07-29,1.208854436429852679,1282113962604.08234144857880983,63904.6444991233
2026-07-30,1.226279963554553827,1300661544884.788075833890919848,64827.5701659848
2026-07-31,1.189970381191086102,1261520784545.869221589801011712,62875.1789333723
2026-08-01,1.188728646019947622,1259079071351.022880772526691748,62751.8791487434
2026-08-02,1.201895276659115266,1273028382171.418669882105427335,63445.6829658095
2026-08-03,1.202801204686642675,1273346363617.167523590440547882,63460.0481116306
2026-08-04,1.21621443137356142,1287448909177.39337035991202835,64161.470880187
2026-08-05,1.225105983240153169,1296483828380.648164503416729232,64610.3074430158
2026-08-06,1.217578013626705301,1288522357554.101155954236521458,64212.2673161894
2026-08-07,1.230203869945236391,1301736162817.654666646078453846,64869.1683985973
2026-08-08,1.230809722123391248,1302523472123.269865516915958186,64906.9568167738
2026-08-09,1.23011357466144887,1301709029077.309153631231512185,64864.9272893045
2026-08-10,1.21221435616935527,1282528117378.056221975362819968,63907.7478731736
2026-08-11,1.205667143462434842,1275322853481.535427281564402378,63547.4365920514
2026-08-12,1.202557884236982369,1271577034025.600855217775036902,63359.3968950906
2026-08-13,1.203434943276686953,1272320647119.499346772193466756,63395.0080067212
2026-08-14,1.194702960097774507,1262911020666.652789166277665658,62924.7014248977
2026-08-15,1.196810631016528477,1265141916548.074983878715057096,63034.4329655173
2026-08-16,1.193031493800086394,1260837825457.571819218536243365,62818.4112106955
2026-08-17,1.223669994665651365,1293299170683.420356266768670038,64434.1397083577
2026-08-18,1.228933725106216254,1298588902729.29214086483228202,64696.1814053185
2026-08-19,1.315336680281195286,1390378100868.326186597809476753,69267.8268869083
2026-08-20,1.386071625027332987,1466744889247.884361920780211036,73070.9310248627
2026-08-21,1.483722221375724402,1572928699609.4886537206383584,78359.170712256
2026-08-22,1.457789242610116096,1546085345087.560678114102604964,77020.1308082058
2026-08-23,1.468270768531389904,1557618536265.254449053113497224,77593.0280291116
2026-08-24,1.490624130060475475,1583779523411.536844380838503614,78894.4979810754
2026-08-25,1.484141488925958997,1577930627368.682741607276620172,78601.4032035769
2026-08-26,1.489768033817081487,1585067511435.800141443286988166,78955.0443928229
2026-08-27,1.514130238816194911,1612052623865.522888954707552501,80297.3961619871
2026-08-28,1.465137108320893492,1560272334888.395400479741715804,77716.5892479486
2026-08-29,1.474997033379146334,1570895199827.698591050684063984,78243.9320870076
2026-08-30,1.464432979869225742,1559797286369.173074371117017659,77689.1906069491
2026-08-31,1.479640956492489684,1576793946886.396368699289423774,78533.8892895967
2026-09-01,1.458291528064497333,1554216827150.678775135790419132,77407.7011547107
2026-09-02,1.454004726441035645,1549852709768.418233940462467568,77188.7006046172
2026-09-03,1.529084095903799471,1631303497729.189430843292699316,81243.2439279778
2026-09-04,1.499477260228351857,1599981572367.615035597114902134,79681.5555543542
2026-09-05,1.501487387152957333,1602744671894.318340804405078912,79817.3237329047
2026-09-06,1.510496045367411941,1612879367590.62658966079994192,80319.9731380596
2026-09-07,1.486935906918573925,1587874072538.340719004516404508,79073.0209832028
2026-09-08,1.474939712377904829,1575309040880.376951194972046501,78445.6833851549
2026-09-09,1.470283096022392008,1570564994172.225977821040550617,78207.4846148861
2026-09-10,1.441273877895907411,1539837241862.03064335086201464,76675.7738575336
2026-09-11,1.450646104253557987,1549938259884.99533639509787946,77176.8177780772
2026-09-12,1.451919484146061062,1551494286917.614816613685204425,77252.4105082525
2026-09-13,1.442596968843287156,1541626319340.572018268543057019,76759.2585653887
2026-09-14,1.470872089762808878,1572181200102.698955010662694576,78278.7924649912
2026-09-15,1.421741711415347312,1519430673477.394099401763031406,75650.4287918118
2026-09-16,1.429928640799474409,1528138641304.683434819172987033,76082.3769918527
2026-09-17,1.435849433216295172,1534289255564.704520800167829696,76386.9018813968
2026-09-18,1.520148108509720923,1625863616660.61927381602884806,80944.1551838106
2026-09-19,1.525664629301577927,1632287115291.476715055739714986,81262.3455507422
